--
-- PostgreSQL database dump
--

-- Dumped from database version 12.9 (Ubuntu 12.9-0ubuntu0.20.04.1)
-- Dumped by pg_dump version 12.8 (Ubuntu 12.8-0ubuntu0.20.04.1)

SET statement_timeout = 0;
SET lock_timeout = 0;
SET idle_in_transaction_session_timeout = 0;
SET client_encoding = 'UTF8';
SET standard_conforming_strings = on;
SELECT pg_catalog.set_config('search_path', '', false);
SET check_function_bodies = false;
SET xmloption = content;
SET client_min_messages = warning;
SET row_security = off;

ALTER TABLE ONLY public.socialaccount_socialaccount DROP CONSTRAINT socialaccount_socialaccount_user_id_8146e70c_fk_auth_user_id;
ALTER TABLE ONLY public.socialaccount_socialapp_sites DROP CONSTRAINT socialaccount_social_socialapp_id_97fb6e7d_fk_socialacc;
ALTER TABLE ONLY public.socialaccount_socialapp_sites DROP CONSTRAINT socialaccount_social_site_id_2579dee5_fk_django_si;
ALTER TABLE ONLY public.socialaccount_socialtoken DROP CONSTRAINT socialaccount_social_app_id_636a42d7_fk_socialacc;
ALTER TABLE ONLY public.socialaccount_socialtoken DROP CONSTRAINT socialaccount_social_account_id_951f210e_fk_socialacc;
ALTER TABLE ONLY public.django_admin_log DROP CONSTRAINT django_admin_log_user_id_c564eba6_fk_auth_user_id;
ALTER TABLE ONLY public.django_admin_log DROP CONSTRAINT django_admin_log_content_type_id_c4bce8eb_fk_django_co;
ALTER TABLE ONLY public.backend_profile DROP CONSTRAINT backend_profile_user_id_8fc3ddb6_fk_auth_user_id;
ALTER TABLE ONLY public.backend_metadata DROP CONSTRAINT backend_metadata_type_id_bd3285ef_fk_backend_metadatatype_id;
ALTER TABLE ONLY public.backend_copyrightpermission DROP CONSTRAINT backend_copyrightpermission_user_id_1a269afb_fk_auth_user_id;
ALTER TABLE ONLY public.backend_copyrightpermission DROP CONSTRAINT backend_copyrightper_organization_id_e25f20b9_fk_backend_o;
ALTER TABLE ONLY public.backend_content DROP CONSTRAINT backend_content_reviewed_by_id_6865861f_fk_auth_user_id;
ALTER TABLE ONLY public.backend_content_metadata DROP CONSTRAINT backend_content_meta_metadata_id_7592ff56_fk_backend_m;
ALTER TABLE ONLY public.backend_content_metadata DROP CONSTRAINT backend_content_meta_content_id_399af063_fk_backend_c;
ALTER TABLE ONLY public.backend_content DROP CONSTRAINT backend_content_created_by_id_5a693622_fk_auth_user_id;
ALTER TABLE ONLY public.backend_content DROP CONSTRAINT backend_content_copyright_id_19c5dc11_fk_backend_c;
ALTER TABLE ONLY public.auth_user_user_permissions DROP CONSTRAINT auth_user_user_permissions_user_id_a95ead1b_fk_auth_user_id;
ALTER TABLE ONLY public.auth_user_user_permissions DROP CONSTRAINT auth_user_user_permi_permission_id_1fbb5f2c_fk_auth_perm;
ALTER TABLE ONLY public.auth_user_groups DROP CONSTRAINT auth_user_groups_user_id_6a12ed8b_fk_auth_user_id;
ALTER TABLE ONLY public.auth_user_groups DROP CONSTRAINT auth_user_groups_group_id_97559544_fk_auth_group_id;
ALTER TABLE ONLY public.auth_permission DROP CONSTRAINT auth_permission_content_type_id_2f476e4b_fk_django_co;
ALTER TABLE ONLY public.auth_group_permissions DROP CONSTRAINT auth_group_permissions_group_id_b120cbf9_fk_auth_group_id;
ALTER TABLE ONLY public.auth_group_permissions DROP CONSTRAINT auth_group_permissio_permission_id_84c5c92e_fk_auth_perm;
ALTER TABLE ONLY public.account_emailconfirmation DROP CONSTRAINT account_emailconfirm_email_address_id_5b7f8c58_fk_account_e;
ALTER TABLE ONLY public.account_emailaddress DROP CONSTRAINT account_emailaddress_user_id_2c513194_fk_auth_user_id;
DROP INDEX public.socialaccount_socialtoken_app_id_636a42d7;
DROP INDEX public.socialaccount_socialtoken_account_id_951f210e;
DROP INDEX public.socialaccount_socialapp_sites_socialapp_id_97fb6e7d;
DROP INDEX public.socialaccount_socialapp_sites_site_id_2579dee5;
DROP INDEX public.socialaccount_socialaccount_user_id_8146e70c;
DROP INDEX public.django_site_domain_a2e37b91_like;
DROP INDEX public.django_session_session_key_c0390e0f_like;
DROP INDEX public.django_session_expire_date_a5c62663;
DROP INDEX public.django_admin_log_user_id_c564eba6;
DROP INDEX public.django_admin_log_content_type_id_c4bce8eb;
DROP INDEX public.backend_metadatatype_name_14f3d792_like;
DROP INDEX public.backend_metadata_type_id_bd3285ef;
DROP INDEX public.backend_copyrightpermission_user_id_1a269afb;
DROP INDEX public.backend_copyrightpermission_organization_id_e25f20b9;
DROP INDEX public.backend_content_reviewed_by_id_6865861f;
DROP INDEX public.backend_content_metadata_metadata_id_7592ff56;
DROP INDEX public.backend_content_metadata_content_id_399af063;
DROP INDEX public.backend_content_created_by_id_5a693622;
DROP INDEX public.backend_content_copyright_id_19c5dc11;
DROP INDEX public.auth_user_username_6821ab7c_like;
DROP INDEX public.auth_user_user_permissions_user_id_a95ead1b;
DROP INDEX public.auth_user_user_permissions_permission_id_1fbb5f2c;
DROP INDEX public.auth_user_groups_user_id_6a12ed8b;
DROP INDEX public.auth_user_groups_group_id_97559544;
DROP INDEX public.auth_permission_content_type_id_2f476e4b;
DROP INDEX public.auth_group_permissions_permission_id_84c5c92e;
DROP INDEX public.auth_group_permissions_group_id_b120cbf9;
DROP INDEX public.auth_group_name_a6ea08ec_like;
DROP INDEX public.account_emailconfirmation_key_f43612bd_like;
DROP INDEX public.account_emailconfirmation_email_address_id_5b7f8c58;
DROP INDEX public.account_emailaddress_user_id_2c513194;
DROP INDEX public.account_emailaddress_email_03be32b2_like;
ALTER TABLE ONLY public.socialaccount_socialtoken DROP CONSTRAINT socialaccount_socialtoken_pkey;
ALTER TABLE ONLY public.socialaccount_socialtoken DROP CONSTRAINT socialaccount_socialtoken_app_id_account_id_fca4e0ac_uniq;
ALTER TABLE ONLY public.socialaccount_socialapp_sites DROP CONSTRAINT socialaccount_socialapp_sites_pkey;
ALTER TABLE ONLY public.socialaccount_socialapp DROP CONSTRAINT socialaccount_socialapp_pkey;
ALTER TABLE ONLY public.socialaccount_socialapp_sites DROP CONSTRAINT socialaccount_socialapp__socialapp_id_site_id_71a9a768_uniq;
ALTER TABLE ONLY public.socialaccount_socialaccount DROP CONSTRAINT socialaccount_socialaccount_provider_uid_fc810c6e_uniq;
ALTER TABLE ONLY public.socialaccount_socialaccount DROP CONSTRAINT socialaccount_socialaccount_pkey;
ALTER TABLE ONLY public.django_site DROP CONSTRAINT django_site_pkey;
ALTER TABLE ONLY public.django_site DROP CONSTRAINT django_site_domain_a2e37b91_uniq;
ALTER TABLE ONLY public.django_session DROP CONSTRAINT django_session_pkey;
ALTER TABLE ONLY public.django_migrations DROP CONSTRAINT django_migrations_pkey;
ALTER TABLE ONLY public.django_content_type DROP CONSTRAINT django_content_type_pkey;
ALTER TABLE ONLY public.django_content_type DROP CONSTRAINT django_content_type_app_label_model_76bd3d3b_uniq;
ALTER TABLE ONLY public.django_admin_log DROP CONSTRAINT django_admin_log_pkey;
ALTER TABLE ONLY public.backend_profile DROP CONSTRAINT backend_profile_user_id_key;
ALTER TABLE ONLY public.backend_profile DROP CONSTRAINT backend_profile_pkey;
ALTER TABLE ONLY public.backend_organization DROP CONSTRAINT backend_organization_pkey;
ALTER TABLE ONLY public.backend_metadatatype DROP CONSTRAINT backend_metadatatype_pkey;
ALTER TABLE ONLY public.backend_metadatatype DROP CONSTRAINT backend_metadatatype_name_key;
ALTER TABLE ONLY public.backend_metadata DROP CONSTRAINT backend_metadata_pkey;
ALTER TABLE ONLY public.backend_copyrightpermission DROP CONSTRAINT backend_copyrightpermission_pkey;
ALTER TABLE ONLY public.backend_content DROP CONSTRAINT backend_content_pkey;
ALTER TABLE ONLY public.backend_content_metadata DROP CONSTRAINT backend_content_metadata_pkey;
ALTER TABLE ONLY public.backend_content_metadata DROP CONSTRAINT backend_content_metadata_content_id_metadata_id_921c561c_uniq;
ALTER TABLE ONLY public.auth_user DROP CONSTRAINT auth_user_username_key;
ALTER TABLE ONLY public.auth_user_user_permissions DROP CONSTRAINT auth_user_user_permissions_user_id_permission_id_14a6b632_uniq;
ALTER TABLE ONLY public.auth_user_user_permissions DROP CONSTRAINT auth_user_user_permissions_pkey;
ALTER TABLE ONLY public.auth_user DROP CONSTRAINT auth_user_pkey;
ALTER TABLE ONLY public.auth_user_groups DROP CONSTRAINT auth_user_groups_user_id_group_id_94350c0c_uniq;
ALTER TABLE ONLY public.auth_user_groups DROP CONSTRAINT auth_user_groups_pkey;
ALTER TABLE ONLY public.auth_permission DROP CONSTRAINT auth_permission_pkey;
ALTER TABLE ONLY public.auth_permission DROP CONSTRAINT auth_permission_content_type_id_codename_01ab375a_uniq;
ALTER TABLE ONLY public.auth_group DROP CONSTRAINT auth_group_pkey;
ALTER TABLE ONLY public.auth_group_permissions DROP CONSTRAINT auth_group_permissions_pkey;
ALTER TABLE ONLY public.auth_group_permissions DROP CONSTRAINT auth_group_permissions_group_id_permission_id_0cd325b0_uniq;
ALTER TABLE ONLY public.auth_group DROP CONSTRAINT auth_group_name_key;
ALTER TABLE ONLY public.account_emailconfirmation DROP CONSTRAINT account_emailconfirmation_pkey;
ALTER TABLE ONLY public.account_emailconfirmation DROP CONSTRAINT account_emailconfirmation_key_key;
ALTER TABLE ONLY public.account_emailaddress DROP CONSTRAINT account_emailaddress_pkey;
ALTER TABLE ONLY public.account_emailaddress DROP CONSTRAINT account_emailaddress_email_key;
ALTER TABLE public.socialaccount_socialtoken ALTER COLUMN id DROP DEFAULT;
ALTER TABLE public.socialaccount_socialapp_sites ALTER COLUMN id DROP DEFAULT;
ALTER TABLE public.socialaccount_socialapp ALTER COLUMN id DROP DEFAULT;
ALTER TABLE public.socialaccount_socialaccount ALTER COLUMN id DROP DEFAULT;
ALTER TABLE public.django_site ALTER COLUMN id DROP DEFAULT;
ALTER TABLE public.django_migrations ALTER COLUMN id DROP DEFAULT;
ALTER TABLE public.django_content_type ALTER COLUMN id DROP DEFAULT;
ALTER TABLE public.django_admin_log ALTER COLUMN id DROP DEFAULT;
ALTER TABLE public.backend_profile ALTER COLUMN id DROP DEFAULT;
ALTER TABLE public.backend_organization ALTER COLUMN id DROP DEFAULT;
ALTER TABLE public.backend_metadatatype ALTER COLUMN id DROP DEFAULT;
ALTER TABLE public.backend_metadata ALTER COLUMN id DROP DEFAULT;
ALTER TABLE public.backend_copyrightpermission ALTER COLUMN id DROP DEFAULT;
ALTER TABLE public.backend_content_metadata ALTER COLUMN id DROP DEFAULT;
ALTER TABLE public.backend_content ALTER COLUMN id DROP DEFAULT;
ALTER TABLE public.auth_user_user_permissions ALTER COLUMN id DROP DEFAULT;
ALTER TABLE public.auth_user_groups ALTER COLUMN id DROP DEFAULT;
ALTER TABLE public.auth_user ALTER COLUMN id DROP DEFAULT;
ALTER TABLE public.auth_permission ALTER COLUMN id DROP DEFAULT;
ALTER TABLE public.auth_group_permissions ALTER COLUMN id DROP DEFAULT;
ALTER TABLE public.auth_group ALTER COLUMN id DROP DEFAULT;
ALTER TABLE public.account_emailconfirmation ALTER COLUMN id DROP DEFAULT;
ALTER TABLE public.account_emailaddress ALTER COLUMN id DROP DEFAULT;
DROP SEQUENCE public.socialaccount_socialtoken_id_seq;
DROP TABLE public.socialaccount_socialtoken;
DROP SEQUENCE public.socialaccount_socialapp_sites_id_seq;
DROP TABLE public.socialaccount_socialapp_sites;
DROP SEQUENCE public.socialaccount_socialapp_id_seq;
DROP TABLE public.socialaccount_socialapp;
DROP SEQUENCE public.socialaccount_socialaccount_id_seq;
DROP TABLE public.socialaccount_socialaccount;
DROP SEQUENCE public.django_site_id_seq;
DROP TABLE public.django_site;
DROP TABLE public.django_session;
DROP SEQUENCE public.django_migrations_id_seq;
DROP TABLE public.django_migrations;
DROP SEQUENCE public.django_content_type_id_seq;
DROP TABLE public.django_content_type;
DROP SEQUENCE public.django_admin_log_id_seq;
DROP TABLE public.django_admin_log;
DROP SEQUENCE public.backend_profile_id_seq;
DROP TABLE public.backend_profile;
DROP SEQUENCE public.backend_organization_id_seq;
DROP TABLE public.backend_organization;
DROP SEQUENCE public.backend_metadatatype_id_seq;
DROP TABLE public.backend_metadatatype;
DROP SEQUENCE public.backend_metadata_id_seq;
DROP TABLE public.backend_metadata;
DROP SEQUENCE public.backend_copyrightpermission_id_seq;
DROP TABLE public.backend_copyrightpermission;
DROP SEQUENCE public.backend_content_metadata_id_seq;
DROP TABLE public.backend_content_metadata;
DROP SEQUENCE public.backend_content_id_seq;
DROP TABLE public.backend_content;
DROP SEQUENCE public.auth_user_user_permissions_id_seq;
DROP TABLE public.auth_user_user_permissions;
DROP SEQUENCE public.auth_user_id_seq;
DROP SEQUENCE public.auth_user_groups_id_seq;
DROP TABLE public.auth_user_groups;
DROP TABLE public.auth_user;
DROP SEQUENCE public.auth_permission_id_seq;
DROP TABLE public.auth_permission;
DROP SEQUENCE public.auth_group_permissions_id_seq;
DROP TABLE public.auth_group_permissions;
DROP SEQUENCE public.auth_group_id_seq;
DROP TABLE public.auth_group;
DROP SEQUENCE public.account_emailconfirmation_id_seq;
DROP TABLE public.account_emailconfirmation;
DROP SEQUENCE public.account_emailaddress_id_seq;
DROP TABLE public.account_emailaddress;
SET default_tablespace = '';

SET default_table_access_method = heap;

--
-- Name: account_emailaddress; Type: TABLE; Schema: public; Owner: postgres
--

CREATE TABLE public.account_emailaddress (
    id integer NOT NULL,
    email character varying(254) NOT NULL,
    verified boolean NOT NULL,
    "primary" boolean NOT NULL,
    user_id integer NOT NULL
);


ALTER TABLE public.account_emailaddress OWNER TO postgres;

--
-- Name: account_emailaddress_id_seq; Type: SEQUENCE; Schema: public; Owner: postgres
--

CREATE SEQUENCE public.account_emailaddress_id_seq
    AS integer
    START WITH 1
    INCREMENT BY 1
    NO MINVALUE
    NO MAXVALUE
    CACHE 1;


ALTER TABLE public.account_emailaddress_id_seq OWNER TO postgres;

--
-- Name: account_emailaddress_id_seq; Type: SEQUENCE OWNED BY; Schema: public; Owner: postgres
--

ALTER SEQUENCE public.account_emailaddress_id_seq OWNED BY public.account_emailaddress.id;


--
-- Name: account_emailconfirmation; Type: TABLE; Schema: public; Owner: postgres
--

CREATE TABLE public.account_emailconfirmation (
    id integer NOT NULL,
    created timestamp with time zone NOT NULL,
    sent timestamp with time zone,
    key character varying(64) NOT NULL,
    email_address_id integer NOT NULL
);


ALTER TABLE public.account_emailconfirmation OWNER TO postgres;

--
-- Name: account_emailconfirmation_id_seq; Type: SEQUENCE; Schema: public; Owner: postgres
--

CREATE SEQUENCE public.account_emailconfirmation_id_seq
    AS integer
    START WITH 1
    INCREMENT BY 1
    NO MINVALUE
    NO MAXVALUE
    CACHE 1;


ALTER TABLE public.account_emailconfirmation_id_seq OWNER TO postgres;

--
-- Name: account_emailconfirmation_id_seq; Type: SEQUENCE OWNED BY; Schema: public; Owner: postgres
--

ALTER SEQUENCE public.account_emailconfirmation_id_seq OWNED BY public.account_emailconfirmation.id;


--
-- Name: auth_group; Type: TABLE; Schema: public; Owner: postgres
--

CREATE TABLE public.auth_group (
    id integer NOT NULL,
    name character varying(150) NOT NULL
);


ALTER TABLE public.auth_group OWNER TO postgres;

--
-- Name: auth_group_id_seq; Type: SEQUENCE; Schema: public; Owner: postgres
--

CREATE SEQUENCE public.auth_group_id_seq
    AS integer
    START WITH 1
    INCREMENT BY 1
    NO MINVALUE
    NO MAXVALUE
    CACHE 1;


ALTER TABLE public.auth_group_id_seq OWNER TO postgres;

--
-- Name: auth_group_id_seq; Type: SEQUENCE OWNED BY; Schema: public; Owner: postgres
--

ALTER SEQUENCE public.auth_group_id_seq OWNED BY public.auth_group.id;


--
-- Name: auth_group_permissions; Type: TABLE; Schema: public; Owner: postgres
--

CREATE TABLE public.auth_group_permissions (
    id integer NOT NULL,
    group_id integer NOT NULL,
    permission_id integer NOT NULL
);


ALTER TABLE public.auth_group_permissions OWNER TO postgres;

--
-- Name: auth_group_permissions_id_seq; Type: SEQUENCE; Schema: public; Owner: postgres
--

CREATE SEQUENCE public.auth_group_permissions_id_seq
    AS integer
    START WITH 1
    INCREMENT BY 1
    NO MINVALUE
    NO MAXVALUE
    CACHE 1;


ALTER TABLE public.auth_group_permissions_id_seq OWNER TO postgres;

--
-- Name: auth_group_permissions_id_seq; Type: SEQUENCE OWNED BY; Schema: public; Owner: postgres
--

ALTER SEQUENCE public.auth_group_permissions_id_seq OWNED BY public.auth_group_permissions.id;


--
-- Name: auth_permission; Type: TABLE; Schema: public; Owner: postgres
--

CREATE TABLE public.auth_permission (
    id integer NOT NULL,
    name character varying(255) NOT NULL,
    content_type_id integer NOT NULL,
    codename character varying(100) NOT NULL
);


ALTER TABLE public.auth_permission OWNER TO postgres;

--
-- Name: auth_permission_id_seq; Type: SEQUENCE; Schema: public; Owner: postgres
--

CREATE SEQUENCE public.auth_permission_id_seq
    AS integer
    START WITH 1
    INCREMENT BY 1
    NO MINVALUE
    NO MAXVALUE
    CACHE 1;


ALTER TABLE public.auth_permission_id_seq OWNER TO postgres;

--
-- Name: auth_permission_id_seq; Type: SEQUENCE OWNED BY; Schema: public; Owner: postgres
--

ALTER SEQUENCE public.auth_permission_id_seq OWNED BY public.auth_permission.id;


--
-- Name: auth_user; Type: TABLE; Schema: public; Owner: postgres
--

CREATE TABLE public.auth_user (
    id integer NOT NULL,
    password character varying(128) NOT NULL,
    last_login timestamp with time zone,
    is_superuser boolean NOT NULL,
    username character varying(150) NOT NULL,
    first_name character varying(30) NOT NULL,
    last_name character varying(150) NOT NULL,
    email character varying(254) NOT NULL,
    is_staff boolean NOT NULL,
    is_active boolean NOT NULL,
    date_joined timestamp with time zone NOT NULL
);


ALTER TABLE public.auth_user OWNER TO postgres;

--
-- Name: auth_user_groups; Type: TABLE; Schema: public; Owner: postgres
--

CREATE TABLE public.auth_user_groups (
    id integer NOT NULL,
    user_id integer NOT NULL,
    group_id integer NOT NULL
);


ALTER TABLE public.auth_user_groups OWNER TO postgres;

--
-- Name: auth_user_groups_id_seq; Type: SEQUENCE; Schema: public; Owner: postgres
--

CREATE SEQUENCE public.auth_user_groups_id_seq
    AS integer
    START WITH 1
    INCREMENT BY 1
    NO MINVALUE
    NO MAXVALUE
    CACHE 1;


ALTER TABLE public.auth_user_groups_id_seq OWNER TO postgres;

--
-- Name: auth_user_groups_id_seq; Type: SEQUENCE OWNED BY; Schema: public; Owner: postgres
--

ALTER SEQUENCE public.auth_user_groups_id_seq OWNED BY public.auth_user_groups.id;


--
-- Name: auth_user_id_seq; Type: SEQUENCE; Schema: public; Owner: postgres
--

CREATE SEQUENCE public.auth_user_id_seq
    AS integer
    START WITH 1
    INCREMENT BY 1
    NO MINVALUE
    NO MAXVALUE
    CACHE 1;


ALTER TABLE public.auth_user_id_seq OWNER TO postgres;

--
-- Name: auth_user_id_seq; Type: SEQUENCE OWNED BY; Schema: public; Owner: postgres
--

ALTER SEQUENCE public.auth_user_id_seq OWNED BY public.auth_user.id;


--
-- Name: auth_user_user_permissions; Type: TABLE; Schema: public; Owner: postgres
--

CREATE TABLE public.auth_user_user_permissions (
    id integer NOT NULL,
    user_id integer NOT NULL,
    permission_id integer NOT NULL
);


ALTER TABLE public.auth_user_user_permissions OWNER TO postgres;

--
-- Name: auth_user_user_permissions_id_seq; Type: SEQUENCE; Schema: public; Owner: postgres
--

CREATE SEQUENCE public.auth_user_user_permissions_id_seq
    AS integer
    START WITH 1
    INCREMENT BY 1
    NO MINVALUE
    NO MAXVALUE
    CACHE 1;


ALTER TABLE public.auth_user_user_permissions_id_seq OWNER TO postgres;

--
-- Name: auth_user_user_permissions_id_seq; Type: SEQUENCE OWNED BY; Schema: public; Owner: postgres
--

ALTER SEQUENCE public.auth_user_user_permissions_id_seq OWNED BY public.auth_user_user_permissions.id;


--
-- Name: backend_content; Type: TABLE; Schema: public; Owner: postgres
--

CREATE TABLE public.backend_content (
    id integer NOT NULL,
    content_file character varying(500) NOT NULL,
    filesize double precision,
    file_name character varying(500),
    title character varying(300) NOT NULL,
    description text,
    copyright_notes text,
    published_date date,
    active boolean NOT NULL,
    additional_notes text,
    copyright_approved boolean NOT NULL,
    copyright_by text,
    copyright_on date,
    created_by_id integer,
    created_on date,
    modified_by text,
    modified_on date,
    reviewed_by_id integer,
    reviewed_on date,
    hash character varying(128),
    copyright_site text,
    original_source text,
    status character varying(32) NOT NULL,
    copyright_id integer,
    display_title character varying(300)
);


ALTER TABLE public.backend_content OWNER TO postgres;

--
-- Name: backend_content_id_seq; Type: SEQUENCE; Schema: public; Owner: postgres
--

CREATE SEQUENCE public.backend_content_id_seq
    AS integer
    START WITH 1
    INCREMENT BY 1
    NO MINVALUE
    NO MAXVALUE
    CACHE 1;


ALTER TABLE public.backend_content_id_seq OWNER TO postgres;

--
-- Name: backend_content_id_seq; Type: SEQUENCE OWNED BY; Schema: public; Owner: postgres
--

ALTER SEQUENCE public.backend_content_id_seq OWNED BY public.backend_content.id;


--
-- Name: backend_content_metadata; Type: TABLE; Schema: public; Owner: postgres
--

CREATE TABLE public.backend_content_metadata (
    id integer NOT NULL,
    content_id integer NOT NULL,
    metadata_id integer NOT NULL
);


ALTER TABLE public.backend_content_metadata OWNER TO postgres;

--
-- Name: backend_content_metadata_id_seq; Type: SEQUENCE; Schema: public; Owner: postgres
--

CREATE SEQUENCE public.backend_content_metadata_id_seq
    AS integer
    START WITH 1
    INCREMENT BY 1
    NO MINVALUE
    NO MAXVALUE
    CACHE 1;


ALTER TABLE public.backend_content_metadata_id_seq OWNER TO postgres;

--
-- Name: backend_content_metadata_id_seq; Type: SEQUENCE OWNED BY; Schema: public; Owner: postgres
--

ALTER SEQUENCE public.backend_content_metadata_id_seq OWNED BY public.backend_content_metadata.id;


--
-- Name: backend_copyrightpermission; Type: TABLE; Schema: public; Owner: postgres
--

CREATE TABLE public.backend_copyrightpermission (
    id integer NOT NULL,
    date_contacted date,
    granted boolean NOT NULL,
    date_of_response date,
    description text,
    organization_id integer NOT NULL,
    user_id integer
);


ALTER TABLE public.backend_copyrightpermission OWNER TO postgres;

--
-- Name: backend_copyrightpermission_id_seq; Type: SEQUENCE; Schema: public; Owner: postgres
--

CREATE SEQUENCE public.backend_copyrightpermission_id_seq
    AS integer
    START WITH 1
    INCREMENT BY 1
    NO MINVALUE
    NO MAXVALUE
    CACHE 1;


ALTER TABLE public.backend_copyrightpermission_id_seq OWNER TO postgres;

--
-- Name: backend_copyrightpermission_id_seq; Type: SEQUENCE OWNED BY; Schema: public; Owner: postgres
--

ALTER SEQUENCE public.backend_copyrightpermission_id_seq OWNED BY public.backend_copyrightpermission.id;


--
-- Name: backend_metadata; Type: TABLE; Schema: public; Owner: postgres
--

CREATE TABLE public.backend_metadata (
    id integer NOT NULL,
    name character varying(500) NOT NULL,
    type_id integer NOT NULL
);


ALTER TABLE public.backend_metadata OWNER TO postgres;

--
-- Name: backend_metadata_id_seq; Type: SEQUENCE; Schema: public; Owner: postgres
--

CREATE SEQUENCE public.backend_metadata_id_seq
    AS integer
    START WITH 1
    INCREMENT BY 1
    NO MINVALUE
    NO MAXVALUE
    CACHE 1;


ALTER TABLE public.backend_metadata_id_seq OWNER TO postgres;

--
-- Name: backend_metadata_id_seq; Type: SEQUENCE OWNED BY; Schema: public; Owner: postgres
--

ALTER SEQUENCE public.backend_metadata_id_seq OWNED BY public.backend_metadata.id;


--
-- Name: backend_metadatatype; Type: TABLE; Schema: public; Owner: postgres
--

CREATE TABLE public.backend_metadatatype (
    id integer NOT NULL,
    name character varying(100) NOT NULL
);


ALTER TABLE public.backend_metadatatype OWNER TO postgres;

--
-- Name: backend_metadatatype_id_seq; Type: SEQUENCE; Schema: public; Owner: postgres
--

CREATE SEQUENCE public.backend_metadatatype_id_seq
    AS integer
    START WITH 1
    INCREMENT BY 1
    NO MINVALUE
    NO MAXVALUE
    CACHE 1;


ALTER TABLE public.backend_metadatatype_id_seq OWNER TO postgres;

--
-- Name: backend_metadatatype_id_seq; Type: SEQUENCE OWNED BY; Schema: public; Owner: postgres
--

ALTER SEQUENCE public.backend_metadatatype_id_seq OWNED BY public.backend_metadatatype.id;


--
-- Name: backend_organization; Type: TABLE; Schema: public; Owner: postgres
--

CREATE TABLE public.backend_organization (
    id integer NOT NULL,
    name character varying(256) NOT NULL,
    email character varying(256) NOT NULL,
    website character varying(2048)
);


ALTER TABLE public.backend_organization OWNER TO postgres;

--
-- Name: backend_organization_id_seq; Type: SEQUENCE; Schema: public; Owner: postgres
--

CREATE SEQUENCE public.backend_organization_id_seq
    AS integer
    START WITH 1
    INCREMENT BY 1
    NO MINVALUE
    NO MAXVALUE
    CACHE 1;


ALTER TABLE public.backend_organization_id_seq OWNER TO postgres;

--
-- Name: backend_organization_id_seq; Type: SEQUENCE OWNED BY; Schema: public; Owner: postgres
--

ALTER SEQUENCE public.backend_organization_id_seq OWNED BY public.backend_organization.id;


--
-- Name: backend_profile; Type: TABLE; Schema: public; Owner: postgres
--

CREATE TABLE public.backend_profile (
    id integer NOT NULL,
    user_id integer NOT NULL
);


ALTER TABLE public.backend_profile OWNER TO postgres;

--
-- Name: backend_profile_id_seq; Type: SEQUENCE; Schema: public; Owner: postgres
--

CREATE SEQUENCE public.backend_profile_id_seq
    AS integer
    START WITH 1
    INCREMENT BY 1
    NO MINVALUE
    NO MAXVALUE
    CACHE 1;


ALTER TABLE public.backend_profile_id_seq OWNER TO postgres;

--
-- Name: backend_profile_id_seq; Type: SEQUENCE OWNED BY; Schema: public; Owner: postgres
--

ALTER SEQUENCE public.backend_profile_id_seq OWNED BY public.backend_profile.id;


--
-- Name: django_admin_log; Type: TABLE; Schema: public; Owner: postgres
--

CREATE TABLE public.django_admin_log (
    id integer NOT NULL,
    action_time timestamp with time zone NOT NULL,
    object_id text,
    object_repr character varying(200) NOT NULL,
    action_flag smallint NOT NULL,
    change_message text NOT NULL,
    content_type_id integer,
    user_id integer NOT NULL,
    CONSTRAINT django_admin_log_action_flag_check CHECK ((action_flag >= 0))
);


ALTER TABLE public.django_admin_log OWNER TO postgres;

--
-- Name: django_admin_log_id_seq; Type: SEQUENCE; Schema: public; Owner: postgres
--

CREATE SEQUENCE public.django_admin_log_id_seq
    AS integer
    START WITH 1
    INCREMENT BY 1
    NO MINVALUE
    NO MAXVALUE
    CACHE 1;


ALTER TABLE public.django_admin_log_id_seq OWNER TO postgres;

--
-- Name: django_admin_log_id_seq; Type: SEQUENCE OWNED BY; Schema: public; Owner: postgres
--

ALTER SEQUENCE public.django_admin_log_id_seq OWNED BY public.django_admin_log.id;


--
-- Name: django_content_type; Type: TABLE; Schema: public; Owner: postgres
--

CREATE TABLE public.django_content_type (
    id integer NOT NULL,
    app_label character varying(100) NOT NULL,
    model character varying(100) NOT NULL
);


ALTER TABLE public.django_content_type OWNER TO postgres;

--
-- Name: django_content_type_id_seq; Type: SEQUENCE; Schema: public; Owner: postgres
--

CREATE SEQUENCE public.django_content_type_id_seq
    AS integer
    START WITH 1
    INCREMENT BY 1
    NO MINVALUE
    NO MAXVALUE
    CACHE 1;


ALTER TABLE public.django_content_type_id_seq OWNER TO postgres;

--
-- Name: django_content_type_id_seq; Type: SEQUENCE OWNED BY; Schema: public; Owner: postgres
--

ALTER SEQUENCE public.django_content_type_id_seq OWNED BY public.django_content_type.id;


--
-- Name: django_migrations; Type: TABLE; Schema: public; Owner: postgres
--

CREATE TABLE public.django_migrations (
    id integer NOT NULL,
    app character varying(255) NOT NULL,
    name character varying(255) NOT NULL,
    applied timestamp with time zone NOT NULL
);


ALTER TABLE public.django_migrations OWNER TO postgres;

--
-- Name: django_migrations_id_seq; Type: SEQUENCE; Schema: public; Owner: postgres
--

CREATE SEQUENCE public.django_migrations_id_seq
    AS integer
    START WITH 1
    INCREMENT BY 1
    NO MINVALUE
    NO MAXVALUE
    CACHE 1;


ALTER TABLE public.django_migrations_id_seq OWNER TO postgres;

--
-- Name: django_migrations_id_seq; Type: SEQUENCE OWNED BY; Schema: public; Owner: postgres
--

ALTER SEQUENCE public.django_migrations_id_seq OWNED BY public.django_migrations.id;


--
-- Name: django_session; Type: TABLE; Schema: public; Owner: postgres
--

CREATE TABLE public.django_session (
    session_key character varying(40) NOT NULL,
    session_data text NOT NULL,
    expire_date timestamp with time zone NOT NULL
);


ALTER TABLE public.django_session OWNER TO postgres;

--
-- Name: django_site; Type: TABLE; Schema: public; Owner: postgres
--

CREATE TABLE public.django_site (
    id integer NOT NULL,
    domain character varying(100) NOT NULL,
    name character varying(50) NOT NULL
);


ALTER TABLE public.django_site OWNER TO postgres;

--
-- Name: django_site_id_seq; Type: SEQUENCE; Schema: public; Owner: postgres
--

CREATE SEQUENCE public.django_site_id_seq
    AS integer
    START WITH 1
    INCREMENT BY 1
    NO MINVALUE
    NO MAXVALUE
    CACHE 1;


ALTER TABLE public.django_site_id_seq OWNER TO postgres;

--
-- Name: django_site_id_seq; Type: SEQUENCE OWNED BY; Schema: public; Owner: postgres
--

ALTER SEQUENCE public.django_site_id_seq OWNED BY public.django_site.id;


--
-- Name: socialaccount_socialaccount; Type: TABLE; Schema: public; Owner: postgres
--

CREATE TABLE public.socialaccount_socialaccount (
    id integer NOT NULL,
    provider character varying(30) NOT NULL,
    uid character varying(191) NOT NULL,
    last_login timestamp with time zone NOT NULL,
    date_joined timestamp with time zone NOT NULL,
    extra_data text NOT NULL,
    user_id integer NOT NULL
);


ALTER TABLE public.socialaccount_socialaccount OWNER TO postgres;

--
-- Name: socialaccount_socialaccount_id_seq; Type: SEQUENCE; Schema: public; Owner: postgres
--

CREATE SEQUENCE public.socialaccount_socialaccount_id_seq
    AS integer
    START WITH 1
    INCREMENT BY 1
    NO MINVALUE
    NO MAXVALUE
    CACHE 1;


ALTER TABLE public.socialaccount_socialaccount_id_seq OWNER TO postgres;

--
-- Name: socialaccount_socialaccount_id_seq; Type: SEQUENCE OWNED BY; Schema: public; Owner: postgres
--

ALTER SEQUENCE public.socialaccount_socialaccount_id_seq OWNED BY public.socialaccount_socialaccount.id;


--
-- Name: socialaccount_socialapp; Type: TABLE; Schema: public; Owner: postgres
--

CREATE TABLE public.socialaccount_socialapp (
    id integer NOT NULL,
    provider character varying(30) NOT NULL,
    name character varying(40) NOT NULL,
    client_id character varying(191) NOT NULL,
    secret character varying(191) NOT NULL,
    key character varying(191) NOT NULL
);


ALTER TABLE public.socialaccount_socialapp OWNER TO postgres;

--
-- Name: socialaccount_socialapp_id_seq; Type: SEQUENCE; Schema: public; Owner: postgres
--

CREATE SEQUENCE public.socialaccount_socialapp_id_seq
    AS integer
    START WITH 1
    INCREMENT BY 1
    NO MINVALUE
    NO MAXVALUE
    CACHE 1;


ALTER TABLE public.socialaccount_socialapp_id_seq OWNER TO postgres;

--
-- Name: socialaccount_socialapp_id_seq; Type: SEQUENCE OWNED BY; Schema: public; Owner: postgres
--

ALTER SEQUENCE public.socialaccount_socialapp_id_seq OWNED BY public.socialaccount_socialapp.id;


--
-- Name: socialaccount_socialapp_sites; Type: TABLE; Schema: public; Owner: postgres
--

CREATE TABLE public.socialaccount_socialapp_sites (
    id integer NOT NULL,
    socialapp_id integer NOT NULL,
    site_id integer NOT NULL
);


ALTER TABLE public.socialaccount_socialapp_sites OWNER TO postgres;

--
-- Name: socialaccount_socialapp_sites_id_seq; Type: SEQUENCE; Schema: public; Owner: postgres
--

CREATE SEQUENCE public.socialaccount_socialapp_sites_id_seq
    AS integer
    START WITH 1
    INCREMENT BY 1
    NO MINVALUE
    NO MAXVALUE
    CACHE 1;


ALTER TABLE public.socialaccount_socialapp_sites_id_seq OWNER TO postgres;

--
-- Name: socialaccount_socialapp_sites_id_seq; Type: SEQUENCE OWNED BY; Schema: public; Owner: postgres
--

ALTER SEQUENCE public.socialaccount_socialapp_sites_id_seq OWNED BY public.socialaccount_socialapp_sites.id;


--
-- Name: socialaccount_socialtoken; Type: TABLE; Schema: public; Owner: postgres
--

CREATE TABLE public.socialaccount_socialtoken (
    id integer NOT NULL,
    token text NOT NULL,
    token_secret text NOT NULL,
    expires_at timestamp with time zone,
    account_id integer NOT NULL,
    app_id integer NOT NULL
);


ALTER TABLE public.socialaccount_socialtoken OWNER TO postgres;

--
-- Name: socialaccount_socialtoken_id_seq; Type: SEQUENCE; Schema: public; Owner: postgres
--

CREATE SEQUENCE public.socialaccount_socialtoken_id_seq
    AS integer
    START WITH 1
    INCREMENT BY 1
    NO MINVALUE
    NO MAXVALUE
    CACHE 1;


ALTER TABLE public.socialaccount_socialtoken_id_seq OWNER TO postgres;

--
-- Name: socialaccount_socialtoken_id_seq; Type: SEQUENCE OWNED BY; Schema: public; Owner: postgres
--

ALTER SEQUENCE public.socialaccount_socialtoken_id_seq OWNED BY public.socialaccount_socialtoken.id;


--
-- Name: account_emailaddress id; Type: DEFAULT; Schema: public; Owner: postgres
--

ALTER TABLE ONLY public.account_emailaddress ALTER COLUMN id SET DEFAULT nextval('public.account_emailaddress_id_seq'::regclass);


--
-- Name: account_emailconfirmation id; Type: DEFAULT; Schema: public; Owner: postgres
--

ALTER TABLE ONLY public.account_emailconfirmation ALTER COLUMN id SET DEFAULT nextval('public.account_emailconfirmation_id_seq'::regclass);


--
-- Name: auth_group id; Type: DEFAULT; Schema: public; Owner: postgres
--

ALTER TABLE ONLY public.auth_group ALTER COLUMN id SET DEFAULT nextval('public.auth_group_id_seq'::regclass);


--
-- Name: auth_group_permissions id; Type: DEFAULT; Schema: public; Owner: postgres
--

ALTER TABLE ONLY public.auth_group_permissions ALTER COLUMN id SET DEFAULT nextval('public.auth_group_permissions_id_seq'::regclass);


--
-- Name: auth_permission id; Type: DEFAULT; Schema: public; Owner: postgres
--

ALTER TABLE ONLY public.auth_permission ALTER COLUMN id SET DEFAULT nextval('public.auth_permission_id_seq'::regclass);


--
-- Name: auth_user id; Type: DEFAULT; Schema: public; Owner: postgres
--

ALTER TABLE ONLY public.auth_user ALTER COLUMN id SET DEFAULT nextval('public.auth_user_id_seq'::regclass);


--
-- Name: auth_user_groups id; Type: DEFAULT; Schema: public; Owner: postgres
--

ALTER TABLE ONLY public.auth_user_groups ALTER COLUMN id SET DEFAULT nextval('public.auth_user_groups_id_seq'::regclass);


--
-- Name: auth_user_user_permissions id; Type: DEFAULT; Schema: public; Owner: postgres
--

ALTER TABLE ONLY public.auth_user_user_permissions ALTER COLUMN id SET DEFAULT nextval('public.auth_user_user_permissions_id_seq'::regclass);


--
-- Name: backend_content id; Type: DEFAULT; Schema: public; Owner: postgres
--

ALTER TABLE ONLY public.backend_content ALTER COLUMN id SET DEFAULT nextval('public.backend_content_id_seq'::regclass);


--
-- Name: backend_content_metadata id; Type: DEFAULT; Schema: public; Owner: postgres
--

ALTER TABLE ONLY public.backend_content_metadata ALTER COLUMN id SET DEFAULT nextval('public.backend_content_metadata_id_seq'::regclass);


--
-- Name: backend_copyrightpermission id; Type: DEFAULT; Schema: public; Owner: postgres
--

ALTER TABLE ONLY public.backend_copyrightpermission ALTER COLUMN id SET DEFAULT nextval('public.backend_copyrightpermission_id_seq'::regclass);


--
-- Name: backend_metadata id; Type: DEFAULT; Schema: public; Owner: postgres
--

ALTER TABLE ONLY public.backend_metadata ALTER COLUMN id SET DEFAULT nextval('public.backend_metadata_id_seq'::regclass);


--
-- Name: backend_metadatatype id; Type: DEFAULT; Schema: public; Owner: postgres
--

ALTER TABLE ONLY public.backend_metadatatype ALTER COLUMN id SET DEFAULT nextval('public.backend_metadatatype_id_seq'::regclass);


--
-- Name: backend_organization id; Type: DEFAULT; Schema: public; Owner: postgres
--

ALTER TABLE ONLY public.backend_organization ALTER COLUMN id SET DEFAULT nextval('public.backend_organization_id_seq'::regclass);


--
-- Name: backend_profile id; Type: DEFAULT; Schema: public; Owner: postgres
--

ALTER TABLE ONLY public.backend_profile ALTER COLUMN id SET DEFAULT nextval('public.backend_profile_id_seq'::regclass);


--
-- Name: django_admin_log id; Type: DEFAULT; Schema: public; Owner: postgres
--

ALTER TABLE ONLY public.django_admin_log ALTER COLUMN id SET DEFAULT nextval('public.django_admin_log_id_seq'::regclass);


--
-- Name: django_content_type id; Type: DEFAULT; Schema: public; Owner: postgres
--

ALTER TABLE ONLY public.django_content_type ALTER COLUMN id SET DEFAULT nextval('public.django_content_type_id_seq'::regclass);


--
-- Name: django_migrations id; Type: DEFAULT; Schema: public; Owner: postgres
--

ALTER TABLE ONLY public.django_migrations ALTER COLUMN id SET DEFAULT nextval('public.django_migrations_id_seq'::regclass);


--
-- Name: django_site id; Type: DEFAULT; Schema: public; Owner: postgres
--

ALTER TABLE ONLY public.django_site ALTER COLUMN id SET DEFAULT nextval('public.django_site_id_seq'::regclass);


--
-- Name: socialaccount_socialaccount id; Type: DEFAULT; Schema: public; Owner: postgres
--

ALTER TABLE ONLY public.socialaccount_socialaccount ALTER COLUMN id SET DEFAULT nextval('public.socialaccount_socialaccount_id_seq'::regclass);


--
-- Name: socialaccount_socialapp id; Type: DEFAULT; Schema: public; Owner: postgres
--

ALTER TABLE ONLY public.socialaccount_socialapp ALTER COLUMN id SET DEFAULT nextval('public.socialaccount_socialapp_id_seq'::regclass);


--
-- Name: socialaccount_socialapp_sites id; Type: DEFAULT; Schema: public; Owner: postgres
--

ALTER TABLE ONLY public.socialaccount_socialapp_sites ALTER COLUMN id SET DEFAULT nextval('public.socialaccount_socialapp_sites_id_seq'::regclass);


--
-- Name: socialaccount_socialtoken id; Type: DEFAULT; Schema: public; Owner: postgres
--

ALTER TABLE ONLY public.socialaccount_socialtoken ALTER COLUMN id SET DEFAULT nextval('public.socialaccount_socialtoken_id_seq'::regclass);


--
-- Data for Name: account_emailaddress; Type: TABLE DATA; Schema: public; Owner: postgres
--

COPY public.account_emailaddress (id, email, verified, "primary", user_id) FROM stdin;
2	zserhan@asu.edu	t	t	3
3	sjordan4@asu.edu	t	t	4
1	whitehope93@gmail.com	t	t	2
4	khalmeka@asu.edu	t	t	5
6	bspenc13@asu.edu	t	t	7
7	clhowel1@asu.edu	t	t	8
8	mabuhamm@asu.edu	t	t	9
9	cduthie@asu.edu	t	t	10
11	malzein@asu.edu	t	t	12
12	prajkuma@asu.edu	t	t	13
13	cfinkbe1@asu.edu	t	t	14
14	cotaluka@asu.edu	t	t	15
15	mahadda1@asu.edu	t	t	16
16	mabdo2@asu.edu	t	t	17
17	cootaluka@gmail.com	t	t	18
18	benjspencertv@gmail.com	t	t	19
19	jegan6@asu.edu	t	t	20
20	jill.egan@sjsu.edu	t	t	21
21	hmontie1@asu.edu	t	t	22
\.


--
-- Data for Name: account_emailconfirmation; Type: TABLE DATA; Schema: public; Owner: postgres
--

COPY public.account_emailconfirmation (id, created, sent, key, email_address_id) FROM stdin;
\.


--
-- Data for Name: auth_group; Type: TABLE DATA; Schema: public; Owner: postgres
--

COPY public.auth_group (id, name) FROM stdin;
1	Admin
2	Library Specialist
3	Student
\.


--
-- Data for Name: auth_group_permissions; Type: TABLE DATA; Schema: public; Owner: postgres
--

COPY public.auth_group_permissions (id, group_id, permission_id) FROM stdin;
1	1	1
2	1	3
3	1	2
4	1	4
5	1	9
6	1	11
7	1	10
8	1	12
9	1	5
10	1	7
11	1	6
12	1	8
13	1	13
14	1	15
15	1	14
16	1	16
17	1	17
18	1	19
19	1	18
20	1	20
21	1	21
22	1	23
23	1	22
24	1	24
25	1	69
26	1	71
27	1	70
28	1	72
29	1	65
30	1	67
31	1	66
32	1	68
33	2	49
34	2	51
35	2	50
36	2	52
37	2	53
38	2	55
39	2	54
40	2	56
41	2	57
42	2	59
43	2	58
44	2	60
45	2	69
46	2	71
47	2	70
48	2	72
49	2	65
50	2	67
51	2	66
52	2	68
53	3	49
54	3	51
55	3	50
56	3	52
57	3	53
58	3	55
59	3	54
60	3	56
61	3	57
62	3	59
63	3	58
64	3	60
65	3	69
66	3	72
67	3	65
68	3	68
\.


--
-- Data for Name: auth_permission; Type: TABLE DATA; Schema: public; Owner: postgres
--

COPY public.auth_permission (id, name, content_type_id, codename) FROM stdin;
1	Can add log entry	1	add_logentry
2	Can change log entry	1	change_logentry
3	Can delete log entry	1	delete_logentry
4	Can view log entry	1	view_logentry
5	Can add permission	2	add_permission
6	Can change permission	2	change_permission
7	Can delete permission	2	delete_permission
8	Can view permission	2	view_permission
9	Can add group	3	add_group
10	Can change group	3	change_group
11	Can delete group	3	delete_group
12	Can view group	3	view_group
13	Can add user	4	add_user
14	Can change user	4	change_user
15	Can delete user	4	delete_user
16	Can view user	4	view_user
17	Can add content type	5	add_contenttype
18	Can change content type	5	change_contenttype
19	Can delete content type	5	delete_contenttype
20	Can view content type	5	view_contenttype
21	Can add session	6	add_session
22	Can change session	6	change_session
23	Can delete session	6	delete_session
24	Can view session	6	view_session
25	Can add site	7	add_site
26	Can change site	7	change_site
27	Can delete site	7	delete_site
28	Can view site	7	view_site
29	Can add email address	8	add_emailaddress
30	Can change email address	8	change_emailaddress
31	Can delete email address	8	delete_emailaddress
32	Can view email address	8	view_emailaddress
33	Can add email confirmation	9	add_emailconfirmation
34	Can change email confirmation	9	change_emailconfirmation
35	Can delete email confirmation	9	delete_emailconfirmation
36	Can view email confirmation	9	view_emailconfirmation
37	Can add social account	10	add_socialaccount
38	Can change social account	10	change_socialaccount
39	Can delete social account	10	delete_socialaccount
40	Can view social account	10	view_socialaccount
41	Can add social application	11	add_socialapp
42	Can change social application	11	change_socialapp
43	Can delete social application	11	delete_socialapp
44	Can view social application	11	view_socialapp
45	Can add social application token	12	add_socialtoken
46	Can change social application token	12	change_socialtoken
47	Can delete social application token	12	delete_socialtoken
48	Can view social application token	12	view_socialtoken
49	Can add metadata type	13	add_metadatatype
50	Can change metadata type	13	change_metadatatype
51	Can delete metadata type	13	delete_metadatatype
52	Can view metadata type	13	view_metadatatype
53	Can add metadata	14	add_metadata
54	Can change metadata	14	change_metadata
55	Can delete metadata	14	delete_metadata
56	Can view metadata	14	view_metadata
57	Can add content	15	add_content
58	Can change content	15	change_content
59	Can delete content	15	delete_content
60	Can view content	15	view_content
61	Can add profile	16	add_profile
62	Can change profile	16	change_profile
63	Can delete profile	16	delete_profile
64	Can view profile	16	view_profile
65	Can add organization	17	add_organization
66	Can change organization	17	change_organization
67	Can delete organization	17	delete_organization
68	Can view organization	17	view_organization
69	Can add copyright permission	18	add_copyrightpermission
70	Can change copyright permission	18	change_copyrightpermission
71	Can delete copyright permission	18	delete_copyrightpermission
72	Can view copyright permission	18	view_copyrightpermission
\.


--
-- Data for Name: auth_user; Type: TABLE DATA; Schema: public; Owner: postgres
--

COPY public.auth_user (id, password, last_login, is_superuser, username, first_name, last_name, email, is_staff, is_active, date_joined) FROM stdin;
19	!ducday5zOFsDQK2mgv1t9De6JCpRuiX7m3c4gc6H	2022-04-12 14:00:03.809268-07	f	benjamin	Benjamin	Spencer	benjspencertv@gmail.com	f	t	2022-03-23 10:09:02.097126-07
5	!enGqcKrrM6JfeCtMhat6F5f2xzXM1EdUPJrYPQ0I	2022-02-16 09:10:47.332795-07	f	katie	Katie	Halmekangas	khalmeka@asu.edu	f	t	2022-01-31 14:36:27-07
22	!04HsvWfx0PEDjS8DMeNgWExMb0cyE8fV2EM2bo83	2022-05-24 10:55:13.651911-07	f	hugo	Hugo	Montiel	hmontie1@asu.edu	f	t	2022-05-24 10:53:41-07
8	!6bRjFRqBgOrm43gZjJYWkXizu3lOqIvIpaaFwkqx	2022-02-04 15:35:27-07	f	colby	Colby	Howell	clhowel1@asu.edu	f	t	2022-02-04 15:27:28-07
3	!mEpiH0hAzf4ntK0mKgevDGEvD6dalWhD6ojdtrz7	2022-06-02 15:29:36.780563-07	f	zeinab	Zeinab	Serhan	zserhan@asu.edu	f	t	2022-01-12 15:12:45-07
4	!Fr0vdzzsjnm9HGPZloGWSuvHG3Vmd7QBGO7DGEO9	2022-06-03 10:22:07.420253-07	f	sara	Sara	Jordan	sjordan4@asu.edu	f	t	2022-01-21 15:44:57-07
21	!T3CEFNLFFQhb41BO44mJWEPutxNK2AdBbvzqIRmE	2022-04-01 06:35:09.501001-07	f	jill6	Jill	Egan	jill.egan@sjsu.edu	f	t	2022-04-01 06:35:09.447824-07
1	pbkdf2_sha256$180000$IpNt3Z8qMZBL$nrIVkJxSBs7EfaOWAb/BUBUOafsCD+/AI25nxL9ZheI=	2022-06-08 20:58:06.826479-07	t	admin			admin@asu.edu	t	t	2022-01-12 12:53:43.258677-07
20	!SqjFWSy7daQZw0dOmFwX3S7FkE4yDZLhw9YlykQd	2022-04-06 06:52:01.611612-07	f	jill	Jill	Egan	jegan6@asu.edu	f	t	2022-04-01 06:34:21.514614-07
18	!51o9PttlSqwbBy35PzqVAjhYUQffIpmWVdr5FVaR	2022-04-18 23:03:29.236345-07	f	christine6	Christine	Otaluka	cootaluka@gmail.com	f	t	2022-03-17 21:49:32.714677-07
13	!jYl0oOK5WJARqUhJLgwCHGkpWpEngRZjJ73hqUB7	2022-06-08 21:10:29.502423-07	f	pavithra_devi8	Pavithra Devi	Rajkumar	prajkuma@asu.edu	f	t	2022-02-09 13:45:18-07
2	!V82L5k3ui0EyuLS8NE9oGPWVY0DPasoaGf0rZhRJ	2022-02-10 14:36:39.960336-07	f	pavithra_devi	Pavithra Devi	R	whitehope93@gmail.com	f	t	2022-01-12 13:14:52-07
10	!qh7kqo9FwPLNgbYoQtoMxpZaorMq0qbq8NbBQrzG	2022-04-12 00:35:30.486458-07	f	christopher	Christopher	Duthie	cduthie@asu.edu	f	t	2022-02-09 11:53:35-07
7	!IuGwBpBmV6Utsq3Vy7B3hzMqd2oJK76hPXpCXYHC	2022-04-26 15:29:42.904522-07	f	benjamin_harvey	Benjamin Harvey	Spencer	bspenc13@asu.edu	f	t	2022-01-31 15:31:02-07
9	!2Qxqn2g7cKH1ru5G1eIwo55oprM8IgtY8sAARmAm	2022-04-28 14:31:54.699399-07	f	mosab	MOSAB	ABU HAMMAD	mabuhamm@asu.edu	f	t	2022-02-07 11:35:22-07
15	!Y9KcIki2prDdhXHPyoTLZZNV3IjboJYVz9BkFa3E	2022-05-03 08:57:08.350262-07	f	christine	Christine	Otaluka	cotaluka@asu.edu	f	t	2022-02-15 13:28:33-07
14	!aN09f3s3mVyzM89OzvCAKjI2wHPnbTykJpUU7MEZ	2022-02-14 18:53:44.794141-07	f	courtney	Courtney	Finkbeiner	cfinkbe1@asu.edu	f	t	2022-02-14 18:44:30.049114-07
12	!eqgXiyJMLe1Z6UFNBw1M8SgOab10crb5MyBVjoRA	2022-03-19 09:17:45.010925-07	f	mohamad1	Mohamad	Al Zein	malzein@asu.edu	f	t	2022-02-09 13:18:20-07
17	!1SHCodHf9c2piaSII8GREBijvKIZcjygiw7APTfM	2022-05-16 07:30:25.835346-07	f	marwa	Marwa	Abdou	mabdo2@asu.edu	f	t	2022-03-05 07:49:12-07
16	!XFutWXKIp4JMuT4IAUx2a09lD4eWC8Vv3gBPpgG9	2022-02-24 18:35:39-07	f	mary	Mary	Haddad	mahadda1@asu.edu	f	t	2022-02-24 18:26:00-07
\.


--
-- Data for Name: auth_user_groups; Type: TABLE DATA; Schema: public; Owner: postgres
--

COPY public.auth_user_groups (id, user_id, group_id) FROM stdin;
1	2	1
2	2	2
3	2	3
6	3	3
7	4	1
8	4	2
9	4	3
10	7	3
11	5	3
12	8	3
13	3	1
14	3	2
15	10	3
17	9	3
18	12	3
19	15	3
20	13	3
21	16	3
22	17	3
24	22	2
25	13	2
\.


--
-- Data for Name: auth_user_user_permissions; Type: TABLE DATA; Schema: public; Owner: postgres
--

COPY public.auth_user_user_permissions (id, user_id, permission_id) FROM stdin;
1	2	1
2	2	2
3	2	3
4	2	4
5	2	5
6	2	6
7	2	7
8	2	8
9	2	9
10	2	10
11	2	11
12	2	12
13	2	13
14	2	14
15	2	15
16	2	16
17	2	17
18	2	18
19	2	19
20	2	20
21	2	21
22	2	22
23	2	23
24	2	24
25	2	25
26	2	26
27	2	27
28	2	28
29	2	29
30	2	30
31	2	31
32	2	32
33	2	33
34	2	34
35	2	35
36	2	36
37	2	37
38	2	38
39	2	39
40	2	40
41	2	41
42	2	42
43	2	43
44	2	44
45	2	45
46	2	46
47	2	47
48	2	48
49	2	49
50	2	50
51	2	51
52	2	52
53	2	53
54	2	54
55	2	55
56	2	56
57	2	57
58	2	58
59	2	59
60	2	60
61	2	61
62	2	62
63	2	63
64	2	64
65	2	65
66	2	66
67	2	67
68	2	68
69	2	69
70	2	70
71	2	71
72	2	72
145	3	1
146	3	2
147	3	3
148	3	4
149	3	5
150	3	6
151	3	7
152	3	8
153	3	9
154	3	10
155	3	11
156	3	12
157	3	13
158	3	14
159	3	15
160	3	16
161	3	17
162	3	18
163	3	19
164	3	20
165	3	21
166	3	22
167	3	23
168	3	24
169	3	25
170	3	26
171	3	27
172	3	28
173	3	29
174	3	30
175	3	31
176	3	32
177	3	33
178	3	34
179	3	35
180	3	36
181	3	37
182	3	38
183	3	39
184	3	40
185	3	41
186	3	42
187	3	43
188	3	44
189	3	45
190	3	46
191	3	47
192	3	48
193	3	49
194	3	50
195	3	51
196	3	52
197	3	53
198	3	54
199	3	55
200	3	56
201	3	57
202	3	58
203	3	59
204	3	60
205	3	61
206	3	62
207	3	63
208	3	64
209	3	65
210	3	66
211	3	67
212	3	68
213	3	69
214	3	70
215	3	71
216	3	72
\.


--
-- Data for Name: backend_content; Type: TABLE DATA; Schema: public; Owner: postgres
--

COPY public.backend_content (id, content_file, filesize, file_name, title, description, copyright_notes, published_date, active, additional_notes, copyright_approved, copyright_by, copyright_on, created_by_id, created_on, modified_by, modified_on, reviewed_by_id, reviewed_on, hash, copyright_site, original_source, status, copyright_id, display_title) FROM stdin;
19	Change_in_Average_Temperature.svg.png	735515	Change_in_Average_Temperature.svg.png	Average Temperature Change in the Last 50 Years	This image displays a global average change in temperature from 1950-2020	\N	2020-01-01	f	\N	f	\N	2022-02-08	5	2022-02-08	\N	2022-02-08	\N	\N	11b3a4e400b8e5bf6cf2d69672f1e6b922388f74b7c1631f64dc65a2c7bd41ae	\N	NASA	Review	\N	Average Temperature Change in the Last 50 Years
145	_girafe.jpg	4373104	_girafe.jpg	Giraffe	A photo of a giraffe.	\N	\N	f	\N	f	\N	2022-03-28	10	2022-03-28	\N	2022-03-28	\N	\N	9269aabb19e1f8aecea3115ff74e3c8754872c604a0e35c18c90c51967cd2a4e	\N	\N	Review	\N	Girafe
9	CattleCare_.pdf	403811	CattleCare_.pdf	Cattle Care	This book describes how to raise cattle.	\N	2019-01-01	f	\N	f	\N	2022-02-03	5	2022-02-03	\N	2022-02-03	\N	\N	a3a2652a256758a23c0b8b7e16aa86c20baea3a6d53a630e91905af45b098209	\N	Shell Books	Review	\N	Cattle Care
29	OceaniaGeogPDF.docx	4616831	OceaniaGeogPDF.docx	World Regional Geography: Oceania	A encyclopaedia entry on the geography of Oceania.	\N	2019-01-01	f	\N	f	\N	2022-02-22	7	2022-02-22	\N	2022-02-22	\N	\N	44b5ffdea13c62204b053622f44cf59797394dfcdf9ddc6948fd1a02a14e8531	\N	https://worldgeo.pressbooks.com/chapter/oceania/	Review	\N	Oceania
11	Building_Competitiveness_in_Africas_Agriculture.pdf	6203638	Building_Competitiveness_in_Africas_Agriculture.pdf	Building a Resilient and Sustainable Agriculture in Sub-Saharan Africa	This publication contains in-depth case studies of various agricultural practices common across Africa.	Open Access Publication	2017-01-01	f	\N	f	\N	2022-02-04	8	2022-02-04	\N	2022-02-04	\N	\N	c7c44c18901919afbaa61c4c98c9acc834921e053fe2a4b8edc4f0f025f93f7b	\N	\N	Review	\N	Building a Resilient and Sustainable Agriculture in Sub-Saharan Africa
10	Exchanging_Experience_with_Conservation_Agriculture.pdf	4704319	Exchanging_Experience_with_Conservation_Agriculture.pdf	Exchanging Experience with Conservation Agriculture	This is a picture book explaining conservation farming and its benefits	The material in this work is subject to copyright. Because The World Bank encourages dissemination of its knowledge, this work may be reproduced, in whole or in part, for noncommercial purposes as long as full attribution to this work is given.	2014-01-01	f	\N	f	\N	2022-02-04	8	2022-02-04	\N	2022-02-04	\N	\N	3174fa3f2c9231ba65affe204b2ba8e9e6f2c2e70fb6a2dafede1560f6fe0416	\N	\N	Review	\N	Exchanging Experience with Conservation Agriculture
28	Human_Body_Parts_In_English.pdf	382821	Human_Body_Parts_In_English.pdf	Human Body Parts In English (Organs)	This Content shows the words of Human Body Parts In English (Organs)	\N	2018-01-01	f	\N	f	\N	2022-02-19	9	2022-02-19	\N	2022-02-19	\N	\N	d3f7cd323d8db108663b35012c75aa34ed05e33d96e377f8ee865ae546db6b1c	\N	https://shms.sa/authoring/62103-%D8%A3%D8%B9%D8%B6%D8%A7%D8%A1-%D8%A7%D9%84%D8%AC%D8%B3%D9%85-%D8%A8%D8%A7%D9%84%D9%84%D8%BA%D8%A9-%D8%A7%D9%84%D8%A3%D9%86%D8%AC%D9%84%D9%8A%D8%B2%D9%8A%D8%A9	Review	\N	    
18	Atmospheric_Circulation.jpeg	696311	Atmospheric_Circulation.jpeg	Atmospheric Circulation	Here is a model of how the Earth's atmosphere circulates air with ranging temperatures. The changes in high to low temperatures are what allow winds to circulate across the globe.	\N	2001-01-01	f	\N	f	\N	2022-02-08	5	2022-02-08	\N	2022-02-08	\N	\N	b4c14123f885e83b43e33c13fc7ac27c5a3b74de9f093bda1cbef7ac2c1c2d15	\N	Pearson	Review	\N	Atmospheric Circulation
30	CO_and_Greenhouse_Gas_Emissions_-_Our_World_in_Data.pdf	3072702	CO_and_Greenhouse_Gas_Emissions_-_Our_World_in_Data.pdf	CO and Greenhouse Gas Emissions - Our World in Data	Article with graphs showing worldwide progress on Climate Change.	\N	2017-01-01	f	\N	f	\N	2022-02-22	7	2022-02-22	\N	2022-02-22	\N	\N	39a3c542ed1c2001cd934e71e01f08f973a76eccf6576a354c27dada1200d651	\N	Our World in Data	Review	\N	CO and Greenhouse Gas Emissions - Our World in Data
20	Climate_System.jpeg	99378	Climate_System.jpeg	Climate System	This image shows the systems that visualize components of Earth's climate system	update	2018-01-01	f	\N	f	\N	2022-02-08	5	2022-02-08	\N	2022-02-08	\N	\N	b1300741004dd225dcfc2b3f488a0a1cd43097d5e94f23cb236e752719ef52d9	\N	Oregon State University	Review	\N	Climate System
31	12.1__Zones_of_Marine_Environments_-_Geosciences_LibreTexts.pdf	720921	12.1__Zones_of_Marine_Environments_-_Geosciences_LibreTexts.pdf	Zones of Marine Environments	Encyclopaedic entry about zones of Marine Environments.	\N	2020-01-01	f	\N	f	\N	2022-02-22	7	2022-02-22	\N	2022-02-22	\N	\N	ebe783c313c972f8615c1b8ddaf15ee9342daeb453200fe9abf213d089c21255	\N	LibreTexts	Review	\N	Zones of Marine Environments
26	.pdf	239475	.pdf	The Mode	This pdf talk about the mode of a group of numbers	5	2021-01-01	f	\N	f	\N	2022-02-12	12	2022-02-12	\N	2022-02-12	\N	\N	f57486b7b1a4f7a366e08adf49f6d92e497e02cdf601fa5826052100333ff192	\N	https://www.wepal.net/library/?app=content.show.14191&level=7&semester=1&subject=2&type=	Review	5	
66	Baby_Bear_Bday_Bedtime_Story-628257.mp4	6242294	Baby_Bear_Bday_Bedtime_Story-628257.mp4	sampleContent	\N	\N	\N	f	\N	f	\N	2022-03-14	13	2022-03-14	\N	2022-03-14	\N	\N	8f61b2ebb4d991575b6d84e2311ae8c5e8ed32797653d8350bcd01a1b06a8e8b	\N	\N	Review	\N	\N
27	__Question_Letters.pdf	172949	__Question_Letters.pdf	Question Words	This slide shows words that are using when ask a question	\N	2019-01-01	f	\N	f	\N	2022-02-12	9	2022-02-12	\N	2022-02-12	\N	\N	0a2eefcb5a8e292cb6a3bbde9d079cd28caba5f8d1e80195a95e9781a7162733	\N	https://shms.sa/authoring/119097-%D8%A7%D8%AF%D9%88%D8%A7%D8%AA-%D8%A7%D9%84%D8%A7%D8%B3%D8%AA%D9%81%D9%87%D8%A7%D9%85/view	Review	\N	 
25	De_lhistoire_des_techniques_de_lart_a_lhistoire.pdf	768636	De_lhistoire_des_techniques_de_lart_a_lhistoire.pdf	On the History of Artistic Techniques and the History of Art	Advanced/technical scholarly article on the history of artistic techniques.	\N	2015-01-01	f	\N	f	\N	2022-02-11	10	2022-02-11	\N	2022-02-11	\N	\N	9feecbe33bf1c39d4b6bf8b8ed1ca5aac898b4d077edae5d13dde689e0604c49	\N	ResearchGate	Review	\N	De l'Histoire des Techniques de l'Art  l'Histoire de l'Art
121	global_water_resources_printable.pdf	1669371	global_water_resources_printable.pdf	OpenLearn: Global water resources	\N	\N	2020-01-01	f	\N	f	\N	2022-03-22	7	2022-03-22	\N	2022-03-22	\N	\N	2e55eadbd12ae715b9a206e9e8bb03fea3fdb061fa730672b2a4af87c092122f	\N	\N	Review	\N	\N
22	SeedsWatering.pdf	487529	SeedsWatering.pdf	Seed Watering	\N	\N	2019-01-01	f	\N	f	\N	2022-02-09	2	2022-02-09	\N	2022-02-09	4	\N	0e51be398b9d2f957e1fec3410865967dd773ed36b9c56861ccc4e1bb013f811	\N	\N	Review	\N	Seed Watering
24	ChickenCare1.pdf	659340	ChickenCare1.pdf	Chicken Care Book 01: Introduction and Preparation	\N	\N	\N	f	\N	f	\N	2022-02-10	5	2022-02-10	\N	2022-02-10	4	\N	5e4b12657b1a162f2b0c15a016ebd1d417a43e1d6ebb621219e9a7015a947770	\N	\N	Review	\N	Chicken Care Book 01: Introduction and Preparation
34	Technology_book_for_9th_Grade____.pdf	4135077	Technology_book_for_9th_Grade____.pdf	Technology book for 9th Grade	Technology book for 9th Grade    	\N	2020-01-01	f	\N	f	\N	2022-02-26	9	2022-02-26	\N	2022-02-26	\N	\N	027c2f07019a5c21a203f721f58b25c38a5a872375919b289b04fec88fd0e514	\N	https://www.wepal.net/library/?app=content.show.162&level=9&semester=1&subject=&type=1	Review	\N	    
39	Huge_Philosophy_Textbook.pdf	2810359	Huge_Philosophy_Textbook.pdf	Lumen Learning: Introduction to Philosophy	Introduction to Philosophy textbook, some ideas can be quite advanced here.	\N	2022-01-01	f	\N	f	\N	2022-02-28	7	2022-02-28	\N	2022-02-28	\N	\N	9e8e9a8964dab4209cc0aa3b9b9b3f5df4fb4fcc2b7597c4024e7c9db1b7fa84	\N	Lumen Learning Ti Lam	Review	\N	Introduction to Philosophy
40	Full.pdf	7660644	Full.pdf	Physical Geography: LibreTexts	A book on physical geography covering: 1: INTRODUCTION TO GEOGRAPHY, SOLAR ENERGY AND THE SEASONS, 2: MEASURING, MONITORING AND DESCRIBING THE EARTH, 3: THE ATMOSPHERE, 4: GLOBAL CIRCULATION, 5: WATER AND WATER RESOURCES, 6: WEATHER AND CLIMATE, 7: EARTH MATERIALS - THE LITHOSPHERE, 8: SHAPING THE LITHOSPHERE, 9: MASS WASTING, 10: THE RIVER AND THE SEA and 11: THE BIOSPHERE .	\N	2022-01-01	f	\N	f	\N	2022-02-28	7	2022-02-28	\N	2022-02-28	\N	\N	010b62af409334b97c7f4aa05eb39fe628d8b449083899af7dfa18df1286eedc	\N	\N	Review	\N	Physical Geography Textbook
46	Atchoum.pdf	2418927	Atchoum.pdf	Sneeze	Une petite fille a un rhume, mais elle joue toujours pour son quipe en finale de la Famous Cup. Aprs quelques jours au lit, elle les rejoint  nouveau, pour dcouvrir qu'ils ont maintenant un rhume.	\N	2020-01-01	f	\N	f	\N	2022-03-01	15	2022-03-01	\N	2022-03-01	\N	\N	3404431bc63ff4f8aa4ba5e194ad64a34e6b8bcc30624dc15621c8cf018bb7dd	\N	https://bloomlibrary.org/language:fr/book/ZhvqYISkaU?lang=fr	Review	\N	Atchoum
37	JRC_WAD_fullVersion.pdf	391189092	JRC_WAD_fullVersion.pdf	WORLD ATLAS OF DESERTIFICATION	Full atlas on Desertification by the European Comission.	\N	2018-01-01	f	\N	f	\N	2022-02-26	7	2022-02-26	\N	2022-02-26	\N	\N	c8ba733fb75d98ac7ea5491136ddccaaed1c5e30a768ef7d1b70264eccdb33ac	\N	\N	Review	\N	WORLD ATLAS OF DESERTIFICATION
41	Oceanography.pdf	60117488	Oceanography.pdf	Earth Sciences: Oceanography Textbook	A LibreText textbook on oceanography. Very comprehensive, covering scientific and geographical as well as social elements of the ocean and it's environments.	\N	2022-01-01	f	\N	f	\N	2022-02-28	7	2022-02-28	\N	2022-02-28	\N	\N	51123d6646b33d7efc2ea9db6d5b89e11cd0c986de31c1c148eccbe26fe999f5	\N	LibreText	Review	\N	Earth Sciences: Oceanography Textbook
42	Pacific_Island_Geography_Textbook.pdf	11745861	Pacific_Island_Geography_Textbook.pdf	Pacific Island Geography Textbook	Textbook covering geography about the different islands of the Pacific Ocean.	\N	2016-01-01	f	better formatted than https://pacificschoolserver.org/file-view/15140	f	\N	2022-02-28	7	2022-02-28	\N	2022-02-28	\N	\N	192f153a29d59b1df2ec5d101c2a39ea7f9d29ff88744d03f2004ab92ebda5de	\N	University of Minnesota	Review	\N	Pacific Island Geography Textbook
45	Logic_text_v_2.0.pdf	3731640	Logic_text_v_2.0.pdf	Introduction to Logic and Critical Thinking	Open resource textbook on Logic and Critical Thinking.	\N	2016-01-01	f	\N	f	\N	2022-03-01	7	2022-03-01	\N	2022-03-01	\N	\N	84eeb325793925cf55ad17106514c56e292b8ccaf9960b3736152201c07f51c1	\N	Open Textbook Library	Review	\N	Philosophy: Introduction to Logic and Critical Thinking
119	energy_resources__tidal_energy_printable.pdf	2756534	energy_resources__tidal_energy_printable.pdf	OpenLearn: Tidal Energy	\N	\N	2020-01-01	f	\N	f	\N	2022-03-22	7	2022-03-22	\N	2022-03-22	\N	\N	307eea9247b1bef3bae0c1ac1fd3615bf8f9c19b38256bc56bd5ba0d47d274a1	\N	\N	Review	\N	\N
122	introducing_the_environment__ecology_and_ecosystems_printable.pdf	956892	introducing_the_environment__ecology_and_ecosystems_printable.pdf	OpenLearn: Introducing the environment - ecology and ecosystems	\N	\N	2020-01-01	f	\N	f	\N	2022-03-22	7	2022-03-22	\N	2022-03-22	\N	\N	e4bc7c7b7de3f25dddd1bee129fa54c7c5f5fcbaa5307a872dfecd4947354291	\N	\N	Review	\N	\N
123	energy_resources__an_introduction_to_energy_resources_printable.pdf	3864105	energy_resources__an_introduction_to_energy_resources_printable.pdf	OpenLearn: Energy resources - An introduction to energy resources	\N	\N	2019-01-01	f	\N	f	\N	2022-03-22	7	2022-03-22	\N	2022-03-22	\N	\N	326eab9916763e200fa47d78f7e3f12ec1b02e4873a642fe8187f912e52c3097	\N	\N	Review	\N	\N
124	an_introduction_to_sustainable_energy_printable.pdf	1277575	an_introduction_to_sustainable_energy_printable.pdf	OpenLearn: An introduction to sustainable energy	\N	\N	2018-01-01	f	\N	f	\N	2022-03-22	7	2022-03-22	\N	2022-03-22	\N	\N	543f1915464c60d5ed177d87e2f625dab6bc2028f1218761e60db2cb1953a7ea	\N	\N	Review	\N	\N
128	school_activities__evolutionary_tree_of_mammals_printable.pdf	1240333	school_activities__evolutionary_tree_of_mammals_printable.pdf	OpenLearn: School activities - Evolutionary tree of mammals	\N	\N	2017-01-01	f	\N	f	\N	2022-03-22	7	2022-03-22	\N	2022-03-22	\N	\N	0a1fc202437cbffe4bf42af68336ca7bd67dc87bf2ac293716b9c1a75c4c71d1	\N	\N	Review	\N	\N
48	Bless.pdf	1859654	Bless.pdf	Broken	This book tells the story of Philippe, who breaks his arm while climbing a tree with his friends Paul and Marie.	\N	2021-01-01	f	\N	f	\N	2022-03-01	15	2022-03-01	\N	2022-03-01	15	\N	8c54d20c56f520e66e309f5fe3045d04580ceed64e356c39424be59398ab86bf	\N	https://bloomlibrary.org/language:fr/book/BFLHZByjVl?lang=fr	Review	\N	Bless
100	Ouch_Fais_plus_attention.pdf	4641528	Ouch_Fais_plus_attention.pdf	Ouch! Pay More Attention	\N	\N	2020-01-01	f	\N	f	\N	2022-03-21	15	2022-03-21	\N	2022-03-21	15	\N	f337cafb5cab801364b7df1de0585dedb6d2233f0b622decbdee8de55495b320	\N	https://bloomlibrary.org/topic:Health/book/pPBPL0FA16?lang=fr	Review	\N	Ouch ! Fais plus attention
43	Aba_Fify_et_le_COVID_19.pdf	419793	Aba_Fify_et_le_COVID_19.pdf	Aba, Fify and COVID 19	The book tells the story of Aba and Fify, two kids who are learning about the Covid-19 Coronavirus and how they can stay healthy.| Cet livre est une histoire d'Aba et Fify qui sont deux enfant qui apprenent  connatre le coronavirus Covid-19 et comme ils peuvent rester en bonne sant.	\N	2020-01-01	f	\N	f	\N	2022-02-28	15	2022-02-28	\N	2022-02-28	15	\N	0005059e1c72077ec884daba0bd2ef340e7aacb5055527e906c04395a755a7c0	\N	https://bloomlibrary.org/language:fr/book/7ffBcSvDAQ?lang=fr	Review	\N	Aba, Fify et le COVID 19
38	___.pdf	2773346	___.pdf	Chemistry Book For 10th Grade	This book is a chemistry book For 10th Grade	\N	2020-01-01	f	\N	f	\N	2022-02-28	9	2022-02-28	\N	2022-02-28	4	2022-05-18	096f93cdc787c09f66109af8bf2eeed7a033b480c4c082664fc3163b264711bb	\N	https://www.wepal.net/library/?app=content.show.176&level=10&semester=1&subject=4&type=	Archive	\N	   
55	___.pdf	1214225	___.pdf	Khlay talks to the plants	This story talks about a girl called Khlay where she speaks to the plants everyday	\N	2020-01-01	f	\N	f	\N	2022-03-07	12	2022-03-07	\N	2022-03-07	\N	\N	b4482f56de6703c132336745726984294157ea20dc29f932002662797d5af333	\N	https://storyweaver.org.in/stories/142310-khulay-tatahadath-iilaa-alnabatat	Review	\N	   
136	_busard.jpg	235348	_busard.jpg	Harrier	A photo of a harrier.	\N	\N	f	\N	f	\N	2022-03-23	10	2022-03-23	\N	2022-03-23	\N	\N	89cda4dfe5ea37e59eb8ec35f0206ce7a0fe57d00199fa36be3c97ebffd58e68	\N	\N	Review	\N	Busard
53	English_for_Palestine_for_First_Grade_-_____.pdf	15960681	English_for_Palestine_for_First_Grade_-_____.pdf	English for Palestine for First Grade	This is an English for Palestine for First Grade	\N	2019-01-01	f	\N	f	\N	2022-03-07	9	2022-03-07	\N	2022-03-07	\N	\N	e915753163e000811fa0b45c7cbe1d9cad0303b61ab8d81bbb35ee903dc16c86	\N	https://www.wepal.net/library/?app=content.show.13&level=1&semester=2&subject=5&type=	Review	\N	    
58	__SpaceShip.pdf	829252	__SpaceShip.pdf	The Spaceship	A guide for writing and reading the letter 'Daad' in Arabic.	\N	\N	f	\N	f	\N	2022-03-08	17	2022-03-08	\N	2022-03-08	\N	\N	e6f1fe0032792bb5edcd279d321000b5b0e005af9fbf79ccf051a88f9dd047d2	\N	Website of Ministry of Education of the Kingdom of Bahrain	Review	\N	 
54	____.pdf	1646139	____.pdf	I want to ride a motorcycle	This is a story about a kid that dreams of riding a motorcycle	\N	\N	f	Pdf	f	\N	2022-03-07	12	2022-03-07	\N	2022-03-07	\N	\N	5e13ca8628fc5ccef0fda14877371f3b46ae7f7cb8f31f46149a7187e737b16c	\N	https://storyweaver.org.in/stories/230330-urid-an-arkab-daraja-nariya	Active	\N	    
52	Math_Book_for_First_Grade_-____.pdf	24891365	Math_Book_for_First_Grade_-____.pdf	Math Book for First Grade	This is a Math Book for First Grade	\N	2020-01-01	f	\N	f	\N	2022-03-07	9	2022-03-07	\N	2022-03-07	\N	\N	4c3c2357f3c590a10bb374ad8db26e653b32597b1724183983ee152b1d0227b0	\N	https://www.wepal.net/library/?app=content.show.301&level=1&semester=1&subject=2&type=	Review	\N	   
49	HISTOIRE_11e_LIVRE_ELEVE_th06.pdf	5031403	HISTOIRE_11e_LIVRE_ELEVE_th06.pdf	Decolonization	A comprehensive timeline of European global decolonization.	\N	1111-01-01	f	\N	f	\N	2022-03-02	10	2022-03-02	\N	2022-03-02	\N	\N	7cd8417be5051fb689fc1a991a01bb35782fef72d93f5df8fe6b89d16f5d268a	\N	Confrence Intercantonale de l'Instruction Publique de la Suisse Romande et du Tessin (CIIP)	Review	\N	La Dcolonisation
142	_elephants_.jpg	956524	_elephants_.jpg	Elephants (2)	A photo of elephants.	\N	\N	f	\N	f	\N	2022-03-28	10	2022-03-28	\N	2022-03-28	\N	\N	d6636cffa12828dba1ee1e7021219d9afc6fcfc52c3433d34b50a86d88242153	\N	\N	Review	\N	lphants (2)
59	_-_The_fox__the_bird.pdf	754187	_-_The_fox__the_bird.pdf	The Fox and the Bird	A guide for writing and reading the letter 'Thaa' in Arabic.	\N	\N	f	\N	f	\N	2022-03-09	17	2022-03-09	\N	2022-03-09	\N	\N	f360b8721dbc2a2845399123235a643b5f0008c4b26db3829686d90b678d3816	\N	Website of the Ministry of Education of the Kingdom of Bahrain	Review	\N	 
139	12-__.mp4	26400713	12-__.mp4	What is an Application?	A video showing the function of  applications. Examples of shown applications are calculators, games, chats..etc.	\N	2022-01-01	f	\N	f	\N	2022-03-24	17	2022-03-24	\N	2022-03-24	\N	\N	ed2288e5fb9e17c2c3778615ca505309c3766255e02952f0d5780719e3758f13	\N	website: https://www.microsoft.com/en-us/digital-literacy?SilentAuth=1	Review	\N	  
146	_gorille.jpg	316567	_gorille.jpg	Gorilla	A photo of a gorilla.	\N	\N	f	\N	f	\N	2022-03-28	10	2022-03-28	\N	2022-03-28	\N	\N	f5d60347c44e163393258ba82cb00cd5553fa812eb2977b5c3e233488a237472	\N	\N	Review	\N	Gorille
62	Science__Book_for_third_grade______.pdf	27612099	Science__Book_for_third_grade______.pdf	Science  Book for third grade	This is a Science  Book for third grade	\N	2017-01-01	f	\N	f	\N	2022-03-14	9	2022-03-14	\N	2022-03-14	\N	\N	374e9e4324fb0ba51878cf210f0a7545acf369fe641980f4320f403576e96e37	\N	https://www.wepal.net/library/?app=content.show.47&level=3&semester=1&subject=6&type=	Review	\N	   
60	01-__.mp4	25697546	01-__.mp4	What is a computer?	A short video on what is a computer in Arabic.	\N	2022-01-01	f	\N	f	\N	2022-03-09	17	2022-03-09	\N	2022-03-09	\N	\N	b0bbd38706b33a08efb3cf4b515bce1c19b5e1399d909fcf713364bdfb615346	\N	https://www.microsoft.com/en-us/digital-literacy?SilentAuth=1	Active	\N	  
61	02-_.mp4	25378914	02-_.mp4	What Makes A Computer	This short video demonstrates what a computer constitutes.	\N	2022-01-01	f	\N	f	\N	2022-03-10	17	2022-03-10	\N	2022-03-10	\N	\N	1a0aaca48bbaf4b6a7b01e818e697b19b4bd85798ebe11223c16147d25270b41	\N	Digital Literacy from Microsoft Website. https://www.microsoft.com/en-us/digital-literacy?SilentAuth=1	Active	\N	 
63	Islamic_Education_book_for_foth_grade________.pdf	4954917	Islamic_Education_book_for_foth_grade________.pdf	Islamic Education book for forth grade	This is an Islamic Education book for forth grade	\N	2016-01-01	f	\N	f	\N	2022-03-14	9	2022-03-14	\N	2022-03-14	\N	\N	e6a32bced5c5652966ac88423204cbad2e85fbfdac25c2487e2cad873314ea61	\N	https://www.wepal.net/library/?app=content.show.60&level=4&semester=1&subject=&type=1	Review	\N	    
64	Brochure_CYCLE_1-WEB_2020_OK-compressed.pdf	9260579	Brochure_CYCLE_1-WEB_2020_OK-compressed.pdf	School of Equality - Cycle 1	Elementary textbook covering a diverse range of topics.	\N	2019-01-01	f	\N	f	\N	2022-03-14	10	2022-03-14	\N	2022-03-14	\N	\N	172d9cc3006ed51983fc99a13ea640d32e0857612cd66498d758cd93d7186d08	\N	l'cole de l'galit	Review	\N	L'cole de l'galit - Cycle 1
57	___.pdf	2440489	___.pdf	What am I?	A document that teaches writing Arabic in the form of exploring 'Palm Tree' for Grade one.	\N	\N	f	\N	f	\N	2022-03-08	17	2022-03-08	\N	2022-03-08	\N	\N	1cafad77e84198a6dfb67ffe940aa41f7da7738a85ae3e245f1427161a221a90	\N	\N	Review	\N	 
51	Arabic_Language_9th_Grade_Book____YOnP2N6.pdf	4296307	Arabic_Language_9th_Grade_Book___.pdf	Arabic Language 9th Grade Book	This book is an Arabic Language 9th Grade Book	\N	2020-01-01	f	\N	f	\N	2022-03-07	9	2022-03-07	\N	2022-03-07	4	2022-05-18	f2c81a818813cc3f5eb93bdd5b54dac6234ed38f2c2e04ac3ede6468e70be312	\N	https://www.wepal.net/library/?app=content.show.144&level=9&semester=2&subject=1&type=	Archive	\N	    
70	04-___.mp4	26015434	04-___.mp4	What is an operating system in a computer?	A short video on what is an operating system	\N	2022-01-01	f	\N	f	\N	2022-03-15	17	2022-03-15	\N	2022-03-15	\N	\N	be7e64035ef1f3a5c3e54bfb30d71f2c515ed347895f75d685de5a1782500134	\N	Website: https://www.microsoft.com/en-us/digital-literacy?SilentAuth=1	Review	\N	   
137	_caracal.jpg	673164	_caracal.jpg	Caracal	A photo of a caracal.	\N	\N	f	\N	f	\N	2022-03-23	10	2022-03-23	\N	2022-03-23	\N	\N	fd5d1c20db0ec16f7d54425b3213013bbb2803e8d7ca13ddc68fc7815cd21c4e	\N	\N	Review	\N	Caracal
68	Ecole-de-legalite_CYCLE_3.pdf	29379970	Ecole-de-legalite_CYCLE_3.pdf	School of Equality - Cycle 3 (Years 9-11)	Secondary textbook covering a diverse range of topics.	\N	2020-01-01	f	\N	f	\N	2022-03-14	10	2022-03-14	\N	2022-03-14	\N	\N	3fbbec61c0d9210257552485d020d156c8c07ec7ba9083b90e180d1dbeded483	\N	\N	Review	\N	L'cole de l'galit - Cycle 2 (9e-11e)
143	_elephants_girafe.jpg	643336	_elephants_girafe.jpg	Elephants/Giraffe	A photo of elephants in the foreground with a giraffe in the rear.	\N	\N	f	\N	f	\N	2022-03-28	10	2022-03-28	\N	2022-03-28	\N	\N	6e56029a4ef0479c76e3112cc72bfbbf3c0c04d9d997468895420c02efb924b8	\N	\N	Review	\N	lphants/Girafe
71	05-____.mp4	136133351	05-____.mp4	What does an operating system look like?	A short video introducing on how to have an account on Microsoft windows (OS) and explore about other different features.	\N	2022-01-01	f	\N	f	\N	2022-03-15	17	2022-03-15	\N	2022-03-15	\N	\N	7c68b9a1c4897bd7b0edc3d84e4decc4f5c600c7fa8c9ac5fd6824b3a9f6d61f	\N	website https://www.microsoft.com/en-us/digital-literacy?SilentAuth=1	Review	\N	   
69	03-__.mp4	54878148	03-__.mp4	Types of computers	A short video on the types of computers available e.g. Laptops, desktops...etc. with brief description.	\N	2022-01-01	f	\N	f	\N	2022-03-15	17	2022-03-15	\N	2022-03-15	\N	\N	c5b69c4065d57182104bd7e980625e7588bbfe7f59f9903a90d2ce43146d5356	\N	Microsoft website https://www.microsoft.com/en-us/digital-literacy?SilentAuth=1	Review	\N	  
73	EVENT__Database_ER_diagram_crows_foot.jpeg	505058	EVENT__Database_ER_diagram_crows_foot.jpeg	Sample	\N	5	\N	f	\N	f	\N	2022-03-16	13	2022-03-16	\N	2022-03-16	\N	\N	4089bd7f3850430d5236c911dbfbf5feab9fa0b6aa61f731a9f3d54b396d3d18	\N	\N	Review	5	\N
67	Ecole-de-legalite_CYCLE_2_7-8.pdf	15393169	Ecole-de-legalite_CYCLE_2_7-8.pdf	School of Equality - Cycle 2 (Years 7-8)	Elementary textbook covering a diverse range of topics.	\N	2020-01-01	f	\N	f	\N	2022-03-14	10	2022-03-14	\N	2022-03-14	\N	\N	200e0197f0dd5914d8e15be7bfb2ddd59aee33db7eb9caa7e6fb472c6c1d49f8	\N	\N	Review	\N	L'cole de l'galit - Cycle 2 (7e-8e)
65	Brochure_Cycle_2_5-6_Interieur_WEB.pdf	27413168	Brochure_Cycle_2_5-6_Interieur_WEB.pdf	School of Equality - Cycle 2 (Years 5-6)	Elementary textbook covering a diverse range of topics.	\N	2020-01-01	f	\N	f	\N	2022-03-14	10	2022-03-14	\N	2022-03-14	\N	\N	9fa605b97dcca1ebf16439c67fcbeb98d69d4404335ed98a515f09afe311ad53	\N	L'cole de l'galit	Review	\N	L'cole de l'galit - Cycle 2 (5e-6e)
72	06-____.mp4	50054863	06-____.mp4	Working on files and folders	A Short video on creating files and folders using Microsoft Windows.	\N	2022-01-01	f	\N	f	\N	2022-03-15	17	2022-03-15	\N	2022-03-15	\N	\N	9c376e371bf4d3cfb126a70b5a7a12640d54db1b99a5839712e5b75e369bf392	\N	Website https://www.microsoft.com/en-us/digital-literacy?SilentAuth=1	Review	\N	 
74	07-______.mp4	34442942	07-______.mp4	Understanding the right and left click when using a mouse.	A short video showing what happens when we click right or left on a mouse.	\N	2022-01-01	f	\N	f	\N	2022-03-16	17	2022-03-16	\N	2022-03-16	\N	\N	108b6afe79abc0ecacaf0a6b1814a063c74d9f39b3f9adaff09e3d9d1b1e6c6d	\N	Microsoft https://www.microsoft.com/en-us/digital-literacy?SilentAuth=1	Review	\N	      
75	08-__windows.mp4	56227821	08-__windows.mp4	Working on Windows	A short video showing how to use windows; such as opening, closing, minimizing and maximizing windows...etc	\N	2022-01-01	f	\N	f	\N	2022-03-16	17	2022-03-16	\N	2022-03-16	\N	\N	bbe3242b0096c5c2b1b437648e77909633a3ef6d6ec50f07e29967c5d006b6d5	\N	URL https://www.microsoft.com/en-us/digital-literacy?SilentAuth=1	Review	\N	   Windows
80	Paroles_de_victime__le_mariage_forc.mp4	39562088	Paroles_de_victime__le_mariage_forc.mp4	Words of a victim: forced marriage	\N	\N	2019-01-01	f	\N	f	\N	2022-03-17	15	2022-03-17	\N	2022-03-17	\N	\N	2d63d8e30e304c8d08c92ea0e7bb8931639c1bd26e0de9d5cdfe39f06db03afb	\N	\N	Review	\N	Paroles de victime : le mariage forc
44	Aminata_et_la_balle_rouge.pdf	14683501	Aminata_et_la_balle_rouge.pdf	Aminata and the Red Ball	Aminata hears about the coronavirus, but doesn't really understand. She is scared when a red bullet hits her, and thinks she will catch covid-19. Her grandmother explains everything to her, and her father gives her a sense of security.|Aminata entend parler du coronavirus, mais ne comprend pas vraiment. Elle a peur quand une balle rouge la frappe, et pense qu'elle va attraper le covid-19. Sa grand-mre lui explique tout, et son pre lui donne un sentiment de scurit.	\N	2020-01-01	f	\N	f	\N	2022-02-28	15	2022-02-28	\N	2022-02-28	\N	\N	498a3c14342f020e717e8c8f4d9b73ad40b508ecb89bcf8b8fa414b99340da73	\N	https://bloomlibrary.org/language:fr/book/PTQO70Iasz?lang=fr	Review	\N	Aminata et la balle rouge
77	Je_mappelle_Coronavirus.pdf	3055564	Je_mappelle_Coronavirus.pdf	I am the Coronavirus	Le Coronavirus parle de lui-mme, de son got pour les voyages et des consquences qui en dcoulent.| Coronavirus talks about itself, its taste for travel and the consequences that come with it.	\N	2020-01-01	f	\N	f	\N	2022-03-17	15	2022-03-17	\N	2022-03-17	15	\N	86295ebf4f87907f26d359e7e30f791cd8f874fc7340d15cd52c98098bab767b	\N	https://bloomlibrary.org/book/iUWG3gBccM	Review	\N	Je m'appelle Coronavirus
78	Reperer_les_situations_de_violences_sexuelles_et_agir.pdf	198875	Reperer_les_situations_de_violences_sexuelles_et_agir.pdf	Identify and act on situations of sexual violence	\N	\N	2020-01-01	f	\N	f	\N	2022-03-17	15	2022-03-17	\N	2022-03-17	15	\N	f2d90d649bd4c3e2832f3969f68246bc7cc465ff2019e6386310e3ebc5982049	\N	https://eduscol.education.fr/document/30667/download	Review	\N	Reprer les situations de violences sexuelles et agir
86	__.pdf	2546603	__.pdf	Ira Investigates the Invisible Microorganisms	This Book talks about how doctor Ira investigates microorganisms	\N	2020-01-01	f	\N	f	\N	2022-03-19	12	2022-03-19	\N	2022-03-19	\N	\N	81acffdd70d7cb72ebf0528b53ee0bc7c668dcf759067145ae71500552bb222f	\N	https://storyweaver.org.in/stories/225384-tiran-tastakshif-almjhryat	Review	\N	  
98	the_olive_propagation_problem_final.mp4	385995710	the_olive_propagation_problem_final.mp4	The olive propagation problem	This video about the olive propagation problem	\N	2022-01-01	f	\N	f	\N	2022-03-20	9	2022-03-20	\N	2022-03-20	\N	\N	6ae6ad9ddbe14652b779cb9b16bd7ef99e2105ecf7af838fe247a45bf193e9c5	\N	\N	Review	\N	  
96	the_respiratory_system_of_birds_final.mp4	610030796	the_respiratory_system_of_birds_final.mp4	The respiratory system of birds	This Video about the respiratory system of birds	\N	2022-01-01	f	\N	f	\N	2022-03-19	9	2022-03-19	\N	2022-03-19	\N	\N	86ac0c4098b6d32b87421c289679d2bb4f7e15ec1a0b392b72aa4e14cf453249	\N	\N	Review	\N	  
87	___.pdf	3278587	___.pdf	There's a Hole in my Galaxy	3 friends ride through a rocket to discover the solar system, suddenly they feel a hole is trying to pull them	\N	2019-01-01	f	\N	f	\N	2022-03-19	12	2022-03-19	\N	2022-03-19	\N	\N	19ff4cfc3a00fd30af5fcfcd9d2d81fe30062693416bbddb2622618c0ddc081a	\N	https://storyweaver.org.in/stories/223625-hunak-thuqb-fi-majarrti	Review	\N	   
83	La_Suisse_plus_3_degres_Agriculture_demain.pdf	4558914	La_Suisse_plus_3_degres_Agriculture_demain.pdf	The Agriculture of Tomorrow	An elementary learning resource and activity book on introductory ecology.	\N	2017-01-01	f	\N	f	\N	2022-03-18	10	2022-03-18	\N	2022-03-18	\N	\N	30c59ce4bf988646db404ec22dd8900cfb53ee07f8f9fcc783dd2fe1bb5e7d8e	\N	Confrence intercantonale de l'instructionpublique de laSuisse romande et duTessin (CIIP)	Review	\N	Lagriculture de demain
84	___.pdf	1504083	___.pdf	Rajo's First Airplane Trip	This story talks about Rajo's first airplane trip experience	\N	2017-01-01	f	\N	f	\N	2022-03-19	12	2022-03-19	\N	2022-03-19	\N	\N	0882fa153dc043fd186f7bc2e6a91f8d44b528389955f603f7668e1f938a94b5	\N	https://storyweaver.org.in/stories/223627-rihlat-raju-al-uwlaa-blttayira	Review	\N	   
85	__.pdf	4617557	__.pdf	Pinto and the Value of Pi	This book talks about how a child named Pinto had no friends when he joined a new school until he found Pi	\N	2019-01-01	f	\N	f	\N	2022-03-19	12	2022-03-19	\N	2022-03-19	\N	\N	5119d3c49330d140ae98972d6e6a7fc87a478cbd47ef3346b94ee5984eec8542	\N	https://storyweaver.org.in/stories/228148-bintu-waqimat-pi	Review	\N	  
88	__.pdf	1955367	__.pdf	Lost in the Internet	Conal was watching videos on his mother's phone when the internet swallowed him. Will Conal be able to escape?	\N	2019-01-01	f	\N	f	\N	2022-03-19	12	2022-03-19	\N	2022-03-19	\N	\N	3ebdb371b3e9bdb5a6503541aa468f3748b8307b2b8014c2950a4a327ceecdf2	\N	https://storyweaver.org.in/stories/231824-lost-in-the-internet-arabic	Review	\N	  
90	____.pdf	3190599	____.pdf	What Happens When You Flush?	Farfour meets Farofoura and they go off together for an adventure through sewage canals	\N	2020-01-01	f	\N	f	\N	2022-03-19	12	2022-03-19	\N	2022-03-19	\N	\N	5a49056082f789d2a67a1e495dd8cd4bd38fda71adfef93ed844b1fa10486906	\N	https://storyweaver.org.in/stories/234891-matha-yahduth-eindama-tastakhdim-almirhad	Review	\N	    
94	wind_and_sand_final.mp4	600823775	wind_and_sand_final.mp4	wind and sand	This video about wind and sand	\N	2022-01-01	f	\N	f	\N	2022-03-19	9	2022-03-19	\N	2022-03-19	\N	\N	adc0080bd6ca3199d1acd89b3afa655b625e9fac71e84728c723b2cd8b05a4fb	\N	\N	Review	\N	 
91	___.pdf	3379606	___.pdf	Handmade in India	Olivia Fraser wandered all over India and this book shows stories and pictures of some people she met on the way	\N	2004-01-01	f	\N	f	\N	2022-03-19	12	2022-03-19	\N	2022-03-19	\N	\N	e7f2559e04462e6ee8e3debcfef66cfba2adebbda352597414d19ed42e13d4e2	\N	https://storyweaver.org.in/stories/253512-alsina-ah-alyadawia-fi-alhind	Review	\N	   
93	___.pdf	2379287	___.pdf	Manikantan Has Enough	Manikantan has a necklace that knows if he's healthy or not, sad or happy, and helps him solve his homework. Take a look at his story	\N	2016-01-01	f	\N	f	\N	2022-03-19	12	2022-03-19	\N	2022-03-19	\N	\N	db30a79169e9f894086d30242ebf32b5124e6ac5064d8b103580c47d8020ea45	\N	https://storyweaver.org.in/stories/224405-manikantan-la-yastate-ou-attahamul	Review	\N	   
82	FUTUNA_03.mp4	13177076	FUTUNA_03.mp4	Futuna 03	\N	\N	2018-01-01	f	\N	f	\N	2022-03-17	15	2022-03-17	\N	2022-03-17	15	\N	0d95582e618ecb1de001fd10c7cc56cb07535c1506944b79fa31b561f9259ef0	\N	https://www.youtube.com/watch?v=HjVCbpALu20	Review	\N	Les activits humaines ont-elle un impact sur les rcifs coralliens ?
99	Lducation__la_sexualit.pdf	4716475	Lducation__la_sexualit.pdf	Sexual Education	\N	\N	\N	f	\N	f	\N	2022-03-21	15	2022-03-21	\N	2022-03-21	15	\N	cd83a9384ddc0be1627ac7319ed7d54d2eafc93414e55361470df3af34ba8339	\N	https://eduscol.education.fr/2078/je-souhaite-comprendre-les-enjeux-de-l-education-la-sexualite	Review	\N	L'ducation  la sexualit
102	Debout_et_tire_toi.pdf	523047	Debout_et_tire_toi.pdf	Stand-Up and Stretch	\N	\N	2020-01-01	f	I am currently unable to add the authors name.	f	\N	2022-03-21	15	2022-03-21	\N	2022-03-21	15	\N	47781875ac10da77bd7c3c1bfff4760490989a8b7f6ec401e1c2abb60baf2caf	\N	https://bloomlibrary.org/topic:Health/book/UdLHHOPmtX?lang=fr	Review	\N	Debout et tire-toi !
89	_.pdf	4627689	_.pdf	Chipko takes root	A young girl called Ditshi joined Chipko movement to preserve the trees in her village	\N	2015-01-01	f	\N	f	\N	2022-03-19	12	2022-03-19	\N	2022-03-19	4	2022-05-18	a56d5e17ca5b4d3dc63185bc52ded0a3394bd51b9be0c8a10638b087773f0d59	\N	https://storyweaver.org.in/stories/240331-shibku-tatajathar	Active	\N	 
112	The_Density_of_Va.mp4	127224611	The_Density_of_Va.mp4	350.org Fighting for Our Survival: Part 1: Density of V	Fighting for Our Survival: Chapter 1 is a story of roots fused with earth and a past of strength through injustice. The Pacific is not sitting to the side and waiting - join as we recast our future.  In the space between climate justice and climate redemption stands the one-eyed Hikule'o, her hair a tangle of black roots. How much longer must the Pacific survive when it deserves to thrive? Watch Chapter 1 of the Fighting for Our Survival film series as we look back on 5 years since the Paris Climate Agreement, and look towards a future where we do right by our planet.	\N	2020-01-01	f	\N	f	\N	2022-03-22	7	2022-03-22	\N	2022-03-22	\N	\N	01a7b92615ac00b93b0786d4e9965bf1dc4dabbe630de0fc9d6d92ec2c832f2d	\N	YouTube	Review	\N	350.org Fighting for Our Survival: Part 1: Density of V
114	12.6_Mangrove_Ecosystems_-_Geosciences_LibreTexts.pdf	158274	12.6_Mangrove_Ecosystems_-_Geosciences_LibreTexts.pdf	Mangrove Ecosystems LibreText	Encyclopaedic entry about Mangrove Ecosystems on LibreText.	\N	2015-01-01	f	\N	f	\N	2022-03-22	7	2022-03-22	\N	2022-03-22	\N	\N	d6c00bc7b7308aae45d44b29369fa171f88defc280ec94c5fe7950af331cb14e	\N	\N	Review	\N	Mangrove Ecosystems LibreText
127	NationalGeogPlasticPacificOcean.pdf	16118400	NationalGeogPlasticPacificOcean.pdf	National Geographic: Great Pacific Garbage Patch	\N	\N	2019-01-01	f	\N	f	\N	2022-03-22	7	2022-03-22	\N	2022-03-22	\N	\N	eb51d49d5135bc2a32ccc642df9981bc98d74066c061e1e024b1c800ec7199b1	\N	\N	Review	\N	\N
120	eutrophication_printable.pdf	6606535	eutrophication_printable.pdf	OpenLearn: Eutrophication	\N	\N	2020-01-01	f	\N	f	\N	2022-03-22	7	2022-03-22	\N	2022-03-22	\N	\N	5e1802d5defe87e974efd78b5b8258b9da10164751bed05964bac0547ff14e96	\N	\N	Review	\N	\N
116	biofuels_printable.pdf	3039731	biofuels_printable.pdf	Biofuels	\N	\N	2020-01-01	f	\N	f	\N	2022-03-22	7	2022-03-22	\N	2022-03-22	\N	\N	3800e2b6567b8f217eb620f8eca6b7a27031814e37f2c712cd17492b4468afec	\N	2020	Review	\N	\N
110	discovering_medicines_using_robots_and_computers_final.mp4	356959508	discovering_medicines_using_robots_and_computers_final.mp4	Discovering medicines using robots and computers	This video discovering medicines using robots and computers	\N	2022-01-01	f	\N	f	\N	2022-03-22	9	2022-03-22	\N	2022-03-22	\N	\N	5880bc67148f24aa98d499ce1cc0c3a889515c23c94ede1b6f79fb5ff6882433	\N	https://drive.google.com/drive/folders/18Lsn_x1vqpxTlRI3aq3jz0zvEUKe6Y8h	Review	\N	     
117	paris-agreement-for-young-people.pdf	1401650	paris-agreement-for-young-people.pdf	Paris Climate Agreement for Kids	\N	\N	2020-01-01	f	\N	f	\N	2022-03-22	7	2022-03-22	\N	2022-03-22	\N	\N	6c22ce5e57a998379efa394a140af637658d4b1770e5aab3b3be5a608a85c1aa	\N	\N	Review	\N	\N
118	the_water_cycle.mp4	16615089	the_water_cycle.mp4	The Water Cycle Explained	\N	\N	2014-01-01	f	\N	f	\N	2022-03-22	7	2022-03-22	\N	2022-03-22	\N	\N	547810dc657d472eca51d049b4e2d59bdd4b29dd7f6af7c738dcc9b2e8cf509e	\N	\N	Review	\N	The Water Cycle Explained
107	roots_shoots_and_wood_final.mp4	452882142	roots_shoots_and_wood_final.mp4	Roots shoots and wood	This video about roots shoots and wood	\N	2022-01-01	f	\N	f	\N	2022-03-22	9	2022-03-22	\N	2022-03-22	\N	\N	67806e339207eb759a7d361ee3114166f19390df383d6cdf6e553ce076ffe848	\N	\N	Review	\N	 
108	methods_for_protein_purification_final.mp4	218233562	methods_for_protein_purification_final.mp4	Methods for protein purification	This video about methods for protein purification	\N	2022-01-01	f	\N	f	\N	2022-03-22	9	2022-03-22	\N	2022-03-22	\N	\N	96d1aa06529692b7d52de645c278d2325856c870c67b2b0f0be640805f2ff09f	\N	\N	Review	\N	  
125	living_without_oil_printable.pdf	15068417	living_without_oil_printable.pdf	OpenLearn: Living without oil	\N	\N	2019-01-01	f	\N	f	\N	2022-03-22	7	2022-03-22	\N	2022-03-22	\N	\N	ecabc09c75e5990b7d64390e2bd1b5af5e9d7aec9132671ca03b0fc924b087e3	\N	\N	Review	\N	\N
111	how_does_biotechnology_help_clean_up_the_environment.mp4	410140369	how_does_biotechnology_help_clean_up_the_environment.mp4	How does biotechnology help clean up the environment	This video about how does biotechnology help clean up the environment	\N	2022-01-01	f	\N	f	\N	2022-03-22	9	2022-03-22	\N	2022-03-22	\N	\N	a37123c4ef6e0176459354e9b8509607b7a5f3472c819b5349d3d8722c792b11	\N	\N	Review	\N	      
104	the_construction_of_proteins_final.mp4	475552755	the_construction_of_proteins_final.mp4	The construction of proteins	This video about the construction of proteins	\N	2022-01-01	f	\N	f	\N	2022-03-22	9	2022-03-22	\N	2022-03-22	\N	\N	f5e6729a486fc121dfdef2c4d2ab892f2a4315bf74b5e90874d228af531f4789	\N	\N	Review	\N	 
106	plants_and_environmental_resources_final.mp4	383063834	plants_and_environmental_resources_final.mp4	Plants and environmental resources	This video about plants and environmental resources	\N	2022-01-01	f	\N	f	\N	2022-03-22	9	2022-03-22	\N	2022-03-22	\N	\N	ad2eb165ed3158cd55d85233ebc630f48c2660d2f2d2ffbf00c09b9689229566	\N	\N	Review	\N	  
105	the_disease_of_our_time_diabetes_final.mp4	551298384	the_disease_of_our_time_diabetes_final.mp4	The disease of our time diabetes	This video about the disease of our time diabetes	\N	2022-01-01	f	\N	f	\N	2022-03-22	9	2022-03-22	\N	2022-03-22	\N	\N	eb6ce05c972da39c7a6fcb7a48c5d64326459599a1b9d2a9a15df1b702c68b60	\N	\N	Review	\N	   
199	addax.jpg	106176	addax.jpg	Addax	A photo of an addax.	\N	\N	f	\N	f	\N	2022-03-29	10	2022-03-29	\N	2022-03-29	\N	\N	70e50536fc92bf09466c2a29c8b8e46f933171ce5724e9f5f3c7e1ae06706769	\N	\N	Deaccession	\N	Addax
209	agadez.jpg	34973	agadez.jpg	Agadez	Photo of Agadez.	\N	\N	f	\N	f	\N	2022-03-29	10	2022-03-29	\N	2022-03-29	\N	\N	2ddfea807274f3c45c7cdd9c4ddcb7c4bc21814ec0f1d368b91ae63d77585352	\N	\N	Deaccession	\N	Agadez
133	__potamochere.jpg	649732	__potamochere.jpg	Bushpig	A photo of a bushpig.	\N	\N	f	\N	f	\N	2022-03-23	10	2022-03-23	\N	2022-03-23	\N	\N	e3670949259b23d34481c9dfde06e2075637619d95fc35b912100f2af853a9e0	\N	\N	Review	\N	Potamochre
130	10-.mp4	58868245	10-.mp4	Getting to know 'Cortana', window`s personal assistant.	Introducing 'Cortana', Window`s personal assistant, and exploring the various tasks she can do such as setting reminders, help find dinner recipes and etc.	\N	2022-01-01	f	\N	f	\N	2022-03-22	17	2022-03-22	\N	2022-03-22	\N	\N	08af7d83fb94b13ba83eadde9ae77eaf99c067e7d37a5e2d501a1c7caa7881bd	\N	Website URL: https://www.microsoft.com/en-us/digital-literacy?SilentAuth=1	Review	\N	     
131	__elephants_.jpg	154225	__elephants_.jpg	Elephants	A photo of young elephants.	\N	\N	f	\N	f	\N	2022-03-23	10	2022-03-23	\N	2022-03-23	\N	\N	ab9715041473255a0d300aa3fa600798399960e6e3aedaa0d79bbbe7c92d2836	\N	Orange Foundation	Review	\N	lphants
129	09-__.mp4	59377034	09-__.mp4	Personalizing experience	A short video showing how to change colors and backgrounds on Microsoft Windows.	\N	2022-01-01	f	\N	f	\N	2022-03-22	17	2022-03-22	\N	2022-03-22	\N	\N	97e8a00294d77fff9f40943ed5ee86e0590e144b3efe13af475480cefa3f6ac2	\N	Website : https://www.microsoft.com/en-us/digital-literacy?SilentAuth=1	Review	\N	      
132	__hippopotame.jpg	149337	__hippopotame.jpg	Hippopotamus	A photo of a hippopotamus.	\N	\N	f	\N	f	\N	2022-03-23	10	2022-03-23	\N	2022-03-23	\N	\N	50c83be2d5bfe54a77cf7b19d4668178f637f4cd4a430bbee1a1d89a49b5620c	\N	\N	Review	\N	Hippopotame
135	_autruche.jpg	256266	_autruche.jpg	Ostrich	A photo of an ostrich.	\N	\N	f	\N	f	\N	2022-03-23	10	2022-03-23	\N	2022-03-23	\N	\N	1c4de22c77e643967ce055dc9888445f2039c070ffc2e8be8369d94fbe34e275	\N	\N	Review	\N	Autruche
149	_pelican.jpg	515973	_pelican.jpg	Pelican	A photo of a pelican.	\N	\N	f	\N	f	\N	2022-03-28	10	2022-03-28	\N	2022-03-28	\N	\N	14c863e5e62b0e76e1d34247266938bb39d919f54953b390e278fc892cdefe75	\N	\N	Review	\N	Plican
150	_rale_des_pres.jpg	93954	_rale_des_pres.jpg	Meadow Rale	A photo of a meadow rale.	\N	\N	f	\N	f	\N	2022-03-28	10	2022-03-28	\N	2022-03-28	\N	\N	ef13bbfb73bf639ee4c0b6c3cd73826a8ff844b8308e64dd275d1eba582cae56	\N	\N	Review	\N	Rles des Prs
151	_sterne_caspienne.jpg	74484	_sterne_caspienne.jpg	Caspian Tern	A photo of a Caspian tern.	\N	\N	f	\N	f	\N	2022-03-28	10	2022-03-28	\N	2022-03-28	\N	\N	6cdc15a77582e65a5da4235248d578d3ce6f3757365289e48663dbcba1ce747a	\N	\N	Review	\N	Sterne Caspienne
152	_varan_du_nil.jpg	100190	_varan_du_nil.jpg	Nile Monitor	A photo of a Nile monitor.	\N	\N	f	\N	f	\N	2022-03-28	10	2022-03-28	\N	2022-03-28	\N	\N	fbf6d64c06af4b896bcf2dd5f3a8eab987b8b911c62d2afadc163c8fd50bcb41	\N	\N	Review	\N	Varan du Nil
153	_vautour.jpg	113189	_vautour.jpg	Vulture	A photo of a vulture.	\N	\N	f	\N	f	\N	2022-03-28	10	2022-03-28	\N	2022-03-28	\N	\N	b838ad06932d0a3eb33f23e6893e6da94642a5291bf53479906e4a1daf734a9a	\N	\N	Review	\N	Vautour
154	0-9-mots-nombres-aff-ce-cles-classe.pdf	1096944	0-9-mots-nombres-aff-ce-cles-classe.pdf	Write the Numbers from 0 to 9	A guide to writing the numerals from 1 to 9.	\N	\N	f	\N	f	\N	2022-03-28	10	2022-03-28	\N	2022-03-28	\N	\N	a10f2ae3a4373a1ec4e8f31bff0a71ac81976358f8e0f595c032152eb632df95	\N	\N	Review	\N	crire les nombres de 0  9
138	11-___.mp4	38222416	11-___.mp4	Exploring Settings on Microsoft Widnows	A video showing how to adjust the settings such as	\N	2022-01-01	f	\N	f	\N	2022-03-24	17	2022-03-24	\N	2022-03-24	\N	\N	9112cb124adafa82a06aa4af417e9adb0d41b6bf4ed579f017f806cedecc827e	\N	Website:https://www.microsoft.com/en-us/digital-literacy?SilentAuth=1	Review	\N	    
140	_elephant.jpg	2553792	_elephant.jpg	Elephant	A photo of an elephant.	\N	\N	f	\N	f	\N	2022-03-28	10	2022-03-28	\N	2022-03-28	\N	\N	574edd1868be4a2d28254cc6b08898f8e309751756e61214a958594e57ecc621	\N	\N	Review	\N	lphant
147	_limbe.jpg	65762	_limbe.jpg	Limbe	A photo of the coast in the city of Limbe, Cameroon.	\N	\N	f	\N	f	\N	2022-03-28	10	2022-03-28	\N	2022-03-28	\N	\N	8b584f4f1100c70a419e26f9de8f8c4868f6b780e8b5c84b9cda210742373fa1	\N	\N	Review	\N	Limbe
155	1_cm_les_nombres_naturels_1_evaluation.pdf	24255	1_cm_les_nombres_naturels_1_evaluation.pdf	Mathematics 1: The Natural Numbers (1)	A competency evaluation on writing numerals.	\N	\N	f	\N	f	\N	2022-03-28	10	2022-03-28	\N	2022-03-28	\N	\N	84d7e9f76a84d12585d86df0fd2fdb87424ae6f33a308e66ef5b74e82c2941ba	\N	\N	Review	\N	Mathmatiques 1: Les Nombres Naturels (1)
156	1_dire_bonjour_se_presenter_lecon_anglais_ce.pdf	179525	1_dire_bonjour_se_presenter_lecon_anglais_ce.pdf	Say Hello: Presentation, English Lesson	An English practice sheet on self-introductions.	\N	\N	f	\N	f	\N	2022-03-28	10	2022-03-28	\N	2022-03-28	\N	\N	d617a3acc4606c6b7ee3f2c2167caffd54a0011f2671b80a13c8c063d1e5d39a	\N	\N	Review	\N	Dire Bonjour: se presenter, leon anglais
157	01-det-et-nom-forment-gn-tikis-aff-clesclasse.pdf	842832	01-det-et-nom-forment-gn-tikis-aff-clesclasse.pdf	Form an Autonomous Group	A flier on French nominal groups.	\N	\N	f	\N	f	\N	2022-03-28	10	2022-03-28	\N	2022-03-28	\N	\N	f6898621584a1bada76acf0cf14fff73c1ef0c87f6f7e47157ca46a928f2abc1	\N	\N	Review	\N	Forment un Groupe Autonome
158	01-nom-sert-a-dCsigner-tikis-aff-clesclasse.pdf	924664	01-nom-sert-a-dCsigner-tikis-aff-clesclasse.pdf	A Name Serves to Designate	Introductory leaflet on the purpose of proper nouns.	\N	\N	f	\N	f	\N	2022-03-28	10	2022-03-28	\N	2022-03-28	\N	\N	462f54e485dd054ba9666ec93209c482cbd0af6e4333ad3461f54521b5d750cc	\N	\N	Review	\N	Un nom sert  dsigner
159	01-nom-sert-a-dCsigner-v2-tikis-aff-clesclasse.pdf	998220	01-nom-sert-a-dCsigner-v2-tikis-aff-clesclasse.pdf	A Name Serves to Designate (2)	An introductory fact sheet about the use of proper nouns.	\N	\N	f	\N	f	\N	2022-03-28	10	2022-03-28	\N	2022-03-28	\N	\N	4fa8004adff9c45b4671bb3d8c0bb891677cd80cb132be73de23aca754c7a9c0	\N	\N	Review	\N	Un nom sert  dsigner (2)
148	_orycterope.jpg	60705	_orycterope.jpg	Aardvark	A photo of two aardvarks.	\N	\N	f	\N	f	\N	2022-03-28	10	2022-03-28	\N	2022-03-28	\N	\N	279556d3fdc2ccf4ae247f8a2922dee5fb31c4539395cbde95caa484016d468d	\N	\N	Deaccession	\N	Orycterope
160	01-prepo-introduit-cdn-tikis-aff-clesclasse.pdf	272596	01-prepo-introduit-cdn-tikis-aff-clesclasse.pdf	Prepositions Introduced	An introductory fact sheet about the use of prepositions.	\N	\N	f	\N	f	\N	2022-03-28	10	2022-03-28	\N	2022-03-28	\N	\N	d5f19c16067e112f030a2059011564505c79629278266821d31f929e382a175d	\N	\N	Review	\N	Prpositions Introduit
161	1er-groupe-danser-au-present-aff-ce-cles-classe.pdf	203478	1er-groupe-danser-au-present-aff-ce-cles-classe.pdf	"Danser" in the Present	A chart showing the verb "danser" conjugated in the present tense.	\N	\N	f	\N	f	\N	2022-03-28	10	2022-03-28	\N	2022-03-28	\N	\N	71bfdf70bebc13a285e126ca5ae46159a3d13eb7f6ab7b9fca0f9bf5fd0b25b1	\N	\N	Review	\N	Danser au prsent
163	1er-groupe-terminaisons-du-present-aff-ce-cles-classe_ho5YcGA.pdf	628919	1er-groupe-terminaisons-du-present-aff-ce-cles-classe.pdf	The Present of the First Group	An introductory fact sheet showing the spellings of regular present tense verb endings in French.	\N	\N	f	\N	f	\N	2022-03-28	10	2022-03-28	\N	2022-03-28	\N	\N	25f99d01d402180a474158dc78dc0f1af93150badb4c1f9c212cb607e3b8c03e	\N	\N	Review	\N	Prsent du 1er groupe
178	8_cm_les_mesures_de_longueurs_eval.pdf	65799	8_cm_les_mesures_de_longueurs_eval.pdf	The Measurement of Length	Evaluation of advanced elementary length measurement skills.	\N	\N	f	\N	f	\N	2022-03-28	10	2022-03-28	\N	2022-03-28	\N	\N	f826245d79f71085293e0e7341a992a4408ffd7d89292ed44330514207681dd9	\N	\N	Review	\N	Les mesures de longueurs
164	2_cm_les_nombres_naturels_2_evaluation.pdf	21571	2_cm_les_nombres_naturels_2_evaluation.pdf	Mathematics 2: The Natural Numbers (2)	A competency evaluation on writing numerals.	\N	\N	f	\N	f	\N	2022-03-28	10	2022-03-28	\N	2022-03-28	\N	\N	dfed5fd9ed524d49deb7df6cd14958aca8f08c220ebefb03bd8f5007b02ec766	\N	\N	Review	\N	Mathmatiques 2: Les Nombres Naturels (2)
165	2_how_are_you_lecon_anglais_ce.pdf	729394	2_how_are_you_lecon_anglais_ce.pdf	How Are You? English Lesson	A matching activity connecting English adjectives to photos.	\N	\N	f	\N	f	\N	2022-03-28	10	2022-03-28	\N	2022-03-28	\N	\N	17da7b03147d8881ee68feb13fe43264840bc9ba4cfc57a31d5d3a10d66b7e1d	\N	\N	Review	\N	How are you? Leon anglais
166	03-vb-comme-cpt-du-nom-tikis-aff-clesclasse.pdf	1248646	03-vb-comme-cpt-du-nom-tikis-aff-clesclasse.pdf	A Verb can serve as CDN	\N	\N	\N	f	\N	f	\N	2022-03-28	10	2022-03-28	\N	2022-03-28	\N	\N	fe69e6fe6879cb9f6543c31f01bbfedb26d03d420e5f84158678a0df2f3e3529	\N	\N	Review	\N	Un verbe peut servir de CDN
167	3eme_4eme_annees_langue_college.pdf	524288	3eme_4eme_annees_langue_college.pdf	Curricula of Third Foreign Languages	Assessment key for evaluating students of various foreign languages.	\N	2008-01-01	f	\N	f	\N	2022-03-28	10	2022-03-28	\N	2022-03-28	\N	\N	1534e33c759db8872274e8c4457eca463aef5a8c869b32cf5b5cf72f4a84e1f6	\N	\N	Review	\N	Programmes des 3me langues trangres
168	4_bis_test_1_lecons_1_a_4_ce.pdf	496551	4_bis_test_1_lecons_1_a_4_ce.pdf	English test 1	Assessment of elementary English skills.	\N	\N	f	\N	f	\N	2022-03-28	10	2022-03-28	\N	2022-03-28	\N	\N	74dc83424afac021d280eef2337af9acd2636bd00efff8b77efcea4a6f141722	\N	\N	Review	\N	valuation d'anglais 1
169	4_cm_addition_des_nombres_naturels_eval.pdf	25052	4_cm_addition_des_nombres_naturels_eval.pdf	Addition	Evaluation of advanced elementary addition skills.	\N	\N	f	\N	f	\N	2022-03-28	10	2022-03-28	\N	2022-03-28	\N	\N	6cae8fc9b12d26eb31d435ebdcffd3f3615d8f787d34bd801cb1b7604e6595b3	\N	\N	Review	\N	L'addition
170	4_is_it_lecon_anglais_ce.pdf	163589	4_is_it_lecon_anglais_ce.pdf	Is it a cat?	Introductory English-as-a-second-language activity.	\N	\N	f	\N	f	\N	2022-03-28	10	2022-03-28	\N	2022-03-28	\N	\N	7a40b9cd52c1a1780100d7c155dabeff2a6e6a1a67ed1b177bdf213be6be745d	\N	\N	Review	\N	C'est un chat?
171	04-le-complement_du_nom-ne-varie-pas-tikis-aff-clesclasse.pdf	353113	04-le-complement_du_nom-ne-varie-pas-tikis-aff-clesclasse.pdf	A CDN does not vary in the function of a complete name	\N	\N	\N	f	\N	f	\N	2022-03-28	10	2022-03-28	\N	2022-03-28	\N	\N	da7aef80beff29b50a8262c42a7e0ef6e63439c8fab0cb96325ee5ecc8b1e9fe	\N	\N	Review	\N	Un CDN ne varie pas en fonction du nom complt
172	04-nom-propre-a-ou-non-det-tikis-aff-clesclasse.pdf	644203	04-nom-propre-a-ou-non-det-tikis-aff-clesclasse.pdf	A proper noun can be preceded or not by a determinant	\N	\N	\N	f	\N	f	\N	2022-03-28	10	2022-03-28	\N	2022-03-28	\N	\N	c0bea696bac4a2b2fbe9f9fa83b50528c3d1ba0ae216f11440ceda819f923615	\N	\N	Review	\N	Un nom propre peut tre prcd ou non d'un dterminant
173	5_cm_soustraction_des_nombres_naturels_eval.pdf	25844	5_cm_soustraction_des_nombres_naturels_eval.pdf	Subtraction	Evaluation of advanced elementary subtraction skills.	\N	\N	f	\N	f	\N	2022-03-28	10	2022-03-28	\N	2022-03-28	\N	\N	ba2cebdafdb850650b6d10d151806c665eb8a554bbbb053be37c431e3f62eb53	\N	\N	Review	\N	La soustraction
174	05-ajouter-maj-transforme-en-nom-propre-tikis-aff-clesclasse.pdf	704786	05-ajouter-maj-transforme-en-nom-propre-tikis-aff-clesclasse.pdf	Add an uppercase to a general noun to transform it into a proper noun	\N	\N	\N	f	\N	f	\N	2022-03-28	10	2022-03-28	\N	2022-03-28	\N	\N	275fa1d4c8737470645ebb6fbe6f5899d8d0744ea71bffb49015ad36d0f590a8	\N	\N	Review	\N	Ajouter une majuscule  un nom commun le transforme en nom propre
175	05-ne-pas-confondre-comp-du-nom-et-comp-objet-indirect_tikis-aff-clesclasse.pdf	1103074	05-ne-pas-confondre-comp-du-nom-et-comp-objet-indirect_tikis-aff-clesclasse.pdf	The CDN completes a noun...	\N	\N	\N	f	\N	f	\N	2022-03-28	10	2022-03-28	\N	2022-03-28	\N	\N	caa32547eb52bd8d7b5a4db4dd57e85f93e2bc390f08b17853a406bbebcb040f	\N	\N	Review	\N	Le CDN complte un nom...
177	7_cm_la_division_eval.pdf	44434	7_cm_la_division_eval.pdf	Division	Evaluation of advanced elementary division skills.	\N	\N	f	\N	f	\N	2022-03-28	10	2022-03-28	\N	2022-03-28	\N	\N	45f152e2fa96fe418025617eef53ae5c338b3c64b87d5b30aaee49e32d85d6aa	\N	\N	Review	\N	La division
176	6_cm_multiplication_des_nombres_naturels_eval.pdf	26091	6_cm_multiplication_des_nombres_naturels_eval.pdf	Multiplication	Evaluation of advanced elementary multiplication skills.	\N	\N	f	\N	f	\N	2022-03-28	10	2022-03-28	\N	2022-03-28	\N	\N	b357ff6354c549b482cc26d3ba8f5da82d6c8c522c3d1380f6c705f723e98b6e	\N	\N	Review	\N	La multiplication
179	9_cm_les_mesures_de_masses_eval.pdf	25139	9_cm_les_mesures_de_masses_eval.pdf	The measurement of Masses	Evaluation of advanced elementary mass measurement skills.	\N	\N	f	\N	f	\N	2022-03-28	10	2022-03-28	\N	2022-03-28	\N	\N	3159e94107985ae09dd6f6ee5236c12716f36049bc42d3ea0c7117800613ed9f	\N	\N	Review	\N	Les mesures de masses
180	10_cm_les_mesures_de_durees_eval.pdf	48491	10_cm_les_mesures_de_durees_eval.pdf	The Measurement of Durations	Evaluation of advanced elementary time-telling skills.	\N	\N	f	\N	f	\N	2022-03-29	10	2022-03-29	\N	2022-03-29	\N	\N	54e4645059b5d0486e0ee8181c46e30690c8cd3014d4d5b576433dfb3c290027	\N	\N	Review	\N	Les mesures de dures
181	10-19-mots-nombres-aff-ce-cles-classe.pdf	1648282	10-19-mots-nombres-aff-ce-cles-classe.pdf	Write the Numbers 10 to 19	Guide to handwriting the numbers 10 to 19.	\N	\N	f	\N	f	\N	2022-03-29	10	2022-03-29	\N	2022-03-29	\N	\N	985a8edf3f213cdbf1e8e5ef58308ffa77e1c790177f8daf2c4aae53978ad95f	\N	\N	Review	\N	crire les nombres de 10  19
182	11_cm_les_fractions_1_eval.pdf	34115	11_cm_les_fractions_1_eval.pdf	Fractions	Evaluation of advanced elementary fraction skills.	\N	\N	f	\N	f	\N	2022-03-29	10	2022-03-29	\N	2022-03-29	\N	\N	6db87a47ea9e2113df254d7ae7236da4690aabcf226c418254f27641403b374f	\N	\N	Review	\N	Les fractions
183	12_cm_les_nombres_decimaux_eval.pdf	32039	12_cm_les_nombres_decimaux_eval.pdf	Decimal Numbers	Evaluation of advanced elementary decimal number skills.	\N	\N	f	\N	f	\N	2022-03-29	10	2022-03-29	\N	2022-03-29	\N	\N	68f4fe17023e54b9d79aeb77cd49f7c2be118b2ab6cc06708452b42366acc17e	\N	\N	Review	\N	Les nombres dcimaux
184	13_cm_les_operations_sur_les_nombres_decimaux_eval.pdf	27853	13_cm_les_operations_sur_les_nombres_decimaux_eval.pdf	Operations on Decimal Numbers	Evaluation of advanced elementary operations on decimal number competence.	\N	\N	f	\N	f	\N	2022-03-29	10	2022-03-29	\N	2022-03-29	\N	\N	d5dc4d65b6aceafa84757ded81de92d22cc9eb70ae709b8727e120c97201d53e	\N	\N	Review	\N	Les oprations sur les nombres dcimaux
185	14-cm_les_situations_de_proportionnalites_eval.pdf	79772	14-cm_les_situations_de_proportionnalites_eval.pdf	Situations of Proportionality	Evaluation of advanced elementary proportionality competences.	\N	\N	f	\N	f	\N	2022-03-29	10	2022-03-29	\N	2022-03-29	\N	\N	81b53983cc18971f84edb876152d769efe706276a922f5a5039a2ac9427aae10	\N	\N	Review	\N	Les situations de proporionnalit
186	15_cm_geometrie_1_eval.pdf	18239	15_cm_geometrie_1_eval.pdf	Geometry (1)	Evaluation of advanced elementary geometry skills.	\N	\N	f	\N	f	\N	2022-03-29	10	2022-03-29	\N	2022-03-29	\N	\N	b19558fb1daf90b0b38b43d9088cf58a603cffde2c3c654d6c0966d604e04ab9	\N	\N	Review	\N	Gomtrie (1)
187	16_cm_geometrie_2_eval.pdf	18316	16_cm_geometrie_2_eval.pdf	Geometry (2)	Evaluation of advanced elementary geometry skills.	\N	\N	f	\N	f	\N	2022-03-29	10	2022-03-29	\N	2022-03-29	\N	\N	36416b30e24a195579ebdbda00325859967cd9d5bb3c8fd9df7eb99c274b1a48	\N	\N	Review	\N	Gomtrie (2)
188	17_cm_geometrie_3_eval.pdf	226387	17_cm_geometrie_3_eval.pdf	Geometry (3)	Evaluation of advanced elementary geometry skills.	\N	\N	f	\N	f	\N	2022-03-29	10	2022-03-29	\N	2022-03-29	\N	\N	c0edb6707ee31d42425ccdcec78e3c4668c5e1bf22a3b88295b78e128f394609	\N	\N	Review	\N	Gomtrie (3)
189	18_cm_les_problemes_eval.pdf	90306	18_cm_les_problemes_eval.pdf	Problems	Evaluation of advanced elementary mathematical skills.	\N	\N	f	\N	f	\N	2022-03-29	10	2022-03-29	\N	2022-03-29	\N	\N	e77f53f993dd4325d2b02d3efdf228626186342785709873df92f14cab881d05	\N	\N	Review	\N	Les problmes
190	20-1-000-mots-nombres-aff-ce-cles-classe_.pdf	342416	20-1-000-mots-nombres-aff-ce-cles-classe_.pdf	Words for Numbers 20 to 1000	Guide to the basic handwritten numbers between 20 and 1000.	\N	\N	f	\N	f	\N	2022-03-29	10	2022-03-29	\N	2022-03-29	\N	\N	39a6f8c688f94669fff639e28fe3305375b9dd713c2df7c1f1562a2a56aa3b5b	\N	\N	Review	\N	Mots nombres de 20  1000
192	a-book-of-golden-deeds-charlotte_yonge.pdf	636462	a-book-of-golden-deeds-charlotte_yonge.pdf	A Book of Golden Deeds	Book by Charlotte Yonge.	\N	\N	f	\N	f	\N	2022-03-29	10	2022-03-29	\N	2022-03-29	\N	\N	7533019b1b688e9782ae1026cab8fa68cec1e4c4534283262cb095e775a90293	\N	\N	Review	\N	A Book of Golden Deeds
197	activites_de_mathematiques_ce1.pdf	1289690	activites_de_mathematiques_ce1.pdf	Mathematics Activities (1)	Elementary mathematics teaching activities.	\N	\N	f	\N	f	\N	2022-03-29	10	2022-03-29	\N	2022-03-29	\N	\N	9e5d3ecc279e2199f192c175e476f668a2e1df11facfdd3749a5559ef43adb36	\N	\N	Review	\N	Activits de mathmatiques (1)
198	activites_de_mathematiques_ce2.pdf	976611	activites_de_mathematiques_ce2.pdf	Mathematics Activities (2)	Elementary mathematics teaching activities.	\N	\N	f	\N	f	\N	2022-03-29	10	2022-03-29	\N	2022-03-29	\N	\N	2a5a7a2597e1ef2cdab5fa986b4e3ec177967cabcfd76c9242b297225b06bf46	\N	\N	Review	\N	Activits de mathmatiques (2)
201	adjectif_qualificatif_attribut_epithete.mp4	13377856	adjectif_qualificatif_attribut_epithete.mp4	Qualicative Adjectives	\N	\N	\N	f	\N	f	\N	2022-03-29	10	2022-03-29	\N	2022-03-29	\N	\N	dd5498effe3cd22ba46e7247d1633acc9a3c1001cf1f1a6de61c17f7c79a97fb	\N	\N	Review	\N	L'adjectif qualificatif
202	aeroport_djerba_zarzis.jpg	160754	aeroport_djerba_zarzis.jpg	Djerba Zarzis Airport	A photo of Djerba Zarzis Airport.	\N	\N	f	\N	f	\N	2022-03-29	10	2022-03-29	\N	2022-03-29	\N	\N	f75e0bf4df0cc81f18ef5a78c079e205ead1636565c36b7be1fa3efab24ab0de	\N	\N	Review	\N	Aroport djerba zarzis
203	aeroport_sfax_thyna.jpg	77605	aeroport_sfax_thyna.jpg	Sfax Thyna Airport	A photo of Sfax Thyna airport.	\N	\N	f	\N	f	\N	2022-03-29	10	2022-03-29	\N	2022-03-29	\N	\N	e6ebaa14ddc9ed806458950be4c24898a3cd6e2b31b51a44168f19cc72b4ce53	\N	\N	Review	\N	Aroport Sfax Thyna
204	aeroport_tunis_carthage__.jpg	242938	aeroport_tunis_carthage__.jpg	Tunis Carthage Airport (1)	A photo of Tunis Carthage Airport.	\N	\N	f	\N	f	\N	2022-03-29	10	2022-03-29	\N	2022-03-29	\N	\N	0f1e4df68bed51e5c8f9f72856bb904e4cd360e16d7a29d1970b55904190902d	\N	\N	Review	\N	Aroport tunis carthage (1)
205	aeroport_tunis_carthage_-.jpg	156839	aeroport_tunis_carthage_-.jpg	Tunis Carthage Airport (2)	A photo of Tunis Carthage Airport.	\N	\N	f	\N	f	\N	2022-03-29	10	2022-03-29	\N	2022-03-29	\N	\N	41c9813246b788b5c6625f61b5cbba6e92660b9e2c5dce713cb926e4b5686a8f	\N	\N	Review	\N	Aroport tunis carthage
206	aeroport_tunis-carthage.jpg	77051	aeroport_tunis-carthage.jpg	Tunis Carthage Airport (3)	A photo of Tunis Carthage Airport.	\N	\N	f	\N	f	\N	2022-03-29	10	2022-03-29	\N	2022-03-29	\N	\N	7211ba4a61046d7a54c8eee460d0c048b2f73fac988c99b45a3ea590e26c4b65	\N	\N	Review	\N	Aroport tunis carthage (3)
207	aesops_fables.pdf	316600	aesops_fables.pdf	Aesop's Fables	Classic book.	\N	\N	f	\N	f	\N	2022-03-29	10	2022-03-29	\N	2022-03-29	\N	\N	bdb915542fc284f29a9fb581d65caab4203c53fb21240caa27350095d652991a	\N	\N	Review	\N	Aesop's Fables
208	afrique_francophone_carte.png	143264	afrique_francophone_carte.png	Francophone Africa Map	A map of French speaking areas of Africa.	\N	\N	f	\N	f	\N	2022-03-29	10	2022-03-29	\N	2022-03-29	\N	\N	5909381e042005232eeb19569b93d9c00df79c2212705b1e150f0b8d028d8568	\N	\N	Review	\N	Afrique francophone carte
210	agence_de_la_bceao_a_ziguinchor.jpg	105376	agence_de_la_bceao_a_ziguinchor.jpg	BCEAO Agency in Ziguinchor	A photo of the BCEAO Agency in Zigiunchor.	\N	\N	f	\N	f	\N	2022-03-29	10	2022-03-29	\N	2022-03-29	\N	\N	515c9950768b4c3ec2a6153810d5e1f04af3befb0d8328b5da2ea9b70b3b9d3e	\N	\N	Review	\N	Agence de la BCEAO  Ziguinchor
212	agriculture_en_terrasse-madagascar.jpg	183138	agriculture_en_terrasse-madagascar.jpg	Terrace Agriculture in Madagascar	A photo of terraced agriculture in Madagascar.	\N	\N	f	\N	f	\N	2022-03-29	10	2022-03-29	\N	2022-03-29	\N	\N	19d1c51e4c3b23f60a4062f95e978cd15224a6478cd2efe71158bc842c438603	\N	\N	Review	\N	Agriculture en terrasse madagascar
214	agrobate_roux.jpg	61109	agrobate_roux.jpg	Rufous Agrobate	Photo of a rufous agrobate.	\N	\N	f	\N	f	\N	2022-03-29	10	2022-03-29	\N	2022-03-29	\N	\N	506ed7fac0d6d26c8c98f82357e510d0f4d9b30194692427b51024d8a2a1360c	\N	\N	Review	\N	Agrobate roux
193	abecedaire-odysseus.pdf	16777216	abecedaire-odysseus.pdf	Alphabet Book: to Read and to Color	Alphabet-teaching coloring book.	\N	\N	f	\N	f	\N	2022-03-29	10	2022-03-29	\N	2022-03-29	\N	\N	4bf9c1f55da7b40e93b4e3f1c316c33f151dee6472c051b670499394f889e307	\N	\N	Active	\N	Abcdaire:  lire et  colorier
194	acacia_tortilis.jpg	107336	acacia_tortilis.jpg	Acacia Tortilis	A photo of an acacia tortilis tree.	\N	\N	f	\N	f	\N	2022-03-29	10	2022-03-29	\N	2022-03-29	\N	\N	ad06bddd840e8748c6d2518a96bfdbdcb5ca66a0cb931c4463ab1aea9eb1578a	\N	\N	Deaccession	\N	Acacia tortilis
195	acanthodactylus_scutellatus.jpg	154371	acanthodactylus_scutellatus.jpg	Acanthodactylus Scutellatus	A photo of an acanthodactylus scutellatus	\N	\N	f	\N	f	\N	2022-03-29	10	2022-03-29	\N	2022-03-29	\N	\N	f907796d882a965e689fd5527e2516d2739571a21f5addcd9ed2fd41067651f4	\N	\N	Deaccession	\N	Acanthodactylus scutellatus
200	adelocera_murina_cameroun.jpg	46367	adelocera_murina_cameroun.jpg	Adelocera Murina	Photo of an adelocera murin in Cameroon.	\N	\N	f	\N	f	\N	2022-03-29	10	2022-03-29	\N	2022-03-29	\N	\N	539beb0f638b9df1d485ddaa8218c764fda00db372801fb39497905aae66185b	\N	\N	Deaccession	\N	Adelocera murina
211	agouti.jpg	1986989	agouti.jpg	Agouti	A photo of an agouti.	\N	\N	f	\N	f	\N	2022-03-29	10	2022-03-29	\N	2022-03-29	\N	\N	e5c2349cbe00ba1c0ac94bed753aad02c59f6a54695012c107a09179d996c3df	\N	\N	Deaccession	\N	Agouti
213	agrobate_podobe.jpg	182191	agrobate_podobe.jpg	Agrobate Podobe	Photo of an agrobate podobe.	\N	\N	f	\N	f	\N	2022-03-29	10	2022-03-29	\N	2022-03-29	\N	\N	a3db87415496453a47ee8f060e453c18461c87db6d22e40b57527e8ff1d77d4c	\N	\N	Deaccession	\N	Agrobate podobe
215	aigle_botte.jpg	52619	aigle_botte.jpg	Booted Eagle	A photo of a booted eagle.	\N	\N	f	\N	f	\N	2022-03-29	10	2022-03-29	\N	2022-03-29	\N	\N	4d17401c90a226aaaa30d928b850531ead172e9884e872097b406145df523210	\N	\N	Review	\N	Aigle bott
216	aigle_criard.jpg	102475	aigle_criard.jpg	Screaming Eagle	A photo of a screaming eagle.	\N	\N	f	\N	f	\N	2022-03-29	10	2022-03-29	\N	2022-03-29	\N	\N	5aa9d8602a47ecf60de920d301188183bc5efefef758d00f2c1ec843cf65d591	\N	\N	Review	\N	Aigle criard
217	aigle_d_ayres.jpg	212762	aigle_d_ayres.jpg	Ayres Eagle	A photo of an ayres eagle.	\N	\N	f	\N	f	\N	2022-03-29	10	2022-03-29	\N	2022-03-29	\N	\N	bc78411e6868579900d93072d8f9952214c91da80c6924dce6a58a5d277afe35	\N	\N	Review	\N	Aigle d'ayres
218	aigle_de_wahlbergi.jpg	117471	aigle_de_wahlbergi.jpg	Wahlbergi Eagle	A photo of a wahlbergi eagle.	\N	\N	f	\N	f	\N	2022-03-29	10	2022-03-29	\N	2022-03-29	\N	\N	58ecbd6f9b9dbcf3eca40633620ec05868116fc4ca39d24a1365d3d397d89c84	\N	\N	Review	\N	Aigle de wahlbergi
219	aigle_des_steppes.jpg	216960	aigle_des_steppes.jpg	Steppe Eagle	A photo of a steppe eagle.	\N	\N	f	\N	f	\N	2022-03-29	10	2022-03-29	\N	2022-03-29	\N	\N	2ccadb18eb0d752c2a3bdb4d235dd03b4b8774ab523e0c05e8dc7a26b743b28f	\N	\N	Review	\N	Aigle des steppes
220	aigle_fascie.jpg	78911	aigle_fascie.jpg	Fascinated Eagle	A photo of a fascinated eagle.	\N	\N	f	\N	f	\N	2022-03-29	10	2022-03-29	\N	2022-03-29	\N	\N	47699757c506058345d37778f39bf902f80412eaeb4f3f8f2f77d45f97fdce70	\N	\N	Review	\N	Aigle fasci
221	aigle_huppard.jpg	87253	aigle_huppard.jpg	Hoopoe Eagle	A photo of a hoopoe eagle.	\N	\N	f	\N	f	\N	2022-03-29	10	2022-03-29	\N	2022-03-29	\N	\N	712c485b7f0a5dd369e0fe3bad9d112e6f2bcc28ca6df910e61bf79b2a19f70b	\N	\N	Review	\N	Aigle huppard
222	aigle_martial.jpg	84639	aigle_martial.jpg	Martial Eagle	A photo of a martial eagle.	\N	\N	f	\N	f	\N	2022-03-29	10	2022-03-29	\N	2022-03-29	\N	\N	9d5d6206b1dda307fa217eb7008578672d245a1150f7e33134088aba7e7c5fd2	\N	\N	Review	\N	Aigle martial
223	aigle_ravisseur.jpg	380927	aigle_ravisseur.jpg	Tawny Eagle	A photo of a tawny eagle.	\N	\N	f	\N	f	\N	2022-03-29	10	2022-03-29	\N	2022-03-29	\N	\N	0efdc6df8de49bfa80f9b922b08675073bdcb0d3729aa44c1b6d63ad4e389458	\N	\N	Review	\N	Aiglre Ravisseur
224	aigle-couronne.jpg	18494	aigle-couronne.jpg	Crown Eagle	A photo of a crown eagle.	\N	\N	f	\N	f	\N	2022-03-29	10	2022-03-29	\N	2022-03-29	\N	\N	0e060c2f154d616e56ebbb4c8c3c33b3973d9b1b33a9b3738fd32c284711c61e	\N	\N	Review	\N	Aigle couronne
225	aigrette_ardoisee.jpg	46497	aigrette_ardoisee.jpg	Slate Egret	A photo of a slate egret.	\N	\N	f	\N	f	\N	2022-03-29	10	2022-03-29	\N	2022-03-29	\N	\N	9035a752d0e57372aa932ce3f0fbfe5dd98e05d1a0a757c4d0bf23708ff9ba45	\N	\N	Review	\N	Aigrette ardoise
226	aigrette_des_recifs.jpg	1626647	aigrette_des_recifs.jpg	Reef Egret	A photo of a reef egret.	\N	\N	f	\N	f	\N	2022-03-29	10	2022-03-29	\N	2022-03-29	\N	\N	d3bb42282550aa06554513fed77ad52529f4fb7626af4e84addd798667f2c0a6	\N	\N	Review	\N	Aigrette des recifs
227	aigrette_garzette.jpg	384010	aigrette_garzette.jpg	"Lesser"? Egret	A photo of a lesser egret.	\N	\N	f	\N	f	\N	2022-03-29	10	2022-03-29	\N	2022-03-29	\N	\N	9435bea014e7dc1a4b8a553e94e45e4657edf35279a211ce2587bc95d7954731	\N	\N	Review	\N	Aigrette garzette
228	aiguilles_de_tabarka.jpg	322867	aiguilles_de_tabarka.jpg	Tabarka Needles	A photo of the Tabarka Needles.	\N	\N	f	\N	f	\N	2022-03-29	10	2022-03-29	\N	2022-03-29	\N	\N	fda321431bc436ffa5a77ad5027503cba3a9d55df364d7315941e3e8e2af96cf	\N	\N	Review	\N	Aiguilles de Tabarka
233	alcools_apollinaire.pdf	197527	alcools_apollinaire.pdf	Alcohols	A collection of poetry by Guillaume Apollinaire.	\N	\N	f	\N	f	\N	2022-03-29	10	2022-03-29	\N	2022-03-29	\N	\N	78be5e3a3634ebcf5f12bf0e213a7f7ca0648567f7f47f796b32da307e5f5a93	\N	\N	Review	\N	Alcools
234	algebra1_teacher_edition.pdf	1225976	algebra1_teacher_edition.pdf	Algebra I Teacher's Edition	An introductory algebra textbook for instructors.	\N	2012-01-01	f	\N	f	\N	2022-03-29	10	2022-03-29	\N	2022-03-29	\N	\N	c20e69d633a9c356b7f72869c68fd0ff7d6e152a1f389ba08f7975de4858dee8	\N	\N	Review	\N	Algebra I Teacher's Edition
237	alice-adventures-in-wonderland-lewis_carroll.pdf	711671	alice-adventures-in-wonderland-lewis_carroll.pdf	Alice's Adventures in Wonderland	A classic novel by Lewis Carroll.	\N	\N	f	\N	f	\N	2022-03-29	10	2022-03-29	\N	2022-03-29	\N	\N	f6dd04bcb9cf62087625edc5a38f091e6fe7edbf5cb39d612479bb332f5dbbd3	\N	\N	Review	\N	Alice's Adventures in Wonderland
238	alliance_franco_senegalaise.jpg	232369	alliance_franco_senegalaise.jpg	Franco-Senegalese League	A photo of the Franco-Senegalese League building.	\N	\N	f	\N	f	\N	2022-03-29	10	2022-03-29	\N	2022-03-29	\N	\N	33524a793a23a129014f2057fe5a3a6a3949cbb3d0f92270f0e87f0d469d4251	\N	\N	Review	\N	Alliance franco senegalaise
241	alouette_calandrelle.jpg	132747	alouette_calandrelle.jpg	Calendered Lark	A photo of a calendered lark.	\N	\N	f	\N	f	\N	2022-03-29	10	2022-03-29	\N	2022-03-29	\N	\N	284cc56cacf67fe700e24d38265cd7283c8cca5daad63b8e989919b6f9ed6cd8	\N	\N	Review	\N	Alouette calandrelle
242	alouette_chanteuse.jpg	45954	alouette_chanteuse.jpg	Singing Lark	A photo of a singing lark.	\N	\N	f	\N	f	\N	2022-03-29	10	2022-03-29	\N	2022-03-29	\N	\N	a8688d4104d8d75dce5d204175e8ef59c066f03a47fb863ededa2211bbb42c8e	\N	\N	Review	\N	Alouette chanteuse
243	alphabet_anglais_ce.pdf	59968	alphabet_anglais_ce.pdf	English Alphabet	English alphabet coloring activity.	\N	\N	f	\N	f	\N	2022-03-29	10	2022-03-29	\N	2022-03-29	\N	\N	560f10b6426eb94c805d6466714c73c382284bb93d277b24c9fdd0f6caf5f2a5	\N	\N	Review	\N	English Alphabet
244	amandine_cou_coupe.jpg	65575	amandine_cou_coupe.jpg	Cut Neck Amandine	A photo of a cut neck amandine bird.	\N	\N	f	\N	f	\N	2022-03-29	10	2022-03-29	\N	2022-03-29	\N	\N	c57dc2670b7f0e87d50eebbfc12c31cab25971536551f83a7095c06a0d377bbe	\N	\N	Review	\N	Amandine cou coup
229	ain_draham.jpg	99711	ain_draham.jpg	Ain Draham	A photo of Ain Draham.	\N	\N	f	\N	f	\N	2022-03-29	10	2022-03-29	\N	2022-03-29	\N	\N	f80114d0b6c7f8339c7787872ae6dfa56a0e192c13a243958d1a4618aac19394	\N	\N	Deaccession	\N	Ain Draham
235	algo_et_prog_cycle_sec_4eme_annee_section_sciences_informatique.pdf	2151746	algo_et_prog_cycle_sec_4eme_annee_section_sciences_informatique.pdf	Algorithm and Programming (1)	A secondary textbook on computer programming.	\N	\N	f	\N	f	\N	2022-03-29	10	2022-03-29	\N	2022-03-29	\N	\N	879168deb49bfe1612e858978cbdc46ded81d3f72336bc437e592250a1a88f97	\N	\N	Active	\N	Algorithmique et programmation
230	akwa_palace_douala.jpg	5539687	akwa_palace_douala.jpg	Akwa Palace, Douala	A photo of Akwa Palace, Douala	\N	\N	f	\N	f	\N	2022-03-29	10	2022-03-29	\N	2022-03-29	\N	\N	c5fa36096d50b6717850919ba0ab9ecfe3499a046e3b9e725e51cd70c89725d4	\N	\N	Deaccession	\N	Akwa Palace, Douala
231	aladin.pdf	943853	aladin.pdf	Aladin	Vintage comic strip portraying the classic story of Aladin.	\N	\N	f	\N	f	\N	2022-03-29	10	2022-03-29	\N	2022-03-29	\N	\N	180bc7b3bbbee974d59658c1880df5ad3003f4edda37b1ec50c59bfff5a6629e	\N	\N	Archive	\N	Aladin
232	albula_vulpes.jpg	16321	albula_vulpes.jpg	Albula Vulpes	A photo of an albula vulpes.	\N	\N	f	\N	f	\N	2022-03-29	10	2022-03-29	\N	2022-03-29	\N	\N	09225d71be39f4d7f75983b31d3ca780c957b0f4d778b13ef461dd8985871e75	\N	\N	Deaccession	\N	Albula vulpes
239	alluaudia_procera.jpg	77781	alluaudia_procera.jpg	Alluaudia Procera	A photo of an alluaudia procera plant.	\N	\N	f	\N	f	\N	2022-03-29	10	2022-03-29	\N	2022-03-29	\N	\N	f233363bc0a6f12d9943b797bbbb4d469a59c9b863d299761f2b746acc422f70	\N	\N	Deaccession	\N	Alluaudia procera
240	aloalo_tombeau_mahafalv.jpg	75961	aloalo_tombeau_mahafalv.jpg	Aloalo Tomb (Mahafaly)	A photo of the Mahafaly-culture Aloalo Tombs.	\N	\N	f	\N	f	\N	2022-03-29	10	2022-03-29	\N	2022-03-29	\N	\N	7808a9e4ec2bd9d789a0caadc2a9913ffe9610bf412a0d9085ca6bf938e95ddf	\N	\N	Deaccession	\N	Aloalo tombeau (Mahafaly)
245	amarante_du_senegal.jpg	78077	amarante_du_senegal.jpg	Senegal Amaranth	A photo of a Senegal Amaranth bird.	\N	\N	f	\N	f	\N	2022-03-29	10	2022-03-29	\N	2022-03-29	\N	\N	b0b60b2a8279624106eb8de527f0bf9455ebe6df956fa725d77d89f7a772e8b5	\N	\N	Review	\N	Amarante du sngal
246	amarante_fonce.jpg	114273	amarante_fonce.jpg	Dark Amaranth	A photo of a dark amaranth birth.	\N	\N	f	\N	f	\N	2022-03-29	10	2022-03-29	\N	2022-03-29	\N	\N	e8d51de6b9c06e86733b2ab0ddc1d0fcaacc1b7486138e22b472388b2c689982	\N	\N	Review	\N	Amarante fonc
247	amarante-a_ventre_noir.jpg	26262	amarante-a_ventre_noir.jpg	Black-Chested Amaranth	A photo of a black-chested amaranth bird.	\N	\N	f	\N	f	\N	2022-03-29	10	2022-03-29	\N	2022-03-29	\N	\N	578f19c57188032749253bb6a800ca48f9998c5398a3b2c89be86128970ec107	\N	\N	Review	\N	Amarante  ventre noir
248	amblyospize_a_front_blanc.jpg	2055749	amblyospize_a_front_blanc.jpg	White-Chested Amblyospiza	A photo of a white-chested amblyospiza bird.	\N	\N	f	\N	f	\N	2022-03-29	10	2022-03-29	\N	2022-03-29	\N	\N	61515b79c51a0c408393340d3b63ff9ff2dd28409c8c1c1630828afc717a5c3d	\N	\N	Review	\N	Amblyospize  front blanc
249	amour_medecin_moliere.pdf	367791	amour_medecin_moliere.pdf	The Love Doctor	A piece of comedy theater written by celebrated classical French playwright Molire.	\N	\N	f	\N	f	\N	2022-03-29	10	2022-03-29	\N	2022-03-29	\N	\N	0ea3c158727cff7b5303aa635e2aaaf2f4688579a4c54d54fa9024dbd3a5fba4	\N	\N	Review	\N	L'amour mdecin
250	amphitheatre_el_jem_.jpg	127757	amphitheatre_el_jem_.jpg	El Jem Ampitheater (1)	A photo of the El Jem Ampitheater.	\N	\N	f	\N	f	\N	2022-03-29	10	2022-03-29	\N	2022-03-29	\N	\N	bf04bcb408ca51645c587ac0599c6ff86bf62bc36d0df1005e10ee9626a5b541	\N	\N	Review	\N	Amphithtre El Jem (1)
251	amphitheatre_el_jem.jpg	130354	amphitheatre_el_jem.jpg	El Jem Ampitheater (2)	A photo of the El Jem Ampitheater.	\N	\N	f	\N	f	\N	2022-03-29	10	2022-03-29	\N	2022-03-29	\N	\N	2fb42da2ef36c0e4d0d473894c0cc7a6bfc8695078b1311ab9773ead382d01cd	\N	\N	Review	\N	Amphithtre El Jem (2)
253	anabase_xenophon.pdf	3293438	anabase_xenophon.pdf	Anabasis	Book by ancient Greek philosopher Xenophon. Includes original Greek text.	\N	\N	f	\N	f	\N	2022-03-29	10	2022-03-29	\N	2022-03-29	\N	\N	cbfdc84279c2fb073212a0dc1aa4f92bceed2fecd86518843ca91464d0631cf3	\N	\N	Review	\N	L'anabase
255	ancien_poste_buea.jpg	105887	ancien_poste_buea.jpg	Buea Post	\N	\N	\N	f	\N	f	\N	2022-03-29	10	2022-03-29	\N	2022-03-29	\N	\N	1f0e0a1c07805b91cb8491f79230bc24d70e1948e255ec68abd3b41e31a66f6a	\N	\N	Review	\N	Poste Buea
256	ancien_siege_de_la_woermann_linie.jpg	75969	ancien_siege_de_la_woermann_linie.jpg	Former Seat of the Woermann Linie	\N	\N	\N	f	\N	f	\N	2022-03-29	10	2022-03-29	\N	2022-03-29	\N	\N	2e2f9e2c646a93e6ba744ca7287edd4abc0279327ef137157c19eb28844195b4	\N	\N	Review	\N	Ancien sige de la Woermann Linie
259	andersens-fairy-tales-hans_christian_andersen.pdf	868990	andersens-fairy-tales-hans_christian_andersen.pdf	Andersen's Fairy Tales	Classic fairytales by Hans Christian Andersen.	\N	\N	f	\N	f	\N	2022-03-29	10	2022-03-29	\N	2022-03-29	\N	\N	6b6f4e74dc48f7654ce510bff0df47fb56f303ac2754a0ed77cc6cf91c32e0e5	\N	\N	Review	\N	Andersen's Fairy Tales
260	anglais_2eme_annee_secondaire.docx	43549	anglais_2eme_annee_secondaire.docx	English 2nd year (secondary)	An English language reading comprehension exercise for second-year foreign-language students.	\N	\N	f	\N	f	\N	2022-03-29	10	2022-03-29	\N	2022-03-29	\N	\N	bf3eac37671532bb4bee1dd58a1d8e1c756064a70f58fd3d9a958dbac879889a	\N	\N	Review	\N	Anglais 2me anne secondaire
261	anglais_cycle_secondaire_deuxieme_annee.pdf	3233985	anglais_cycle_secondaire_deuxieme_annee.pdf	Perform to Learn	English-as-a-second-language activity book for native speakers of any language.	\N	\N	f	\N	f	\N	2022-03-29	10	2022-03-29	\N	2022-03-29	\N	\N	38243a9d75fad98e66c39bbce90b9b2c9bf0d4133c6a921bb4b19848d5b60a00	\N	\N	Review	\N	Perform to Learn
262	anglais_cycle_secondaire_troisieme_annee.pdf	7794354	anglais_cycle_secondaire_troisieme_annee.pdf	Activate And Perform	An advanced student's English-as-a-second-language workbook for native speakers of any language.	\N	\N	f	\N	f	\N	2022-03-29	10	2022-03-29	\N	2022-03-29	\N	\N	0d99de74d90ec84af5f161b36fa4715d91de7a2b66bbc925392d2aac4246370f	\N	\N	Review	\N	Activate and Perform
263	anguille_marmorata.jpg	60639	anguille_marmorata.jpg	Marmorata Eel	A photo of a marmorata eel.	\N	\N	f	\N	f	\N	2022-03-29	10	2022-03-29	\N	2022-03-29	\N	\N	0b21c40974ba19357726d5b13278ac9fe02a2be7ecfc6368e79e28bf53225231	\N	\N	Review	\N	Anguille marmorata
264	anhinga_roux.jpg	2150075	anhinga_roux.jpg	Red Anhinga	A photo of a red anhinga bird.	\N	\N	f	\N	f	\N	2022-03-29	10	2022-03-29	\N	2022-03-29	\N	\N	d01d5f5a4c23926394cf43ccce42c1af7d5ad157ec8ff9dfe7e05785c23d4944	\N	\N	Review	\N	Anhinga roux
265	anne-of-green-gables-lucy_maud_montgomery.pdf	1425219	anne-of-green-gables-lucy_maud_montgomery.pdf	Anne of Green Gables	A novel by Lucy Maud Montgomery.	\N	\N	f	\N	f	\N	2022-03-29	10	2022-03-29	\N	2022-03-29	\N	\N	c4c57be13fcd72561072147d4191e4c7d4ddaa92f9c13c10d0693fcb4a41fcb0	\N	\N	Review	\N	Anne of Green Gables
267	anserelle_naine.jpg	165208	anserelle_naine.jpg	Dwarf Anserelle	A photo of a dwarf anserelle.	\N	\N	f	\N	f	\N	2022-03-29	10	2022-03-29	\N	2022-03-29	\N	\N	df97bb173d2c736f0b4dee08212cf40cba86da32955605b457c01c3774924bc6	\N	\N	Review	\N	Anserelle naine
268	antananarivo_.jpg	105291	antananarivo_.jpg	Antananarivo (2)	A photo of the city of Antananarivo.	\N	\N	f	\N	f	\N	2022-03-29	10	2022-03-29	\N	2022-03-29	\N	\N	7e92c0736523561d52cf632ba9c5f0c5d9d6f7d7d71fb0be74104c3d589c884f	\N	\N	Review	\N	Antananarivo (2)
269	antananarivo_archtecture.jpg	193385	antananarivo_archtecture.jpg	Antananarivo Architecture	A photo of architecture in Antananarivo, Madagascar.	\N	\N	f	\N	f	\N	2022-03-29	10	2022-03-29	\N	2022-03-29	\N	\N	4f1ff944fe9416953f3f7612a8d3e5ad0f9fd089d66e0df87217a03fbe69c826	\N	\N	Review	\N	Antananarivo architecture
270	antananarivo_eglise.jpg	63655	antananarivo_eglise.jpg	Antananarivo Church	A photo of a church in Antananarivo, Madagascar.	\N	\N	f	\N	f	\N	2022-03-29	10	2022-03-29	\N	2022-03-29	\N	\N	ca629d75797724784becff1f378b4fc0ca021768ceb1e12d69ab453299d74f2b	\N	\N	Review	\N	Antananarivo glise
258	ancienne_entree_hopital_aziza_othmana_tunis.jpg	84330	ancienne_entree_hopital_aziza_othmana_tunis.jpg	Ancient entrance hospital Aziza Othmana Tunis	\N	\N	\N	f	\N	f	\N	2022-03-29	10	2022-03-29	\N	2022-03-29	\N	\N	e41f1d8b58889400117efae9c449f3174552348482fb6affa4b4c7ab89b19c6c	\N	\N	Deaccession	\N	Ancienne entre hpital Aziza Othmana Tunis
254	ancien_palais_goree.jpg	116678	ancien_palais_goree.jpg	Ancient Goree Palace	A photo of an ancient Goree Palace.	\N	\N	f	\N	f	\N	2022-03-29	10	2022-03-29	\N	2022-03-29	\N	\N	9e3fcea81d230111606912d9eae62420d61b697678e5698075803edb754c9d90	\N	\N	Deaccession	\N	Ancien palais Gore
257	ancienne_architecture_traditionnelle_a_zinder.jpg	60803	ancienne_architecture_traditionnelle_a_zinder.jpg	Ancient Traditional Architecture in Zinder	A photo of a traditional-style building in Zinder.	\N	\N	f	\N	f	\N	2022-03-29	10	2022-03-29	\N	2022-03-29	\N	\N	a5517838d5bdc255a4a494b26ad30a247aed465af13e52be3fec38acd1c36e92	\N	\N	Deaccession	\N	Ancienne achitecture traditionelle  Zinder
266	anosy.jpg	99279	anosy.jpg	Anosy	A photo of Anosy, Madagascar.	\N	\N	f	\N	f	\N	2022-03-29	10	2022-03-29	\N	2022-03-29	\N	\N	e59c1075ab3ba8e945c596f94a7cc11528e422196459465100769089f1497a58	\N	\N	Deaccession	\N	Anosy
134	_antananarivo_.jpg	92066	_antananarivo_.jpg	Antananarivo (1)	A photo of the city of Antananarivo.	\N	\N	f	\N	f	\N	2022-03-23	10	2022-03-23	\N	2022-03-23	\N	\N	a086f792712ac9a991aefc6e882d8fe76087ab7db3b7cec4970bd5bb8a27997f	\N	\N	Deaccession	\N	Antananarivo (1)
271	antananarivo-rova_palais.jpg	120757	antananarivo-rova_palais.jpg	Antananarivo Rova Palace	A photo of Rova Palace in Antananarivo, Madagascar.	\N	\N	f	\N	f	\N	2022-03-29	10	2022-03-29	\N	2022-03-29	\N	\N	b4194f51d790c65cd9f11282ea20845d0d5fbea55350f40efc63b4cde206bdcb	\N	\N	Review	\N	Antananarivo Rova palais
272	antilope_.jpg	495017	antilope_.jpg	Antelope (1)	A photo of an antelope.	\N	\N	f	\N	f	\N	2022-03-29	10	2022-03-29	\N	2022-03-29	\N	\N	2454ddfbf639f19a277180ef6722bfeb04597db409aaa26bf12b0d695982296e	\N	\N	Review	\N	Antilope (1)
273	antilope.jpg	3262475	antilope.jpg	Antelope (2)	A photo of an antelope.	\N	\N	f	\N	f	\N	2022-03-29	10	2022-03-29	\N	2022-03-29	\N	\N	296d4edc53c81cfa08f9292944163bd9ece530e1043d3e2eeb5a759ee110720d	\N	\N	Review	\N	Antilope (2)
274	antsirabe.jpg	112882	antsirabe.jpg	Antsirabe	A photo of Antsirabe, Madagascar.	\N	\N	f	\N	f	\N	2022-03-29	10	2022-03-29	\N	2022-03-29	\N	\N	25e922b27786baa87d18048281225c6557a3ce0cd64ab62290a059c39213a239	\N	\N	Review	\N	Antsirabe
275	arachide_senegal.jpg	115003	arachide_senegal.jpg	Senegal Peanut	A photo of a Senegal Peanut.	\N	\N	f	\N	f	\N	2022-03-29	10	2022-03-29	\N	2022-03-29	\N	\N	72151fa6e5038d1986ee383798aebe87e9bd2d41d842d5c247a6bb85604b4f57	\N	\N	Review	\N	Arachide sngal
276	arakao.jpg	305421	arakao.jpg	Arakao	A photo of Arakao, Niger.	\N	\N	f	\N	f	\N	2022-03-29	10	2022-03-29	\N	2022-03-29	\N	\N	2da3f298aa1fd944b39db1b331936cef55a66e58b6ad1f7845f9dbfd5d9b7f05	\N	\N	Review	\N	Arakao
277	arbre_du_tenere_en_1961.jpg	33187	arbre_du_tenere_en_1961.jpg	Tree in Tenere in 1961	\N	\N	\N	f	\N	f	\N	2022-03-29	10	2022-03-29	\N	2022-03-29	\N	\N	b6d956d03dae93f3f31c9c12579aad12d091dd29a7edd75cd0eb1157c86f8320	\N	\N	Review	\N	Arbre du Tenere en 1961
278	arbre_sacre_ambohimanga.jpg	194407	arbre_sacre_ambohimanga.jpg	Sacred Tree (Ambohimanga)	A photo of a sacred tree in Ambohimanga.	\N	\N	f	\N	f	\N	2022-03-29	10	2022-03-29	\N	2022-03-29	\N	\N	b57699699dd7c09f3075ecf70823d4e96e3d798749e9b009eecac8381539baf6	\N	\N	Review	\N	Arbre Sacr (Ambohimanga)
279	arbre_sacre_chefferie_bafou.jpg	107430	arbre_sacre_chefferie_bafou.jpg	Sacred Tree  (Bafou Chiefdom)	A photo of a sacred tree from the Bafou Chiefdom, Cameroon.	\N	\N	f	\N	f	\N	2022-03-29	10	2022-03-29	\N	2022-03-29	\N	\N	45923f2e87a28f3d737a5a6cab0fd48d5ce2f34f397fe5c4e2f8cd4ad6dcba33	\N	\N	Review	\N	Arbre sacr (chefferie Bafou)
280	archipel_kerkennah.jpg	86325	archipel_kerkennah.jpg	Kerkennah Archipelago	A map of the Kerkennah Archipelago in Tunisia.	\N	\N	f	\N	f	\N	2022-03-29	10	2022-03-29	\N	2022-03-29	\N	\N	5e324a568a7b7470d6f70a7be7b619e6fd4f6cd58a07362a83daff6eb47f6412	\N	\N	Review	\N	Achipel Kerkennah
281	architecture_traditionnelle_oussouye.jpg	42565	architecture_traditionnelle_oussouye.jpg	Traditional Oussouye Architecture	A photo of traditional architecture from the Oussouye culture of Senegal.	\N	\N	f	\N	f	\N	2022-03-29	10	2022-03-29	\N	2022-03-29	\N	\N	d68473a3f76efea555473a396e27bab18b4c1c8af34e7caf8a7ca3dd8b69cb53	\N	\N	Review	\N	Architecture traditionnelle Oussouye
282	arene_amphitheatre_el_jem.jpg	236409	arene_amphitheatre_el_jem.jpg	El Jem Ampitheater (3)	A photo of the El Jem Ampitheater.	\N	\N	f	\N	f	\N	2022-03-29	10	2022-03-29	\N	2022-03-29	\N	\N	2b59b9c52ef3d63b0e63831de6ddd21aa6f056658a2e1fab4cd4d77935b10f5e	\N	\N	Review	\N	Ampithtre El Jem (3)
283	argema_mittrei_.jpg	52765	argema_mittrei_.jpg	Argema Mittrei	A photo of an argema mittrei comet moth.	\N	\N	f	\N	f	\N	2022-03-29	10	2022-03-29	\N	2022-03-29	\N	\N	5bb842a12655373664730c86881965e71ab51abb00420e8982096612860b5d91	\N	\N	Review	\N	Argema mittrei
284	armes_senegal.png	191844	armes_senegal.png	Senegal Coat of Arms	A photo of the Senegalese national coat of arms.	\N	\N	f	\N	f	\N	2022-03-29	10	2022-03-29	\N	2022-03-29	\N	\N	d44089a0ca20a4a3874fda0744e4c8213557296043541a2085796a3e6f21eb4c	\N	\N	Review	\N	Armes sngal
285	armoiries_tunisie_ok.png	100457	armoiries_tunisie_ok.png	Tunisia Coat of Arms	A photo of the Tunisian national coat of arms.	\N	\N	f	\N	f	\N	2022-03-29	10	2022-03-29	\N	2022-03-29	\N	\N	af3ac422ad2a5a3573e9c3e443b6cb3b9db0c0dd9e96fef511dda6b8798a0eaa	\N	\N	Review	\N	Armes tunisie
286	around-the-world-in-80-days-jules_verne.pdf	1289181	around-the-world-in-80-days-jules_verne.pdf	Around the World in 80 Days	A classic novel by Jules Verne.	\N	\N	f	\N	f	\N	2022-03-29	10	2022-03-29	\N	2022-03-29	\N	\N	420506cbd8322a0c774852a66204f5d0930581af199cda7efe43901e57583c8a	\N	\N	Review	\N	Around the World in 80 Days
287	arsene_lupin_contre_herlock_holmes_m_leblanc.pdf	716569	arsene_lupin_contre_herlock_holmes_m_leblanc.pdf	Herlock Sholms versus Arsne Lupin	A novel by Maurice Leblanc.	\N	\N	f	\N	f	\N	2022-03-29	10	2022-03-29	\N	2022-03-29	\N	\N	14cf1b0f1fad2f005a98a63bf172c70beeee497fdd30278b3ba08838b30e3f01	\N	\N	Review	\N	Arsne Lupin contre Herlock Sholms
288	arsene_lupin_gentleman-cambrioleur_m_leblanc.pdf	673566	arsene_lupin_gentleman-cambrioleur_m_leblanc.pdf	Arsne Lupin, Gentleman-Burglar	A novel by Maurice Leblanc.	\N	\N	f	\N	f	\N	2022-03-29	10	2022-03-29	\N	2022-03-29	\N	\N	b8da6191430ae5cdf4c7c5442e94f8775116067f20e296f6f58adc1afe93d50d	\N	\N	Review	\N	Arsne Lupin, Gentleman-Cambrioleur
289	arthur_conan_doyle_his_last_bow.pdf	1573766	arthur_conan_doyle_his_last_bow.pdf	His Last Bow	A novel by Arthur Conan Doyle.	\N	\N	f	\N	f	\N	2022-03-29	10	2022-03-29	\N	2022-03-29	\N	\N	13b1da9f6ed8a3ee73b5a78fac046f9cc942873cd00044739bb7103c25428324	\N	\N	Review	\N	His Last Bow
290	arthur_conan_doyle_sir_nigel.pdf	1611298	arthur_conan_doyle_sir_nigel.pdf	Sir Nigel	A novel by Arthur Conan Doyle.	\N	\N	f	\N	f	\N	2022-03-29	10	2022-03-29	\N	2022-03-29	\N	\N	b5434cf8595f7a70e629881b507c1c23352b908fddd56f54bbb1ea59bf678203	\N	\N	Review	\N	Sir Nigel
291	arthur_conan_doyle-tales_of_terror_and_mystery.pdf	592326	arthur_conan_doyle-tales_of_terror_and_mystery.pdf	Tales of Terror and Mystery	Composition of writings by Arthur Conan Doyle.	\N	\N	f	\N	f	\N	2022-03-29	10	2022-03-29	\N	2022-03-29	\N	\N	c5c0b91ff1db2cb1f2ce8d9abb6e9cd86f538682715068bc6cfa190376af6523	\N	\N	Review	\N	Tales of Terror and Mystery
292	arthur_conan_doyle-the_hound_of_the_baskervilles.pdf	1386729	arthur_conan_doyle-the_hound_of_the_baskervilles.pdf	The Hound of the Baskervilles	A novel by Arthur Conan Doyle.	\N	\N	f	\N	f	\N	2022-03-29	10	2022-03-29	\N	2022-03-29	\N	\N	ff193378ba873b6f2f6b8fa8d6cddc1ccb18cef924e4f8c679d5b38ab9b9f942	\N	\N	Review	\N	The Hound of the Baskervilles
293	articles_definis_et_indefinis.mp4	9064696	articles_definis_et_indefinis.mp4	Definite and Indefinite Articles	A video explaining definite and indefinite articles.	\N	\N	f	\N	f	\N	2022-03-29	10	2022-03-29	\N	2022-03-29	\N	\N	c71e2a4ebf4a257f174520a7a51f9b018ff284e07a930efb613661f14ea74e36	\N	\N	Review	\N	Articles dfinis et indfinis
294	astrild_a_joues_orange.jpg	9665	astrild_a_joues_orange.jpg	Orange-Cheeked Starling	A photo of an orange-cheeked starling bird.	\N	\N	f	\N	f	\N	2022-03-29	10	2022-03-29	\N	2022-03-29	\N	\N	240155acd4c1919c68fa553faac5e979b710634238f65a66b663284f810f63b8	\N	\N	Review	\N	Astrild  joues orange
295	astrild_queue_de_vinaigre.jpg	61888	astrild_queue_de_vinaigre.jpg	Vinegar-Tailed Astrild	A photo of a vinegar-tailed astrild bird.	\N	\N	f	\N	f	\N	2022-03-29	10	2022-03-29	\N	2022-03-29	\N	\N	49f9cb618a9c33fedb6d32186ac59da6ec120fe74965dc54a74f99744040e025	\N	\N	Review	\N	Astrild queue de vinaigre
296	avoir-au-present-singulier-aff-ce.pdf	880144	avoir-au-present-singulier-aff-ce.pdf	"To Have" in the Present : Singular	A photo of an introduction to spelling the French verb "avoir" in the first person singular tenses.	\N	\N	f	\N	f	\N	2022-03-29	10	2022-03-29	\N	2022-03-29	\N	\N	5930ad61a40974d6e97530ade5ddd34523b0a34411a0a292ea51a5cee54de594	\N	\N	Review	\N	Avoir au prsent : singulier
297	bab_bhar.jpg	83640	bab_bhar.jpg	Bab Bhar	A photo of Bab Bhar, Tunisia.	\N	\N	f	\N	f	\N	2022-03-29	10	2022-03-29	\N	2022-03-29	\N	\N	e4c96d206453453b29574fb3c6a53fc08fa93343f9444b93f2a78b1d397bb76c	\N	\N	Review	\N	Bab Bhar
298	bab_diwan_sfax.jpg	74247	bab_diwan_sfax.jpg	Bab Diwan Sfax	A photo of Bab Diwan Sfax, Tunisia.	\N	\N	f	\N	f	\N	2022-03-29	10	2022-03-29	\N	2022-03-29	\N	\N	e5df1f1f7fbad8497e99d566f62671d8ccf69d0a714cd597b7601b1c661cb0c1	\N	\N	Review	\N	Bab Diwan Sfax
299	baie_de_dieg_suarez.jpg	54690	baie_de_dieg_suarez.jpg	Antsiranana	A photo of a bay overlook in Antsiranana, Madagascar.	\N	\N	f	\N	f	\N	2022-03-29	10	2022-03-29	\N	2022-03-29	\N	\N	79f8971a7cdb92b68d3d451f8beec63a4a383aec99cee6d6eebd2d4d2949a019	\N	\N	Review	\N	Antsiranana
300	balbuzard_.jpg	205580	balbuzard_.jpg	Osprey (1)	A photo of an osprey bird.	\N	\N	f	\N	f	\N	2022-03-29	10	2022-03-29	\N	2022-03-29	\N	\N	0bd8ee8d4621bc133a0c1942972d2e209d053bef964576c89f7b6374bdccc0b4	\N	\N	Review	\N	Balbuzard (1)
301	balbuzard.jpg	238598	balbuzard.jpg	Osprey (2)	A photo of an osprey bird.	\N	\N	f	\N	f	\N	2022-03-29	10	2022-03-29	\N	2022-03-29	\N	\N	50c21edfdccf3a3c63b71eb7de3cc28ec8d3aeb3228449f02901b081ea19ea26	\N	\N	Review	\N	Balbuzard (2)
302	bamendjinda.jpg	158337	bamendjinda.jpg	Bamendjinda	A photo of Bamendjinda, Cameroon.	\N	\N	f	\N	f	\N	2022-03-29	10	2022-03-29	\N	2022-03-29	\N	\N	80779e6d872776769dd241aec820900bcaf3f5b74af67ef92998e691cfc0482e	\N	\N	Review	\N	Bamendjinda
303	bananier_bana_camaeroun.jpg	746565	bananier_bana_camaeroun.jpg	Banana Tree in Cameroon	A photo of a banana tree in Cameroon.	\N	\N	f	\N	f	\N	2022-03-29	10	2022-03-29	\N	2022-03-29	\N	\N	da6a8889ab50220611cbf0ce483a7ce8e2c6eee7f6e9ee5397d66a3b4ed71229	\N	\N	Review	\N	Bananier en Cameroun
304	bancs_de_sable_carabane.jpg	98998	bancs_de_sable_carabane.jpg	Sandbanks in Carabane	A photo of sandbanks in Carabane, Senegal.	\N	\N	f	\N	f	\N	2022-03-29	10	2022-03-29	\N	2022-03-29	\N	\N	80a38846e552a16e8ff735a4bf1f2b388d58addbbb57e0f8b614cbdad3358129	\N	\N	Review	\N	Bancs de sable, Carabane
305	banlieue_nord_tunis.jpg	118977	banlieue_nord_tunis.jpg	North Tunis Suburb	A photo of a suburb in northern Tunis.	\N	\N	f	\N	f	\N	2022-03-29	10	2022-03-29	\N	2022-03-29	\N	\N	86ae484b8e35beb674507456f4ece3903b2cb4f1225f4513785d76aa21874dc1	\N	\N	Review	\N	Banlieue nord Tunis
306	baobab.jpg	58365	baobab.jpg	Baobab	A photo of a Baobab tree, likely in Madagascar.	\N	\N	f	\N	f	\N	2022-03-29	10	2022-03-29	\N	2022-03-29	\N	\N	20dd863bc8f22b4b994d428cc2f517dc55c6e7b0ace9c5b5f268e54a5bc7b030	\N	\N	Review	\N	Baobab
307	baobabs_morondova.jpg	130223	baobabs_morondova.jpg	Baobabs in Morondava	A photo of baobab trees in Morondava, Madagascar.	\N	\N	f	\N	f	\N	2022-03-29	10	2022-03-29	\N	2022-03-29	\N	\N	2bd55d5be9bf7ac7fdcf74545a2908a3212e4e3f39713880dea2d6a86d67fa15	\N	\N	Review	\N	Baobabs Morondava
308	barge_queue_noire.jpg	185879	barge_queue_noire.jpg	Bluebeard	A vintage comic depicting the classic story of Bluebeard.	\N	\N	f	\N	f	\N	2022-03-29	10	2022-03-29	\N	2022-03-29	\N	\N	0e11ef626e265cdf44688641e01c586a0c51e9fd5b0fa01e279809e4c92f1aed	\N	\N	Review	\N	La barbe bleue
310	bases_de_donnees_4eme_annee_sec_sciences_de_l_informatique.pdf	12135568	bases_de_donnees_4eme_annee_sec_sciences_de_l_informatique.pdf	Advanced Computer Science	A textbook outlining some advanced aspects of computer science.	\N	\N	f	\N	f	\N	2022-03-29	10	2022-03-29	\N	2022-03-29	\N	\N	6a9169a5a7f311f378238d16d90c0c2948d962d1adeca98bac52910c065fc888	\N	\N	Review	\N	Bases de donnes (l'informatique)
311	blason_du_cameroun.svg.png	109544	blason_du_cameroun.svg.png	Cameroon Coat of Arms	A photo of the national coat of arms of Cameroon.	\N	\N	f	\N	f	\N	2022-03-29	10	2022-03-29	\N	2022-03-29	\N	\N	3f3d0cfec948988764209bd5de0995340b6deb3111357896baf3df239398f286	\N	\N	Review	\N	Blason du Cameroun
312	blason_niger.svg.png	101370	blason_niger.svg.png	Niger Coat of Arms	A photo of the Niger national coat of arms.	\N	\N	f	\N	f	\N	2022-03-29	10	2022-03-29	\N	2022-03-29	\N	\N	80e39273d5b010893c639e56930b805cde3f4412e74e94b60c9be0deb5f046c9	\N	\N	Review	\N	Blason du Niger
313	blasons-ce1-lecture-de-l-heure.pdf	1074133	blasons-ce1-lecture-de-l-heure.pdf	Clock Faces (Lecture on Time)	A worksheet to practice telling time on an analog clock.	\N	\N	f	\N	f	\N	2022-03-29	10	2022-03-29	\N	2022-03-29	\N	\N	f7c2e14a486cf6d99458fda2dc245836a50184ee7db6f135e78bca290a81b1c5	\N	\N	Review	\N	Blasons (lecture de l'heure)
314	cameroun.jpg	368801	cameroun.jpg	Cameroon	A map of Cameroon.	\N	\N	f	\N	f	\N	2022-03-29	10	2022-03-29	\N	2022-03-29	\N	\N	de4880e6a99bd796fa8e6874716883733287057ad56679f007d15a0e7f26da45	\N	\N	Review	\N	Cameroun
315	carte_activite_tectonique.jpg	290120	carte_activite_tectonique.jpg	Tectonic Activity map	A map of the world's tectonic plate boundaries.	\N	\N	f	\N	f	\N	2022-03-29	10	2022-03-29	\N	2022-03-29	\N	\N	0821d27cf22f9c253416475020aed9f4090855e6400672e839d371a9848b6345	\N	\N	Review	\N	Carte activit tectonique
316	carte_afrique.jpg	874711	carte_afrique.jpg	Map of Africa	A map of Africa.	\N	\N	f	\N	f	\N	2022-03-29	10	2022-03-29	\N	2022-03-29	\N	\N	6854a81c9a2453878d5a23584783d0429b19ee3d08b528f43208730290027e82	\N	\N	Review	\N	Carte afrique
317	carte_arrondissements_de_tunis.png	89637	carte_arrondissements_de_tunis.png	Map of Tunis Neighborhoods	Map of the neighborhoods of Tunis, Tunisia.	\N	\N	f	\N	f	\N	2022-03-29	10	2022-03-29	\N	2022-03-29	\N	\N	8d1944b148296ea31f31be7d1f54bb9eda45aca55c48e016c34c4766650f01f7	\N	\N	Review	\N	Carte arrondissements de Tunis
318	carte_bassin_versant_fleuve_senegal.png	373484	carte_bassin_versant_fleuve_senegal.png	Map of the Senegal Flood Basin	A map of the senegalese flood basin.	\N	\N	f	\N	f	\N	2022-03-29	10	2022-03-29	\N	2022-03-29	\N	\N	45d6fbf71235f7b06dfafc6fa543404337b7e45dc6337c6cd5ecd51ed16afa26	\N	\N	Review	\N	Carte bassin versant fleuve sngal
319	carte_de_la_zone_de_convergence_intertropicale.png	164781	carte_de_la_zone_de_convergence_intertropicale.png	Map of the Intertropical Convergence Cone	\N	\N	\N	f	\N	f	\N	2022-03-29	10	2022-03-29	\N	2022-03-29	\N	\N	f4688f577c789607df4197a2f83a9e24ae633b4f427225296aa8319c38c85002	\N	\N	Review	\N	Carte de la zone de convergence intertropicale
320	carte_de_madagascar.png	18928	carte_de_madagascar.png	Map of Madagascar	\N	\N	\N	f	\N	f	\N	2022-03-29	10	2022-03-29	\N	2022-03-29	\N	\N	d9d5de81d8e14e34f29006e46eb751462442cde9630838f85f2f69856e077a78	\N	\N	Review	\N	Carte de Madagascar
321	carte_densite_population_2004.png	68878	carte_densite_population_2004.png	Population Density Map (Madagascar 2004)	A map of Madagascar's population density circa 2004.	\N	2004-01-01	f	\N	f	\N	2022-03-29	10	2022-03-29	\N	2022-03-29	\N	\N	04834f7574d7cd6399b482a8c6948b01c1e52765681b5292409389f252e3ed2a	\N	\N	Review	\N	Carte densit population (Madagascar)
322	carte_densite_population_niger.jpg	141140	carte_densite_population_niger.jpg	Population Density Map (Niger)	\N	\N	\N	f	\N	f	\N	2022-03-29	10	2022-03-29	\N	2022-03-29	\N	\N	58b96a9eada1d295e99fc2ae9c9286ab1399793f751082cce804527e3546d4f8	\N	\N	Review	\N	Carte densit population (Niger)
323	carte_des_drapeaux_des_pays_d_afrique.png	118135	carte_des_drapeaux_des_pays_d_afrique.png	Map of Flags of African Countries	\N	\N	\N	f	\N	f	\N	2022-03-29	10	2022-03-29	\N	2022-03-29	\N	\N	a04c73e5da1e9d2870da164c87a7845eb9ec37a76a5c68c041843ce4b9c1aa4e	\N	\N	Review	\N	Carte des drapeaux de pays d'Afrique
324	carte_des_principales_plaques_tectoniques_terrestres.jpg	424773	carte_des_principales_plaques_tectoniques_terrestres.jpg	Map of Principal Terrestrial Tectonic Plates	\N	\N	\N	f	\N	f	\N	2022-03-29	10	2022-03-29	\N	2022-03-29	\N	\N	f105778e2f102f34cd827fb7a06dee3f7502f6dfa595b2c4a5297a3483378db1	\N	\N	Review	\N	Carte des principales plaques tectoniques terrestres
325	carte_du_niger.gif	11482	carte_du_niger.gif	Map of Niger	\N	\N	\N	f	\N	f	\N	2022-03-29	10	2022-03-29	\N	2022-03-29	\N	\N	075daa6b88a2350fe8b50e7d22ea4d30346aef1f5e7090217dc3abd2e4eccc9f	\N	\N	Review	\N	Carte du Niger
326	carte_du_sahel.png	40105	carte_du_sahel.png	Map of the Sahel Region	\N	\N	\N	f	\N	f	\N	2022-03-29	10	2022-03-29	\N	2022-03-29	\N	\N	a6b36214e65eb814871c814c9f525d1bbfb8e0192ff5ea9d0a9f7004897fe90f	\N	\N	Review	\N	Carte du Sahel
327	carte_du_senegal.jpg	269354	carte_du_senegal.jpg	Map of Senegal (1)	Political map of Senegal.	\N	\N	f	\N	f	\N	2022-03-29	10	2022-03-29	\N	2022-03-29	\N	\N	dbaa11ae97004b8d4371681cd4c261de7e67b482296f682766c50ff1c182501d	\N	\N	Review	\N	Carte du Sngal (1)
328	carte_du_senegal_.png	508353	carte_du_senegal_.png	Map of Senegal (2)	Physical map of Senegal.	\N	\N	f	\N	f	\N	2022-03-29	10	2022-03-29	\N	2022-03-29	\N	\N	ea19c98ae46de592938bf926d2e1346b9f65fd96cbe1cd804a9da7d2697a2ceb	\N	\N	Review	\N	Carte du Sngal (2)
329	carte_etats_afrique.jpg	383665	carte_etats_afrique.jpg	Map of African States	\N	\N	\N	f	\N	f	\N	2022-03-29	10	2022-03-29	\N	2022-03-29	\N	\N	dfcd3eaf27748f940d0248de90c10aba00a123564243f4603b04d1a82b0afc28	\N	\N	Review	\N	Carte tats afrique
330	carte_groupes_ethniques_cameroun.jpg	56439	carte_groupes_ethniques_cameroun.jpg	Map of Ethnic Groups in Cameroon	\N	\N	\N	f	\N	f	\N	2022-03-29	10	2022-03-29	\N	2022-03-29	\N	\N	1af04e09d91f8f209fcda76919d9b1b117896c166f03c10790b6304f670ad1d2	\N	\N	Review	\N	Carte groupes ethniques Cameroun
331	carte_niger.png	1954426	carte_niger.png	Map of Niger	\N	\N	\N	f	\N	f	\N	2022-03-29	10	2022-03-29	\N	2022-03-29	\N	\N	218e830037371da6fb4a33ce3c083e7f50b7a11afae09aa4036ff1c07ac2cae5	\N	\N	Review	\N	Carte Niger
332	carte_reliefs_afrique.jpg	323676	carte_reliefs_afrique.jpg	Relief Map of Africa	\N	\N	\N	f	\N	f	\N	2022-03-29	10	2022-03-29	\N	2022-03-29	\N	\N	79e59b9a25002eb3bb56ebd9073fb84dda1bd51b3631642d07cb51f8c3b06b69	\N	\N	Review	\N	Carte relief afrique
333	carte_satellite_afrique.jpg	1326382	carte_satellite_afrique.jpg	Satellite Map of Africa	\N	\N	\N	f	\N	f	\N	2022-03-29	10	2022-03-29	\N	2022-03-29	\N	\N	e972f374c67ee316090f7efdff7a4f69f414dadca42f5de781e029cc591bb018	\N	\N	Review	\N	Carte satellite Afrique
334	carte_simplifiee_des_familles_linguistiques_afrique.jpg	104385	carte_simplifiee_des_familles_linguistiques_afrique.jpg	Simplified Map of Language Families in Africa	\N	\N	\N	f	\N	f	\N	2022-03-29	10	2022-03-29	\N	2022-03-29	\N	\N	98f7c1eeafe7c3934b834e4be57009d65ce719cc7015ccb8bf3596d2e8d67823	\N	\N	Review	\N	Carte simplifie des familles linguistiques afrique
335	Sel_cach.pdf	743473	Sel_cach.pdf	Hidden salts	\N	\N	2012-01-01	f	\N	f	\N	2022-03-29	15	2022-03-29	\N	2022-03-29	\N	\N	1341b9ce8376c2ae9f3c2e010d5b0d4df5c840fb2b8ad5c0d9d152323f9027cc	\N	https://www.educapasifika.com/fr/alimentation	Review	\N	Sel cach
336	Le_petit_djeuner.pdf	515317	Le_petit_djeuner.pdf	Breakfast	\N	\N	\N	f	\N	f	\N	2022-03-29	15	2022-03-29	\N	2022-03-29	\N	\N	26c99a276077cdcfb2f9bfe78319cbad92d5cb4da90033c3d422abb46827eecc	\N	\N	Review	\N	Le petit djeuner
337	Maquette_saveurs_de_nos_les.pdf	427551	Maquette_saveurs_de_nos_les.pdf	Flavours of our islands model	\N	\N	\N	f	\N	f	\N	2022-03-29	15	2022-03-29	\N	2022-03-29	\N	\N	fb382eb403e3a12f757a556b9dd3fadd335c174d641095bd2432fee0621c8aa3	\N	\N	Review	\N	Maquette saveurs de nos les
338	Recommandations_ventes_gouters_collations.pdf	1363429	Recommandations_ventes_gouters_collations.pdf	Recommendations for snack sales	\N	\N	\N	f	\N	f	\N	2022-03-29	15	2022-03-29	\N	2022-03-29	\N	\N	9d79f27dd01c5361236988ad998b5ddf660632a54024a030a65732bfad17cd56	\N	\N	Review	\N	Recommandations ventes, gouters, collations
191	20000_lieues_sous_les_mers-j.verne.pdf	1891051	20000_lieues_sous_les_mers-j.verne.pdf	20,000 Leagues Under the Sea	Novel by Jules Verne.	\N	\N	f	\N	f	\N	2022-03-29	10	2022-03-29	\N	2022-03-29	\N	\N	868708fb01266e5937e4efb52ac6cb7f6b6113d993d7027424d98328657cabe0	\N	\N	Review	\N	20.000 lieues sous les mers
339	Moins_de_sel.pdf	2255491	Moins_de_sel.pdf	Less Salt	\N	\N	\N	f	\N	f	\N	2022-03-29	15	2022-03-29	\N	2022-03-29	\N	\N	03d10cc74697fa8ec11808f32281850c8447526d324838d5450b936fe1973806	\N	\N	Review	\N	Moins de sel
340	Livret_-_En_route_vers_la_pleine_forme.pdf	7210382	Livret_-_En_route_vers_la_pleine_forme.pdf	Booklet - On the Road to Wellness	\N	\N	\N	f	\N	f	\N	2022-03-29	15	2022-03-29	\N	2022-03-29	\N	\N	09c5200913cdd60073f7ff06f37ca3d3fd8b498e7c108cc8f9f62b2703fd19e4	\N	\N	Review	\N	Livret - En route vers la pleine forme
341	Pour_tre_un_aito_bois_de_leau_.pdf	631637	Pour_tre_un_aito_bois_de_leau_.pdf	To be an aito, drink water!	\N	\N	\N	f	\N	f	\N	2022-03-29	15	2022-03-29	\N	2022-03-29	\N	\N	7e62d07f6262434b7442f54e6d260f32fff3796c0e5eb4629a67e5e6454e311a	\N	\N	Review	\N	Pour tre un aito, bois de l'eau !
342	Panneaux_alimentation__activit_physique.pdf	1199246	Panneaux_alimentation__activit_physique.pdf	Nutrition & Physical Activity Signs	\N	\N	\N	f	\N	f	\N	2022-03-29	15	2022-03-29	\N	2022-03-29	\N	\N	69b9985a122890742cbeb005e1484a6c7cfd9e9d98d48d5d096bad081736c4f7	\N	\N	Review	\N	Panneaux alimentation & activit physique
343	Jeu_de_loie_de_Polynsie.pdf	5725366	Jeu_de_loie_de_Polynsie.pdf	Polynesia Goose Game	\N	\N	\N	f	\N	f	\N	2022-03-29	15	2022-03-29	\N	2022-03-29	\N	\N	330ef42e4809759c1e196e3de3c42da4516460870a3468b28e951004a9dd27ee	\N	\N	Review	\N	Jeu de l'oie de Polynsie
344	Cahier_de_jeux_maternelle_-_Le_goter_un_vrai_petit_repas_.pdf	1443117	Cahier_de_jeux_maternelle_-_Le_goter_un_vrai_petit_repas_.pdf	Kindergarten Playbook - The snack, a real little meal!	\N	\N	\N	f	\N	f	\N	2022-03-29	15	2022-03-29	\N	2022-03-29	\N	\N	f4207ab2ee8bba8ad6ede105713f95c191884ea12d435dd22e9c4b1e97d65d7e	\N	\N	Review	\N	Cahier de jeux maternelle - Le goter, un vrai petit repas !
345	Cahier_de_jeux_primaire_-_Le_goter_un_vrai_petit_repas_.pdf	1929628	Cahier_de_jeux_primaire_-_Le_goter_un_vrai_petit_repas_.pdf	Primary Playbook - The snack, a real little meal!	\N	\N	\N	f	\N	f	\N	2022-03-29	15	2022-03-29	\N	2022-03-29	\N	\N	6a2340bdec573e0d348266994d69354f1c5777c8b6f57dddb80e32ae1c54e18b	\N	\N	Review	\N	Cahier de jeux primaire - Le goter, un vrai petit repas !
346	Tea_Consent_Clean.mp4	5313823	Tea_Consent_Clean.mp4	Consent (Tea)	Video teaching about sexual consent through the metaphor of a cup of tea. Copyright 2015 Emmeline May and Blue Seat Studios. Copyright requires live link: https://www.youtube.com/watch?v=fGoWLWS4-kU	\N	2015-01-01	f	\N	f	\N	2022-03-29	7	2022-03-29	\N	2022-03-29	\N	\N	574f7d5f2e37bc9d355808c603cba5ff97ed9bf366b26d6797c15f288f2c2535	\N	\N	Review	\N	\N
348	12.2_Coral_Reef_Ecosystems_-_Geosciences_LibreTexts.pdf	8130158	12.2_Coral_Reef_Ecosystems_-_Geosciences_LibreTexts.pdf	LibreTexts: Coral Reef Ecosystems	\N	\N	2020-01-01	f	\N	f	\N	2022-03-29	7	2022-03-29	\N	2022-03-29	\N	\N	1ef78982baf4d7f8193d3a56abd2338156b72eb1569242c4945f5516aff05e71	\N	\N	Review	\N	\N
373	cm_exo_agrandir-reduire1.pdf	10651	cm_exo_agrandir-reduire1.pdf	Mathematics (6)	An elementary mathematics worksheet.	\N	\N	f	\N	f	\N	2022-04-04	10	2022-04-04	\N	2022-04-04	\N	\N	10297220ba9d202f31b8fb1d9652ac88c90fa47482d62514a18b029c48a4d52a	\N	\N	Review	\N	Mathmatiques (6)
374	cm_exo_agrandir-reduire2.pdf	6741	cm_exo_agrandir-reduire2.pdf	Mathematics (7)	An elementary mathematics worksheet.	\N	\N	f	\N	f	\N	2022-04-04	10	2022-04-04	\N	2022-04-04	\N	\N	354445cc1264ce219ae79a105a6d6e3e8aa17ea7a07c15faadd18e557b9465be	\N	\N	Review	\N	Mathmatiques (7)
375	cm_exo_division-naturels01.pdf	5816	cm_exo_division-naturels01.pdf	Mathematics (9)	An elementary mathematics worksheet.	\N	\N	f	\N	f	\N	2022-04-04	10	2022-04-04	\N	2022-04-04	\N	\N	a6426b0d5d9f352a132cf3f608a7eb7b91a6acb56c5ea2bb53559e2593b63c9c	\N	\N	Review	\N	Mathmatiques (9)
349	gpposter.pdf	502874	gpposter.pdf	Garbage Patches Poster	\N	\N	2013-01-01	f	\N	f	\N	2022-03-29	7	2022-03-29	\N	2022-03-29	\N	\N	337f22823f3b126bfdec81bc3e81a5933fdb4f1971cefc7c35d3f30dcf6ec519	\N	\N	Review	\N	\N
369	cm_exo_addition-decimaux01.pdf	8600	cm_exo_addition-decimaux01.pdf	Mathematics (2)	An elementary mathematics worksheet.	\N	\N	f	\N	f	\N	2022-04-04	10	2022-04-04	\N	2022-04-04	\N	\N	95c5d1513e8a9c144ef0ed07f8f5004ec55f0d873f03cf4109d625f2a0b49b22	\N	\N	Review	\N	Mathmatiques (2)
350	exploring_anxiety_printable.pdf	3013342	exploring_anxiety_printable.pdf	OpenLearn: Exploring anxiety	\N	\N	2019-01-01	f	\N	f	\N	2022-03-29	7	2022-03-29	\N	2022-03-29	\N	\N	e9f6a81d025624472a5aa2f8224a5e8802f535ea4916e4ec4c37a70e9003d45f	\N	\N	Review	\N	\N
351	step_up_to_leadership_printable.pdf	3375348	step_up_to_leadership_printable.pdf	OpenLearn: Step up to leadership	\N	\N	2019-01-01	f	\N	f	\N	2022-03-29	7	2022-03-29	\N	2022-03-29	\N	\N	d7e8caeae91506d44a0358f40f4c06458cbca113d759754868ea59d870a546bb	\N	\N	Review	\N	\N
352	speeches_and_speech_making_printable.pdf	638212	speeches_and_speech_making_printable.pdf	OpenLearn: Speeches and speech-making	\N	\N	2016-01-01	f	\N	f	\N	2022-03-29	7	2022-03-29	\N	2022-03-29	\N	\N	6488cff457aa2d6503b75e739df7ea680e095d2f9133e6a4792e9824ff069158	\N	\N	Review	\N	\N
353	leadership_and_followership_ebook_printable.pdf	5996953	leadership_and_followership_ebook_printable.pdf	OpenLearn: Leadership and followership ebook	\N	\N	2016-01-01	f	\N	f	\N	2022-03-29	7	2022-03-29	\N	2022-03-29	\N	\N	6f23db45844bf79376eb9b7cd94d90686f59a65c5202c8cf7e56e04b5efb2f1a	\N	\N	Review	\N	\N
354	justice__fairness_and_mediation_printable.pdf	1699739	justice__fairness_and_mediation_printable.pdf	OpenLearn: Justice, fairness and mediation	\N	\N	2020-01-01	f	\N	f	\N	2022-03-29	7	2022-03-29	\N	2022-03-29	\N	\N	c2cad3e668b3f880ae88d40ddca66a8bb0ff8f05bd8c8bd4e8828fd13e6676ce	\N	\N	Review	\N	\N
355	exercise_and_mental_health_printable.pdf	4478208	exercise_and_mental_health_printable.pdf	OpenLearn: Exercise and mental health	\N	\N	2016-01-01	f	\N	f	\N	2022-03-29	7	2022-03-29	\N	2022-03-29	\N	\N	341553cf84ae8e1fe83553925ffce7661fdaf40a3706dd089a9206c911b57ebd	\N	\N	Review	\N	\N
356	ST-my-special-blankie.pdf	2749355	ST-my-special-blankie.pdf	Storybook: My Special Blankie	\N	\N	2019-01-01	f	\N	f	\N	2022-03-29	7	2022-03-29	\N	2022-03-29	\N	\N	1526b6b8e2cec885a4608285fc91b89a23a27857ae828c3222a10e8150e049ae	\N	\N	Review	\N	\N
357	ST-lets-have-an-inside-day.pdf	2321029	ST-lets-have-an-inside-day.pdf	Let's Have An Inside Day Storybook	\N	\N	2018-01-01	f	\N	f	\N	2022-03-29	7	2022-03-29	\N	2022-03-29	\N	\N	d0f9b75ea124e1914cc2d92c893ad4864f96c721581169a484fadc4d9506ad77	\N	\N	Review	\N	\N
359	carte_topographique_du_niger.png	4273915	carte_topographique_du_niger.png	Topographical Map of Niger	A topographical map of Niger.	\N	\N	f	\N	f	\N	2022-04-04	10	2022-04-04	\N	2022-04-04	\N	\N	72322297c24dc828b39a5fa092e55e6f0674f14e1a2ccda7226f377c28d54be3	\N	\N	Review	\N	Carte topographique du Niger
347	Y2Mate.is_-_Advantages_and_Disadvantages_of_Waste_Incineration__WELS_Waterpedia_Environmental_Learning_Series-6vzcbgBAewU-1080p-1647985929242.mp4	48860363	Y2Mate.is_-_Advantages_and_Disadvantages_of_Waste_Incineration__WELS_Waterpedia_Environmental_Learning_Series-6vzcbgBAewU-1080p-1647985929242.mp4	Advantages and Disadvantages of Waste Incineration | WELS (Waterpedia Environmental Learning Series)	\N	\N	2017-01-01	f	\N	f	\N	2022-03-29	7	2022-03-29	\N	2022-03-29	7	\N	7af53b4efc1a9911f418047e0097b7753754f9b21030fa718f36f5c898a3f9d6	\N	\N	Review	\N	\N
109	classifying_animals_by_appearance_vs_dna_sequence_final.mp4	714818469	classifying_animals_by_appearance_vs_dna_sequence_final.mp4	Classifying animals by appearance vs dna sequence	This video about classifying animals by appearance vs DNA sequence	\N	2020-01-01	f	\N	f	\N	2022-03-22	9	2022-03-22	\N	2022-03-22	4	2022-05-18	1efe165f3be550dbd5d603fb11d349dc3fc96418c8e8456eac930a9c35fcfc68	\N	https://urldefense.com/v3/__https://drive.google.com/drive/folders/18Lsn_x1vqpxTlRI3aq3jz0zvEUKe6Y8h?usp=sharing__;!!IKRxdwAv5BmarQ!NLu79M1726SS9U_ADdojbJJ0Ou5x1MApUPoR9N6w2BnLzjPCxnsvn7DmKeEyGkI$	Active	\N	       
360	carte_vierge_du_cameroun.png	7769	carte_vierge_du_cameroun.png	Blank Map of Cameroon	A blank map of Cameroon's regions.	\N	\N	f	\N	f	\N	2022-04-04	10	2022-04-04	\N	2022-04-04	\N	\N	bd30d62b2682fd4010c25cc88f9c5abc6aa8ee899b89464fec3b75e100be88a7	\N	\N	Review	\N	Carte vierge du Cameroun
361	carte_vierge_du_niger.jpg	1262668	carte_vierge_du_niger.jpg	Blank Map of Niger	A blank map of Niger's regions.	\N	\N	f	\N	f	\N	2022-04-04	10	2022-04-04	\N	2022-04-04	\N	\N	e8f2e10a9994518dd85cd910de609eedf50797c44fe5c8162f8825ede35ebdbd	\N	\N	Review	\N	Carte vierge du Niger
362	carte_zone_tempetes_tropicales.jpg	114563	carte_zone_tempetes_tropicales.jpg	Tropical Storm Zones	A global map of tropical storm zones.	\N	\N	f	\N	f	\N	2022-04-04	10	2022-04-04	\N	2022-04-04	\N	\N	ea8022dd2a7e55d68b47e7fb011525e72c4062c9159e2d7e51553d21802067d9	\N	\N	Review	\N	Carte zones temptes tropicales
363	ceintures_conjugaison_entrainement.pdf	800593	ceintures_conjugaison_entrainement.pdf	Yellow Belt of Conjugation	A worksheet focusing on verb tenses.	\N	\N	f	\N	f	\N	2022-04-04	10	2022-04-04	\N	2022-04-04	\N	\N	844caacc27eb990d8f34e7efe09cd96aee5899da9381106ae9b90cee03165089	\N	\N	Review	\N	Ceinture jaune de conjugaison
364	ceintures_conjugaison_tests.pdf	400108	ceintures_conjugaison_tests.pdf	White Belt of Conjugation Test	Assessment of elementary verb tenses.	\N	\N	f	\N	f	\N	2022-04-04	10	2022-04-04	\N	2022-04-04	\N	\N	79652ef5d7940e2e26b5fe7972928814d252e81f5cac1905acbb664fbb2cca3b	\N	\N	Review	\N	Test ceinture blanche de conjugaison
365	chaine_alimentaire.pdf	646381	chaine_alimentaire.pdf	Food Chain	An elementary diagram of a food web.	\N	\N	f	\N	f	\N	2022-04-04	10	2022-04-04	\N	2022-04-04	\N	\N	753ec1d32e07571126fa8e7c79fc2dfb8aaff9d4b74955d73abb6a272377880f	\N	\N	Review	\N	Chane alimentaire
366	chanson_pour_apprendre_a_chuchoter_ce.pdf	222411	chanson_pour_apprendre_a_chuchoter_ce.pdf	Song For Learning How to Whisper	A song to teach children for helping them learn to quiet down.	\N	\N	f	\N	f	\N	2022-04-04	10	2022-04-04	\N	2022-04-04	\N	\N	07b73229e499f84e0f06d804bb8963c9334646ed97008d0995ee8ee849072833	\N	\N	Review	\N	Chanson pour apprendre  chuchoter
367	chaperon_rouge.pdf	808378	chaperon_rouge.pdf	Little Red Riding Hood	Vintage comic strip depicting the classic story of Little Red Riding Hood.	\N	\N	f	\N	f	\N	2022-04-04	10	2022-04-04	\N	2022-04-04	\N	\N	3da6667a55d412d73af6f5b0b8bb71e80de1d0fe60d1899f2615dc6578081151	\N	\N	Review	\N	Chaperon rouge
368	cm_exo_add-sous-mult-naturels01.pdf	7129	cm_exo_add-sous-mult-naturels01.pdf	Mathematics (1)	An elementary mathematics worksheet.	\N	\N	f	\N	f	\N	2022-04-04	10	2022-04-04	\N	2022-04-04	\N	\N	b6af5c0dc724593914514baf3e5a502192fcbc95a94e2d3ac89858e6628632dc	\N	\N	Review	\N	Mathmatiques (1)
370	cm_exo_addition-decimaux02.pdf	5625	cm_exo_addition-decimaux02.pdf	Mathematics (3)	An elementary mathematics worksheet.	\N	\N	f	\N	f	\N	2022-04-04	10	2022-04-04	\N	2022-04-04	\N	\N	0c64249ad045e44adfb17f49c48a035246dbab11ef2605fbca2c0bdd5f716b4f	\N	\N	Review	\N	Mathmatiques (3)
371	cm_exo_addition-naturels01.pdf	5505	cm_exo_addition-naturels01.pdf	Mathematics (4)	An elementary mathematics worksheet.	\N	\N	f	\N	f	\N	2022-04-04	10	2022-04-04	\N	2022-04-04	\N	\N	96294fb82209bf29e47f2d006981bbb8bc660707e86c90b2a6256ca473e83dcc	\N	\N	Review	\N	Mathmatiques (4)
372	cm_exo_addition-naturels03.pdf	6037	cm_exo_addition-naturels03.pdf	Mathematics (5)	An elementary mathematics worksheet.	\N	\N	f	\N	f	\N	2022-04-04	10	2022-04-04	\N	2022-04-04	\N	\N	4b9d90519eed1e4237bd4bdb0cc26e89355918cf4f8df1c4286e232bf6ce95a3	\N	\N	Review	\N	Mathmatiques (5)
376	cm_exo_division-naturels02.pdf	5924	cm_exo_division-naturels02.pdf	Mathematics (10)	An elementary mathematics worksheet.	\N	\N	f	\N	f	\N	2022-04-04	10	2022-04-04	\N	2022-04-04	\N	\N	18fc4122c3835232b6067d9e5eb2cb8b81ebf43147c26c20aaaa6e9d4e1280f0	\N	\N	Review	\N	Mathmatiques (10)
377	cm_exo_division-naturels04.pdf	5070	cm_exo_division-naturels04.pdf	Mathematics (11)	An elementary mathematics worksheet.	\N	\N	f	\N	f	\N	2022-04-04	10	2022-04-04	\N	2022-04-04	\N	\N	8faa4ce8c613bd01cb13fec4d544d7d11c84fcb2f1a1e6dbd2554bd72ec5b656	\N	\N	Review	\N	Mathmatiques (11)
378	cm_exo_fonctions_numerique01.pdf	6233	cm_exo_fonctions_numerique01.pdf	Mathematics (12)	An elementary mathematics worksheet.	\N	\N	f	\N	f	\N	2022-04-04	10	2022-04-04	\N	2022-04-04	\N	\N	90606545c7ac4b1bde21f3841b8f59f46270a04b4310b900533cd4b08ee74036	\N	\N	Review	\N	Mathmatiques (12)
379	cm_exo_fractions-decimaux01.pdf	44505	cm_exo_fractions-decimaux01.pdf	Mathematics (13)	An elementary mathematics worksheet.	\N	\N	f	\N	f	\N	2022-04-04	10	2022-04-04	\N	2022-04-04	\N	\N	5905defaba295f6969e1f23ff8b089e5dae6ff19b75e65ffcc24e180a27f7928	\N	\N	Review	\N	(Mathmatiques 13)
380	cm_exo_geometrie_glissement1.pdf	6402	cm_exo_geometrie_glissement1.pdf	Mathematics (14)	An elementary mathematics worksheet.	\N	\N	f	\N	f	\N	2022-04-04	10	2022-04-04	\N	2022-04-04	\N	\N	887dc3c8680546f0bceacf2a55296d525ea682e10ab13eb675adb96b5d1c201f	\N	\N	Review	\N	Mathmatiques (14)
381	cm_exo_mesures-durees2.pdf	8901	cm_exo_mesures-durees2.pdf	Mathematics (15)	An elementary mathematics worksheet.	\N	\N	f	\N	f	\N	2022-04-04	10	2022-04-04	\N	2022-04-04	\N	\N	287f6d14a32d5cffbdfb082dc4aebedcc0e971a8d2290a96a60e6ceade02e30b	\N	\N	Review	\N	Mathmatiques (15)
382	cm_exo_mesures-longueurs1.pdf	84535	cm_exo_mesures-longueurs1.pdf	Mathematics (16)	An elementary mathematics worksheet.	\N	\N	f	\N	f	\N	2022-04-04	10	2022-04-04	\N	2022-04-04	\N	\N	1ca5c9637aec03ceab081dd88f1c9620616e9b4ff63469dd393248d29292c9e9	\N	\N	Review	\N	Mathmatiques (16)
383	cm_exo_mesures-masses1.pdf	9732	cm_exo_mesures-masses1.pdf	Mathematics (17)	An elementary mathematics worksheet.	\N	\N	f	\N	f	\N	2022-04-04	10	2022-04-04	\N	2022-04-04	\N	\N	2b79c86af55d12206c38cb89713829f1647fb9af7481938e477ee90a1b1345b0	\N	\N	Review	\N	Mathmatiques (17)
384	cm_exo_mesures-masses2.pdf	9154	cm_exo_mesures-masses2.pdf	Mathematics (18)	An elementary mathematics worksheet.	\N	\N	f	\N	f	\N	2022-04-04	10	2022-04-04	\N	2022-04-04	\N	\N	75865b54fc18f23ebce6319ec5fbabf7d14f7664b3eb92dbbc96a0b1f6cba0f3	\N	\N	Review	\N	Mathmatiques (18)
385	cm_exo_multiplication-decimaux01.pdf	6167	cm_exo_multiplication-decimaux01.pdf	Mathematics (19)	An elementary mathematics worksheet.	\N	\N	f	\N	f	\N	2022-04-04	10	2022-04-04	\N	2022-04-04	\N	\N	867ef2a3ca3b5b8518eaecb67cf12460d60af324e0b1cdacab3aa94381e55b9d	\N	\N	Review	\N	Mathmatiques (19)
386	cm_exo_multiplication-decimaux02.pdf	5519	cm_exo_multiplication-decimaux02.pdf	Mathematics (20)	An elementary mathematics worksheet.	\N	\N	f	\N	f	\N	2022-04-04	10	2022-04-04	\N	2022-04-04	\N	\N	9ce8ad8c6a9dd242db89394708cfa097cf7b00dd62acc61bbf0cb8bf96a50c8a	\N	\N	Review	\N	Mathmatiques (20)
387	cm_exo_multiplication-naturels01.pdf	5763	cm_exo_multiplication-naturels01.pdf	Mathematics (21)	An elementary mathematics worksheet.	\N	\N	f	\N	f	\N	2022-04-04	10	2022-04-04	\N	2022-04-04	\N	\N	8d6555350c00ba2b3b7bd76bdeebe0ffd08fde852afc69ae0a96a2390cd84fb5	\N	\N	Review	\N	Mathmatiques (21)
388	cm_exo_multiplication-naturels02.pdf	6666	cm_exo_multiplication-naturels02.pdf	Mathematics (22)	An elementary mathematics worksheet.	\N	\N	f	\N	f	\N	2022-04-04	10	2022-04-04	\N	2022-04-04	\N	\N	a03f2e3db33560f1890a854f433f8bbe212a44f766658de2af025a8a3e62f0a0	\N	\N	Review	\N	Mathmatiques (22)
389	cm_exo_multiplication-tech-naturels03.pdf	6382	cm_exo_multiplication-tech-naturels03.pdf	Mathematics (23)	An elementary mathematics worksheet.	\N	\N	f	\N	f	\N	2022-04-04	10	2022-04-04	\N	2022-04-04	\N	\N	7370b6cf5b82d04bc0f35a4471bfa09f909b6a531f7882f096fcde7e89d77e96	\N	\N	Review	\N	Mathmatiques (23)
390	cm_exo_multiplication-tech-naturels04.pdf	5577	cm_exo_multiplication-tech-naturels04.pdf	Mathematics (24)	An elementary mathematics worksheet.	\N	\N	f	\N	f	\N	2022-04-04	10	2022-04-04	\N	2022-04-04	\N	\N	57c1d7c04b8258365ff02cd973ce1333173ff8328a71e3ba66d3decd5b58c0c1	\N	\N	Review	\N	Mathmatiques (24)
391	cm_exo_multiplication-tech-naturels05.pdf	5772	cm_exo_multiplication-tech-naturels05.pdf	Mathematics (25)	An elementary mathematics worksheet.	\N	\N	f	\N	f	\N	2022-04-04	10	2022-04-04	\N	2022-04-04	\N	\N	c2fb040ae07ce5e82ee8b8584c16c31cca08ba35aacd877df5b994911e181f41	\N	\N	Review	\N	Mathmatiques (25)
392	cm_exo_multiplication-tech-naturels06.pdf	9617	cm_exo_multiplication-tech-naturels06.pdf	Mathematics (26)	An elementary mathematics worksheet.	\N	\N	f	\N	f	\N	2022-04-04	10	2022-04-04	\N	2022-04-04	\N	\N	489d144c716f8a63f2a4f2239847e6b66574684a629f5d882595e6382300f74b	\N	\N	Review	\N	Mathmatiques (26)
393	cm_exo_operation-decimaux01.pdf	7074	cm_exo_operation-decimaux01.pdf	Mathematics (27)	An elementary mathematics worksheet.	\N	\N	f	\N	f	\N	2022-04-04	10	2022-04-04	\N	2022-04-04	\N	\N	5985414a61d39d3cb7f195bf5e014229146de781c466f33b51eef9bd58ee712d	\N	\N	Review	\N	Mathmatiques (27)
394	cm_exo_parallel-perpend.pdf	11537	cm_exo_parallel-perpend.pdf	Mathematics (28)	An elementary mathematics worksheet.	\N	\N	f	\N	f	\N	2022-04-04	10	2022-04-04	\N	2022-04-04	\N	\N	432ce98fde42e7a2589a0ce8a1c21feee43ab45c2067b401370b9dc67065d9b8	\N	\N	Review	\N	Mathmatiques (28)
395	cm_exo_parallelogrammes1.pdf	11025	cm_exo_parallelogrammes1.pdf	Mathematics (29)	An elementary mathematics worksheet.	\N	\N	f	\N	f	\N	2022-04-04	10	2022-04-04	\N	2022-04-04	\N	\N	75ae042431b8e0b0ee243ed4426d4a1cc55a54427dd42f6f8ef3ca541eba72b1	\N	\N	Review	\N	Mathmatiques (29)
396	cm_exo_parallelogrammes2.pdf	7295	cm_exo_parallelogrammes2.pdf	Mathematics (30)	An elementary mathematics worksheet.	\N	\N	f	\N	f	\N	2022-04-04	10	2022-04-04	\N	2022-04-04	\N	\N	269925e62ba4ab945be96c7ae31c944dd265f22f70defa1fe9b04b63c1c738a8	\N	\N	Review	\N	Mathmatiques (30)
397	cm_exo_polygones.pdf	7347	cm_exo_polygones.pdf	Mathematics (31)	An elementary mathematics worksheet.	\N	\N	f	\N	f	\N	2022-04-04	10	2022-04-04	\N	2022-04-04	\N	\N	233ae8f4ebacb87a51068995d60d8d93a05423b3db0996840cc11076899b87d3	\N	\N	Review	\N	Mathmatiques (31)
398	cm_exo_problemes1.pdf	6783	cm_exo_problemes1.pdf	Mathematics (32)	An elementary mathematics worksheet.	\N	\N	f	\N	f	\N	2022-04-04	10	2022-04-04	\N	2022-04-04	\N	\N	cae6ca9baa80d11a27d0dfad6db6b548a025be1640ae0325ead83bcac4cb2600	\N	\N	Review	\N	Mathmatiques (32)
399	cm_exo_proportionnalite02.pdf	9179	cm_exo_proportionnalite02.pdf	Mathematics (33)	An elementary mathematics worksheet.	\N	\N	f	\N	f	\N	2022-04-04	10	2022-04-04	\N	2022-04-04	\N	\N	7dbdeda1c06e1154b83f52cd03f02e16b7985b0042679aaa147d9fe1228c95a1	\N	\N	Review	\N	Mathmatiques (33)
400	cm_exo_proportionnalite03.pdf	5752	cm_exo_proportionnalite03.pdf	Mathematics (34)	An elementary mathematics worksheet.	\N	\N	f	\N	f	\N	2022-04-04	10	2022-04-04	\N	2022-04-04	\N	\N	8c159d7ff334a560ab9ad151cd594479bbe80490c40f0e043654a84faf3f5780	\N	\N	Review	\N	Mathmatiques (34)
401	cm_exo_reproduction1.pdf	8524	cm_exo_reproduction1.pdf	Mathematics (35)	An elementary mathematics worksheet.	\N	\N	f	\N	f	\N	2022-04-04	10	2022-04-04	\N	2022-04-04	\N	\N	64f9f70f9d134f4c7c7745f40de0aa69d53fa1210f2b6bc0539e15d4c1f07509	\N	\N	Review	\N	Mathmatiques (35)
402	cm_exo_soustraction-addition-naturels06.pdf	5876	cm_exo_soustraction-addition-naturels06.pdf	Mathematics (36)	An elementary mathematics worksheet.	\N	\N	f	\N	f	\N	2022-04-04	10	2022-04-04	\N	2022-04-04	\N	\N	8fd55b310151d0e9935f49a1e4d91a37c937e96f89e4b7055e5e9641db56df73	\N	\N	Review	\N	Mathmatiques (36)
403	cm_exo_soustraction-decimaux01.pdf	8572	cm_exo_soustraction-decimaux01.pdf	Mathematics (37)	An elementary mathematics worksheet.	\N	\N	f	\N	f	\N	2022-04-04	10	2022-04-04	\N	2022-04-04	\N	\N	f74d443a42b387e5193f2fe0f206b3b03b276eaa5e20b618401bdf699e85298a	\N	\N	Review	\N	Mathmatiques (37)
404	cm_exo_soustraction-naturels01_1.pdf	9467	cm_exo_soustraction-naturels01_1.pdf	Mathematics (38)	An elementary mathematics worksheet.	\N	\N	f	\N	f	\N	2022-04-04	10	2022-04-04	\N	2022-04-04	\N	\N	065f8e1f0077e117998d374df809aaff40df754ddaecdf3250662ebe21a3694c	\N	\N	Review	\N	Mathmatiques (38)
405	cm_exo_soustraction-naturels02.pdf	10028	cm_exo_soustraction-naturels02.pdf	Mathematics (39)	An elementary mathematics worksheet.	\N	\N	f	\N	f	\N	2022-04-04	10	2022-04-04	\N	2022-04-04	\N	\N	9dcff5dc457357190da7bff5ed96bab12d4c6f45f33b80484241061a456de136	\N	\N	Review	\N	Mathmatiques (39)
406	cm_exo_soustraction-naturels03.pdf	8778	cm_exo_soustraction-naturels03.pdf	Mathematics (40)	An elementary mathematics worksheet.	\N	\N	f	\N	f	\N	2022-04-04	10	2022-04-04	\N	2022-04-04	\N	\N	98c8a5f1994942d536efcd64e0f4e0528fd7dcc4611f5fc0a66febc664f5894f	\N	\N	Review	\N	Mathmatiques (40)
407	cm_exo_soustraction-naturels04.pdf	8494	cm_exo_soustraction-naturels04.pdf	Mathematics (41)	An elementary mathematics worksheet.	\N	\N	f	\N	f	\N	2022-04-04	10	2022-04-04	\N	2022-04-04	\N	\N	9a55d2ac47dca34a1a5158b83bafd872f2d9089e703e04b8ea1b3734d80149e2	\N	\N	Review	\N	Mathmatiques (41)
408	cm_exo_symetrie1.pdf	10545	cm_exo_symetrie1.pdf	Mathematics (42)	An elementary mathematics worksheet.	\N	\N	f	\N	f	\N	2022-04-04	10	2022-04-04	\N	2022-04-04	\N	\N	35e2843e9ddbcb14722321977a5b03460b1c83d36b9c901513fbb60dd7d441a4	\N	\N	Review	\N	Mathmatiques (42)
409	cm_exo_symetrie2.pdf	10219	cm_exo_symetrie2.pdf	Mathematics (43)	An elementary mathematics worksheet.	\N	\N	f	\N	f	\N	2022-04-04	10	2022-04-04	\N	2022-04-04	\N	\N	0d48ac8a9f1023b0775fda5f15ee2be382a318a62dd3a0418bf0fba30d9fa3de	\N	\N	Review	\N	Mathmatiques (43)
410	cm_exo_symetrie3.pdf	5907	cm_exo_symetrie3.pdf	Mathematics (44)	An elementary mathematics worksheet.	\N	\N	f	\N	f	\N	2022-04-04	10	2022-04-04	\N	2022-04-04	\N	\N	a85fa3c94a847d446a1f57005898a5929be661ea318d73d9432587f71c5836d5	\N	\N	Review	\N	Mathmatiques (44)
411	cm_exo_triangles.pdf	8574	cm_exo_triangles.pdf	Mathematics (45)	An elementary mathematics worksheet.	\N	\N	f	\N	f	\N	2022-04-04	10	2022-04-04	\N	2022-04-04	\N	\N	df4c4a5d868dc07a4b06715c5243982119d4bbabd96a9572944e7b8b13f318bb	\N	\N	Review	\N	Mathmatiques (45)
412	adumu-hd.mp4	45829353	adumu-hd.mp4	Adumu (Short Film)	Short animated film Adumu, by Adam Temple.	\N	\N	f	\N	f	\N	2022-04-04	10	2022-04-04	\N	2022-04-04	\N	\N	390cf960942b08f00e74d00710975133aea2d54a897b40b2c1f76a7ed47fc604	\N	\N	Review	\N	Adumu (Court mtrage)
413	algebra_explorations.pdf	63859647	algebra_explorations.pdf	Algebra Explorations (Pre-K through Grade 7)	Algebra textbook	\N	\N	f	\N	f	\N	2022-04-04	10	2022-04-04	\N	2022-04-04	\N	\N	d4db6f71167fe80af762c536b4e7029a8b869983056e4034d8b44a0db77e3b47	\N	\N	Review	\N	\N
414	ck12_algebra1.pdf	35356095	ck12_algebra1.pdf	CK-12 Algebra I	Algebra textbook.	\N	\N	f	\N	f	\N	2022-04-04	10	2022-04-04	\N	2022-04-04	\N	\N	c6dd83c0083fefb25a8997defb67e30c51296cf3b7be867d14c72b7ef0317dfd	\N	\N	Review	\N	\N
415	ck12_basic_algebra_concepts.pdf	61128261	ck12_basic_algebra_concepts.pdf	CK-12 Basic Algebra Concepts	Algebra textbook.	\N	\N	f	\N	f	\N	2022-04-04	10	2022-04-04	\N	2022-04-04	\N	\N	2eaaa1f050de6b222354997f441302108518946e78373f9bb95c61e54ce2c400	\N	\N	Review	\N	\N
416	ck12_basic_geometry.pdf	112945700	ck12_basic_geometry.pdf	CK-12 Basic Geometry	Geometry textbook.	\N	\N	f	\N	f	\N	2022-04-04	10	2022-04-04	\N	2022-04-04	\N	\N	73dcced751e7301c18bbf8f03dba098ada9f7bf6950c0c0407429fb97fb1ca42	\N	\N	Review	\N	\N
417	ck12_basic_prob_stats_concepts.pdf	28087306	ck12_basic_prob_stats_concepts.pdf	CK-12 Basic Probability and Statistics Concepts	Statistics textbook.	\N	\N	f	\N	f	\N	2022-04-04	10	2022-04-04	\N	2022-04-04	\N	\N	ef3c8e15e01aba88023ab13ba8c373cc032acab083958745c4173ea9ac2356af	\N	\N	Review	\N	\N
418	ck12_basic_prob_stats_full.pdf	26775588	ck12_basic_prob_stats_full.pdf	CK-12 Basic Probability and Statistics	Statistics textbook.	\N	\N	f	\N	f	\N	2022-04-04	10	2022-04-04	\N	2022-04-04	\N	\N	91c1491ba63b7517d8c0b3bcf1bfc7fb4952c64e9fabe669158ff6cfa5c1db3c	\N	\N	Review	\N	\N
419	ck12_geometry.pdf	32242257	ck12_geometry.pdf	CK-12 Geometry	Geometry textbook.	\N	\N	f	\N	f	\N	2022-04-04	10	2022-04-04	\N	2022-04-04	\N	\N	4d2b175fd567894dc393229fad1349ec83d6ba98a9872fcc32faa399da80dbed	\N	\N	Review	\N	\N
420	ck12_trigonometry.pdf	22633342	ck12_trigonometry.pdf	CK-12 Trigonometry	Trigonometry textbook.	\N	\N	f	\N	f	\N	2022-04-04	10	2022-04-04	\N	2022-04-04	\N	\N	83d93dab9b216b13587d81dcccda5dcd606776bdab4d52e2f1661232e7afed0b	\N	\N	Review	\N	\N
421	doyle_contes_pirates.pdf	306905	doyle_contes_pirates.pdf	Tales of Pirates	A compilation of pirate tales by Arthur Conan Doyle.	\N	\N	f	\N	f	\N	2022-04-04	10	2022-04-04	\N	2022-04-04	\N	\N	4997b1b5c607c77bb4bc2a776bdca8000068a10c60d0ff50a7adcaa7bf4c51ca	\N	\N	Review	\N	Contes de Pirates
422	dracula_stoker.pdf	2216749	dracula_stoker.pdf	Dracula	Dracula, by Bram Stoker.	\N	\N	f	\N	f	\N	2022-04-04	10	2022-04-04	\N	2022-04-04	\N	\N	42b99811c53d856ba194869a40ae95505d0985496714fa5635d953cecdb4781b	\N	\N	Review	\N	\N
423	dumas_aventures_de_john_davys.pdf	1213354	dumas_aventures_de_john_davys.pdf	The Adventures of John Davys	Novel "the Adventures of John Davys" by Alexandre Dumas.	\N	\N	f	\N	f	\N	2022-04-04	10	2022-04-04	\N	2022-04-04	\N	\N	194b168fcb93cd63e05e989c85a3c72eb25b0c51d809c00f7b34c8fddd301c84	\N	\N	Review	\N	Les aventures de John Davys
424	dumas_chevalier_maison-rouge.pdf	1206097	dumas_chevalier_maison-rouge.pdf	Le Chevalier de Maison-Rouge	The novel "le Chevalier de Maison-Rouge" by Alexandre Dumas.	\N	\N	f	\N	f	\N	2022-04-04	10	2022-04-04	\N	2022-04-04	\N	\N	8bede19e61fa3d73ef8416c17dd968ca7e703e7e916481c9f69c11c6f0b95b4e	\N	\N	Review	\N	Le Chevalier de Maison-Rouge
425	dumas_compagnons_jehu.pdf	3898329	dumas_compagnons_jehu.pdf	The Companions of Jhu	The novel "the Companions of Jhu" by Alexandre Dumas.	\N	\N	f	\N	f	\N	2022-04-04	10	2022-04-04	\N	2022-04-04	\N	\N	75a9d6e25994b108a5a788f3c2e6ecd7fd32d17400b852452f722e15f5785485	\N	\N	Review	\N	Les Compagnons de Jhu
426	dumas_contes_dits_deux_fois.pdf	763511	dumas_contes_dits_deux_fois.pdf	Tales Told Twice	The novel "Tales Told Twice" by Alexandre Dumas.	\N	\N	f	\N	f	\N	2022-04-04	10	2022-04-04	\N	2022-04-04	\N	\N	1a9a383ae24099dcc07e741cc54eed9b79e7cc9d630491324af177b99c88232a	\N	\N	Review	\N	Contes dits deux foix
427	dumas_le_comte_de_monte_cristo_5.pdf	1097893	dumas_le_comte_de_monte_cristo_5.pdf	The Count of Monte-Cristo	The novel "the Count of Monte-Cristo" by Alexandre Dumas.	\N	\N	f	\N	f	\N	2022-04-04	10	2022-04-04	\N	2022-04-04	\N	\N	a6f2969112498f665929ff970cf1551495ecfa03048f6462ffe480c68ea44987	\N	\N	Review	\N	Le Comte de Monte-Cristo
428	dumas_le_vicomte_de_bragelonne_1.pdf	1602044	dumas_le_vicomte_de_bragelonne_1.pdf	The Vicomte of Bragelonne: Volume 1	Novel by Alexandre Dumas.	\N	\N	f	\N	f	\N	2022-04-04	10	2022-04-04	\N	2022-04-04	\N	\N	a3ab8ecb47886d2171a4e2a80d6c34fd3eb069178f800b85f6459cac261da22b	\N	\N	Review	\N	Le Vicomte de Bragelonne: Tome 1
429	dumas_le_vicomte_de_bragelonne_2.pdf	1577889	dumas_le_vicomte_de_bragelonne_2.pdf	The Vicomte of Bragelonne: Volume 2	Novel by Alexandre Dumas.	\N	\N	f	\N	f	\N	2022-04-04	10	2022-04-04	\N	2022-04-04	\N	\N	fdd6a9aff08a0f9b6632f0a739ac01183a03b22b441db6c12490e5222bfc373d	\N	\N	Review	\N	Le Vicomte de Bragelonne: Tome 2
430	dumas_le_vicomte_de_bragelonne_3.pdf	1507885	dumas_le_vicomte_de_bragelonne_3.pdf	The Vicomte of Bragelonne: Volume 3	Novel by Alexandre Dumas.	\N	\N	f	\N	f	\N	2022-04-04	10	2022-04-04	\N	2022-04-04	\N	\N	22f8b4f8d7ceac7d7a4621a3351914f1ecda558a1adba3b264e2b29a6ebbfefa	\N	\N	Review	\N	Le Vicomte de Bragelonne: Tome 3
431	dumas_le_vicomte_de_bragelonne_4.pdf	1764788	dumas_le_vicomte_de_bragelonne_4.pdf	The Vicomte of Bragelonne: Volume 4	Novel by Alexandre Dumas.	\N	\N	f	\N	f	\N	2022-04-04	10	2022-04-04	\N	2022-04-04	\N	\N	572aa9731c7bfe4b83801b2c92ce1bdd2699ceebb92e8608fe51c737ee237b5f	\N	\N	Review	\N	Le Vicomte de Bragelonne: Tome 4
458	environmental_health_guide.pdf	15943273	environmental_health_guide.pdf	A Community Guide to Environmental Health	\N	\N	\N	f	\N	f	\N	2022-04-04	10	2022-04-04	\N	2022-04-04	\N	\N	4792d812e37ffa987017956c32677d681b8a06230c8d8f03d4c72313318f727e	\N	\N	Review	\N	\N
432	dumas_robin_hood_prince_des_voleurs1.pdf	982107	dumas_robin_hood_prince_des_voleurs1.pdf	Robin Hood, the Prince of Thieves: Volume 1	Novel by Alexandre Dumas.	\N	\N	f	\N	f	\N	2022-04-04	10	2022-04-04	\N	2022-04-04	\N	\N	41368cff9f2f9bacebd56e6e56a2e0ea2b1be55e7087c4ce3785bd45275a17aa	\N	\N	Review	\N	Robin Hood, le Prince des Voleurs: Tome 1
433	Cartes_Fun_Fruits.pdf	14685378	Cartes_Fun_Fruits.pdf	Fun Fruit Cards	\N	\N	\N	f	\N	f	\N	2022-04-04	15	2022-04-04	\N	2022-04-04	\N	\N	f9d1d61d1f86f4798657896b92dbab5898b383460300a4248d256426ddbce794	\N	\N	Review	\N	Cartes Fun Fruits
434	dumas_robin_hood.pdf	914020	dumas_robin_hood.pdf	Robin Hood the Outcast: Volume 2	Novel by Alexandre Dumas.	\N	\N	f	\N	f	\N	2022-04-04	10	2022-04-04	\N	2022-04-04	\N	\N	cdc1cae8979e3eb91c071a1be278b452540980180a9fd4cb4a15be6185f7ae3e	\N	\N	Review	\N	Robin Hood le Proscrit: Tome 2
435	ecole_des_femmes.pdf	883248	ecole_des_femmes.pdf	The School for Wives	A classic play by Molire.	\N	\N	f	\N	f	\N	2022-04-04	10	2022-04-04	\N	2022-04-04	\N	\N	5c999f49c9644df19370bc30a6ee6b4bcd9378d4f5da3506433752fc892d0043	\N	\N	Review	\N	L'cole des Femmes
436	Futunien__Ki_le_malie_o_lou_malolo_fakatino.pdf	549145	Futunien__Ki_le_malie_o_lou_malolo_fakatino.pdf	Futunien  Ki le malie o lou malolo fakatino	\N	\N	\N	f	\N	f	\N	2022-04-04	15	2022-04-04	\N	2022-04-04	\N	\N	87a4d57e2791afc79aa0becb02101fde3c20a5ece70d208f428665ba41c043cc	\N	\N	Review	\N	Futunien  Ki le malie o lou malolo fakatino
437	ecole_des_maris.pdf	593629	ecole_des_maris.pdf	The School for Husbands	Classic novel by Molire.	\N	\N	f	\N	f	\N	2022-04-04	10	2022-04-04	\N	2022-04-04	\N	\N	1291d74a322dfe24b4b645cde40ec126538bb442d596782783b15da204a410cb	\N	\N	Review	\N	L'cole des Maris
438	Wallisien__Kite_lelei_o_tou_malolo_fakasino.pdf	545850	Wallisien__Kite_lelei_o_tou_malolo_fakasino.pdf	Wallisien  Kite lelei o tou malolo fakasino	\N	\N	\N	f	\N	f	\N	2022-04-04	15	2022-04-04	\N	2022-04-04	\N	\N	41050ed75967fb518520d89ede6ed6829e0bc0a5578dc891f83e562529358a78	\N	\N	Review	\N	Wallisien  Kite lelei o tou malolo fakasino
439	Faites_regulierement_de_lexercice.pdf	569195	Faites_regulierement_de_lexercice.pdf	Exercise regularly	\N	\N	\N	f	\N	f	\N	2022-04-04	15	2022-04-04	\N	2022-04-04	\N	\N	13d703daaa111a2b595ce0a4bfbf969e254c217563cea7cb36bdfaf4cfdccead	\N	\N	Review	\N	Faites rgulirement de lexercice
440	Pour_etre_en_forme_restez_actif_poster.pdf	975624	Pour_etre_en_forme_restez_actif_poster.pdf	To be in shape, stay active!	\N	\N	\N	f	\N	f	\N	2022-04-04	15	2022-04-04	\N	2022-04-04	\N	\N	c2b83fbaadf2edce1b998d95b5272a1b2816ba97af6a12ed240e6b3e512e72fe	\N	\N	Review	\N	Pour tre en forme, restez actifs !
441	Bouger_malin_-_Toutes_les_astuces.pdf	2359999	Bouger_malin_-_Toutes_les_astuces.pdf	Move smart - All the tips	\N	\N	\N	f	\N	f	\N	2022-04-04	15	2022-04-04	\N	2022-04-04	\N	\N	eaddeeaf2890e339bf2dadbb8b75f0cc746e991191d0b6808b8e1c47bff6f119	\N	\N	Review	\N	Bouger malin - Toutes les astuces.pdf
442	Ce_quil_faut_faire_et_ne_pas_faire_lorsque_vous_toussez_ou_ternuez.pdf	1780796	Ce_quil_faut_faire_et_ne_pas_faire_lorsque_vous_toussez_ou_ternuez.pdf	What to do and not to do when you cough or sneeze	\N	\N	\N	f	\N	f	\N	2022-04-04	15	2022-04-04	\N	2022-04-04	\N	\N	a4db7ab88127200174e3f25f836d9864821d110a645412b364d8b6e2d3474bf5	\N	\N	Review	\N	Ce qu'il faut faire et ne pas faire lorsque vous toussez ou ternuez
443	Lavez-vous_les_mains.pdf	213983	Lavez-vous_les_mains.pdf	Wash your hands	\N	\N	\N	f	\N	f	\N	2022-04-04	15	2022-04-04	\N	2022-04-04	\N	\N	d9348f9e657fdc7941e810f928387765d81437960a8a09374f88c38bf5fe5577	\N	\N	Review	\N	Lavez-vous les mains
444	Brossage_des_dents_-_3__6_ans.pdf	504791	Brossage_des_dents_-_3__6_ans.pdf	Brushing teeth - 3 to 6 years	\N	\N	\N	f	\N	f	\N	2022-04-04	15	2022-04-04	\N	2022-04-04	\N	\N	5d579bddbac1b3691a79271296fa1ddb98c9b1bd04e9454877251a9c9112eeb6	\N	\N	Review	\N	Brossage des dents - 3  6 ans
445	economie_4eme_annee_secondaire_tn.pdf	290630	economie_4eme_annee_secondaire_tn.pdf	Economics: Assignment on Control	Fourth-year economics worksheet.	\N	2010-01-01	f	\N	f	\N	2022-04-04	10	2022-04-04	\N	2022-04-04	\N	\N	06305c79142979856132c1b1e723eddea575e6a3808fe465d254cbd1d871a767	\N	\N	Review	\N	conomie: devoir de contrle
446	Brossage_des_dents_-_6_ans.pdf	503208	Brossage_des_dents_-_6_ans.pdf	Brushing teeth - 6 years	\N	\N	\N	f	\N	f	\N	2022-04-04	15	2022-04-04	\N	2022-04-04	\N	\N	d8d7348759c85f502eccb5885928675bbcae3c307460a88c77a97663c53088eb	\N	\N	Review	\N	Brossage des dents - 6 ans
447	economie_4eme_annee_tn__.pdf	277445	economie_4eme_annee_tn__.pdf	Economics: Assignment on Control	Fourth-year assignment on control.	\N	\N	f	\N	f	\N	2022-04-04	10	2022-04-04	\N	2022-04-04	\N	\N	165f92d1e0c9497efc94c12d49e72672101d015c116af551d428f4121fe67183	\N	\N	Review	\N	conomie: devoir de contrle
448	economie_4eme_annee_tn.docx	20580	economie_4eme_annee_tn.docx	Economics: Assignment on Control	Fourth-year assignment on control.	\N	\N	f	\N	f	\N	2022-04-04	10	2022-04-04	\N	2022-04-04	\N	\N	129c0b04bd0ec2c5301d26091c7acd39e18b91d3be36a1354504d0adaa91b653	\N	\N	Review	\N	conomie: devoir de contrle
449	economie_4eme_annee_tn.pdf	264121	economie_4eme_annee_tn.pdf	Economics: Assignment on Synthesis	Fourth-year assignment on synthesis.	\N	\N	f	\N	f	\N	2022-04-04	10	2022-04-04	\N	2022-04-04	\N	\N	33e3bd6777a775399999a40b3fc7205a4b30bc9b5a2b856b54f9f5f4df931f54	\N	\N	Review	\N	conomie: devoir de synthse
450	economie_cycle_sec_4eme_annee_section_eco_gestion.pdf	7667431	economie_cycle_sec_4eme_annee_section_eco_gestion.pdf	To Better Understand your Economic Environment	Technical fourth-year economics textbook.	\N	\N	f	\N	f	\N	2022-04-04	10	2022-04-04	\N	2022-04-04	\N	\N	1f4cbc855ff54f38c2474d56e8da1e1898046d3531f28a9eb405da2e3c3ca174	\N	\N	Review	\N	Pour mieux connaitre votre environnement economique
451	economie_cycle_secondaire_troisieme_annee.pdf	3364886	economie_cycle_secondaire_troisieme_annee.pdf	Exploring Together the Economic Environment	Technical third-year textbook on economics.	\N	\N	f	\N	f	\N	2022-04-04	10	2022-04-04	\N	2022-04-04	\N	\N	f09ee3d22ce508e30f62a6c090fdab92f0d14a6d2ba6846784a51c3c12e1a05f	\N	\N	Review	\N	EXPLORONS ENSEMBLE LENVIRONNEMENT ECONOMIQUE
452	Fiche_activit_-_Nos_besoins_en_nergie.pdf	4064722	Fiche_activit_-_Nos_besoins_en_nergie.pdf	Activity Sheet - Our Energy Needs	\N	\N	\N	f	\N	f	\N	2022-04-04	15	2022-04-04	\N	2022-04-04	\N	\N	0ca23e075628130ac0d569474cd0566ef93c181b3ad0b366ad73e9532d97805f	\N	\N	Review	\N	Fiche activit - Nos besoins en nergie
453	economie_enseignement_secondaire.pdf	262144	economie_enseignement_secondaire.pdf	Economic Programs	Slideshow/textbook on economic management (secondary education).	\N	\N	f	\N	f	\N	2022-04-04	10	2022-04-04	\N	2022-04-04	\N	\N	6cb8d7d7d0182f4e44fb83bc1f8c93ebc26d491addccfcc9f1be1cfdfe1fea70	\N	\N	Review	\N	PROGRAMMES DECONOMIE
454	edgar_poe_le_corbeau_baudelaire.pdf	141004	edgar_poe_le_corbeau_baudelaire.pdf	The Raven	Classic Edgar Allen Poe novel translated by his equally celebrated contemporary, Charles Baudelaire.	\N	\N	f	\N	f	\N	2022-04-04	10	2022-04-04	\N	2022-04-04	\N	\N	a9888ad74d557d2c440558a44fe5a9073c9503a97aa4218acd4c66b84fb261c2	\N	\N	Review	\N	Le Corbeau
455	edgarpoe_le_scarabee_d_or.pdf	316252	edgarpoe_le_scarabee_d_or.pdf	The Golden Beetle	Classic Edgar Allen Poe novel translated by his equally celebrated contemporary, Charles Baudelaire.	\N	\N	f	\N	f	\N	2022-04-04	10	2022-04-04	\N	2022-04-04	\N	\N	f9ac71c64c351ff5fb54cdfc71e82992282dd2617266dee07a82442eb13e6314	\N	\N	Review	\N	Le Scarabe d'Or
456	Poster_-_La_balance_energetique.jpg	295397	Poster_-_La_balance_energetique.jpg	Poster - The energy balance	\N	\N	\N	f	\N	f	\N	2022-04-04	15	2022-04-04	\N	2022-04-04	\N	\N	8b57e0b8f631c84fb1c2c148539f999a10ea25e976700a75adbc483f7c08ec7b	\N	\N	Review	\N	Poster - La balance energetique
459	PPT_-_Limage_puzzle.pptx	6285692	PPT_-_Limage_puzzle.pptx	PPT - The picture puzzle	\N	\N	\N	f	\N	f	\N	2022-04-04	15	2022-04-04	\N	2022-04-04	\N	\N	43ac9cc11ccdcaf9b326456ade3350c6aa1f7517a58b45ca3b148feb52afdf60	\N	\N	Review	\N	PPT - L'image puzzle
460	health_guide_dentist.pdf	11974312	health_guide_dentist.pdf	Where There Is No Dentist	\N	\N	\N	f	\N	f	\N	2022-04-04	10	2022-04-04	\N	2022-04-04	\N	\N	a9a5f5a83cad6e4b63b8112f4a47f972a3a8571da8c7675547aebdf079504cce	\N	\N	Review	\N	\N
461	health_guide_disabled_people_english.pdf	45973694	health_guide_disabled_people_english.pdf	Disabled Village Children	\N	\N	\N	f	\N	f	\N	2022-04-04	10	2022-04-04	\N	2022-04-04	\N	\N	8f7190e98739eb672a016dc5026d5bf05c88e028728b4cb4b0de0d5515570463	\N	\N	Review	\N	\N
462	health_guide_disabled_people_english_NTSF64j.pdf	45973694	health_guide_disabled_people_english.pdf	Disabled Village Children	\N	\N	\N	f	\N	f	\N	2022-04-04	10	2022-04-04	\N	2022-04-04	\N	\N	8f7190e98739eb672a016dc5026d5bf05c88e028728b4cb4b0de0d5515570463	\N	\N	Review	\N	\N
463	health_guide_help_blind_people.pdf	11722177	health_guide_help_blind_people.pdf	Helping Children Who Are Blind	\N	\N	\N	f	\N	f	\N	2022-04-04	10	2022-04-04	\N	2022-04-04	\N	\N	e797204e9d7165987f377bd5aa8cce31cb6d6afc3a30dc583d9786acbf0106e2	\N	\N	Review	\N	\N
464	Note_de_prsentation.pdf	1284385	Note_de_prsentation.pdf	Presentation note	\N	\N	\N	f	\N	f	\N	2022-04-04	15	2022-04-04	\N	2022-04-04	\N	\N	49449f47230917805ddb4b31be6a66769117254859702ec05376ca317a044cde	\N	\N	Review	\N	Note de prsentation
465	informatique_cycle_sec_3eme_annee_section_lettres.pdf	11464354	informatique_cycle_sec_3eme_annee_section_lettres.pdf	Computer Science	Third-year of secondary education computer science textbook.	\N	\N	f	\N	f	\N	2022-04-04	10	2022-04-04	\N	2022-04-04	\N	\N	fbd50bbd94075bae51561753200f656c1fc6f94163f8a8f77a977496c3d155cd	\N	\N	Review	\N	Informatique
467	Carnet_dactivits__raliser_en_famille.pdf	34886860	Carnet_dactivits__raliser_en_famille.pdf	Family activity booklet	\N	\N	\N	f	\N	f	\N	2022-04-04	15	2022-04-04	\N	2022-04-04	\N	\N	025801ab723c07fc0ed6fa42f82381e7e94cd23d8f9c565c7815bdc380fb4e32	\N	\N	Review	\N	Carnet d'activits  raliser en famille
468	Poster_-_Pyramide_alimentaire.jpg	335206	Poster_-_Pyramide_alimentaire.jpg	Poster - Food Pyramid	\N	\N	\N	f	\N	f	\N	2022-04-04	15	2022-04-04	\N	2022-04-04	\N	\N	06e98609dda2ee7879cc0ea5cc02a03565c0ffd660910479265f76ee342de737	\N	\N	Review	\N	Poster - Pyramide alimentaire
470	Bingo_ocanien_de_la_nutrition.pdf	8096079	Bingo_ocanien_de_la_nutrition.pdf	Oceanic Nutrition Bingo	\N	\N	\N	f	\N	f	\N	2022-04-04	15	2022-04-04	\N	2022-04-04	\N	\N	ec4c88db5be27d70d12daa8ea02e36f0bf0653a4a81296ef6f209cfb085cd5ba	\N	\N	Review	\N	Bingo ocanien de la nutrition
472	manuel_grammaire_ce_part1.pdf	21087073	manuel_grammaire_ce_part1.pdf	CE Grammar Manual Part 1	Grammar textbook.	\N	\N	f	\N	f	\N	2022-04-04	10	2022-04-04	\N	2022-04-04	\N	\N	8343e344b4fac15d56b6f8e7f48dcee26894ba3bf1330726997b7a52cb77dc03	\N	\N	Review	\N	Manuel de grammaire CE Part 1
473	Poster_-_Un_arc_en_ciel_par_jour.jpg	889181	Poster_-_Un_arc_en_ciel_par_jour.jpg	Poster - One rainbow a day	\N	\N	\N	f	\N	f	\N	2022-04-04	15	2022-04-04	\N	2022-04-04	\N	\N	3968974bb8a3248939c65b5aa9f502980e86747db4402a06e794c6b9f0382831	\N	\N	Review	\N	Poster - Un arc en ciel par jour
474	manuel_grammaire_orthographe_conjugaison_ce_part2.pdf	18354660	manuel_grammaire_orthographe_conjugaison_ce_part2.pdf	CE Grammar Manual Part 2	Grammar manual.	\N	\N	f	\N	f	\N	2022-04-04	10	2022-04-04	\N	2022-04-04	\N	\N	3492efa74ee8420ba60b8405f679134dddd3fbb170690b658d8073558d129db1	\N	\N	Review	\N	Manuel de grammaire Part 2
475	manuel_grammaire_ce_part3.pdf	22022370	manuel_grammaire_ce_part3.pdf	CE Grammar Manual Part 3	Grammar textbook.	\N	\N	f	\N	f	\N	2022-04-04	10	2022-04-04	\N	2022-04-04	\N	\N	8dd5b091d8b03bb963b165700fbfa94fbc4093b9fee3208e6050a31fd4df7c86	\N	\N	Review	\N	Manuel de grammaire CE Part 3
476	Vignettes_Vili_et_larc_en_ciel.pdf	2478593	Vignettes_Vili_et_larc_en_ciel.pdf	Vignettes Vili and the rainbow	\N	\N	\N	f	\N	f	\N	2022-04-04	15	2022-04-04	\N	2022-04-04	\N	\N	1d170d063e56f4c307b73bea152923f452d281961d7867eec73ed56c98364c64	\N	\N	Review	\N	Vignettes Vili et l'arc en ciel
471	PPT_-_Questions_pour_des_champions.pptx	9641223	PPT_-_Questions_pour_des_champions.pptx	PPT - Questions for Champions	\N	\N	\N	f	\N	f	\N	2022-04-04	15	2022-04-04	\N	2022-04-04	15	\N	7508852972053a3f73aed438ea94ef513499541715975864bdcdff9769fd66d8	\N	\N	Review	\N	PPT - Questions pour des champions
469	Cartes_alimentaires_01.pdf	8973918	Cartes_alimentaires_01.pdf	Food cards	\N	\N	\N	f	\N	f	\N	2022-04-04	15	2022-04-04	\N	2022-04-04	15	\N	0aab7bb81cf4b8bacd7c25a12a2e0766b78f28e32b9b297ebfda887e5ca781d4	\N	\N	Review	\N	Cartes alimentaires
477	manuel_informatique_cycle_secondaire_deuxieme_annee_economie_et_services.pdf	11401402	manuel_informatique_cycle_secondaire_deuxieme_annee_economie_et_services.pdf	Computer Science	Second-year of secondary education computer sciences textbook.	\N	\N	f	\N	f	\N	2022-04-04	10	2022-04-04	\N	2022-04-04	\N	\N	e3d94af28b66bb79979427473d9c37dc15d73395e35f25af650ed0c5a8811041	\N	\N	Review	\N	Informatique
478	manuel_physique_cycle_secondaire__deuxieme_annee_tech_informatique.pdf	13642726	manuel_physique_cycle_secondaire__deuxieme_annee_tech_informatique.pdf	Physics	Second-year of secondary education physics textbook.	\N	\N	f	\N	f	\N	2022-04-04	10	2022-04-04	\N	2022-04-04	\N	\N	64ff1c386d7204a4055d6ad7f581ab48b165bc6f502c13f1f3ed5bda77446462	\N	\N	Review	\N	Physique
479	Vili_et_larc_en_ciel.pdf	8338866	Vili_et_larc_en_ciel.pdf	Vili and the rainbow	\N	\N	\N	f	\N	f	\N	2022-04-04	15	2022-04-04	\N	2022-04-04	\N	\N	906c841224b8cf13ef33104ce86f4e8279d9e78e51a30b20a3742fef3b2dfd9e	\N	\N	Review	\N	Vili et l'arc en ciel
480	manuel_physique_cycle_secondaire_deuxieme_annee.pdf	11187588	manuel_physique_cycle_secondaire_deuxieme_annee.pdf	Physics	Second-year of secondary education physics textbook.	\N	\N	f	\N	f	\N	2022-04-04	10	2022-04-04	\N	2022-04-04	\N	\N	63d4a70025d62324dc245ba8e11f4cdda3f3194f0f74276a8f5921f133832b8e	\N	\N	Review	\N	Physique
481	manuel_physique_cycle_secondaire_premiere_annee.pdf	11688866	manuel_physique_cycle_secondaire_premiere_annee.pdf	Physics	First-year of secondary education physics textbook.	\N	\N	f	\N	f	\N	2022-04-04	10	2022-04-04	\N	2022-04-04	\N	\N	a756a6b1c7a307d9c0971ce4c3b87443f5816c3e4f8f9ceb77ddd16dbc674e0c	\N	\N	Review	\N	Physique
482	peinture_charles_perrault.pdf	97313	peinture_charles_perrault.pdf	The Painting	Poem/artistic work by classical author Charles Perrault.	\N	\N	f	\N	f	\N	2022-04-04	10	2022-04-04	\N	2022-04-04	\N	\N	7fa14699fe994b0ea0551e0d3c28eefe0b14ce75753e1977373887c782f7ac42	\N	\N	Review	\N	La peinture
483	Poster_-_Une_assiette_quilibre_cest_facile.jpg	2749500	Poster_-_Une_assiette_quilibre_cest_facile.jpg	Poster - A balanced plate is easy!	\N	\N	\N	f	\N	f	\N	2022-04-04	15	2022-04-04	\N	2022-04-04	\N	\N	c59755d63dbb28fa3c71b860a40bb8a3cee719bc6e5e1888ba4b58e94e2f7ef9	\N	\N	Review	\N	Poster - Une assiette quilibre, c'est facile!
484	Assiette_quilibre_vide.pdf	41402	Assiette_quilibre_vide.pdf	Balanced plate (empty)	\N	\N	\N	f	\N	f	\N	2022-04-04	15	2022-04-04	\N	2022-04-04	\N	\N	51639a2915c40fe200fee45676da928be05c0526ba665df5a12b26572e7d19da	\N	\N	Review	\N	Assiette quilibre (vide)
485	Frise_rythme_des_repas_vide.pdf	121290	Frise_rythme_des_repas_vide.pdf	Meal rhythm timeline (empty)	\N	\N	\N	f	\N	f	\N	2022-04-05	15	2022-04-05	\N	2022-04-05	\N	\N	834280ed295e56dee2a7c88b3719bb348d65ddd3d8e79d96df401e7aa728a017	\N	\N	Review	\N	Frise rythme des repas (vide)
486	Vignettes_Vili_02.pdf	6043325	Vignettes_Vili_02.pdf	Vili thumbnails (02)	\N	\N	\N	f	\N	f	\N	2022-04-05	15	2022-04-05	\N	2022-04-05	\N	\N	b8b86366415c85c2b3da29a2025d96143e4f7f4f1ad4833bd7dc99ce0b2cf5d2	\N	\N	Review	\N	Vignettes Vili (02)
487	Poster_-_Prendre_un_petit_djeuner_est_important.jpg	510706	Poster_-_Prendre_un_petit_djeuner_est_important.jpg	Poster - Eating breakfast is important	\N	\N	\N	f	\N	f	\N	2022-04-05	15	2022-04-05	\N	2022-04-05	\N	\N	62cce031aef937160b351a30e1899b9afcc0ae82cc4b41a77a93a1c968906f12	\N	\N	Review	\N	Poster - Prendre un petit djeuner est important
488	Poster_-_Un_petit_djeuner_quilibr.jpg	1582043	Poster_-_Un_petit_djeuner_quilibr.jpg	Poster - A balanced breakfast	\N	\N	\N	f	\N	f	\N	2022-04-05	15	2022-04-05	\N	2022-04-05	\N	\N	d133df4710088d944ecb440fcd1d98dd8159fe949f9653c9a99098c7b40aedda	\N	\N	Review	\N	Poster - Un petit djeuner quilibr
489	perrault_fables.pdf	197914	perrault_fables.pdf	Fables	A collection of fables by classical writer Charles Perrault.	\N	\N	f	\N	f	\N	2022-04-05	10	2022-04-05	\N	2022-04-05	\N	\N	295d56836cf02b3bc232791d7e43422361f8102d5a057a0066aa318de7248897	\N	\N	Review	\N	Fables
490	Carte_alimentaires_02_-_le_sucre.pdf	10236997	Carte_alimentaires_02_-_le_sucre.pdf	Food card (02) - sugar	\N	\N	\N	f	\N	f	\N	2022-04-05	15	2022-04-05	\N	2022-04-05	\N	\N	db7add4fb5ccb42063a768383c0628e72a3bb3a772d072bc2b88f080ff981a26	\N	\N	Review	\N	Carte alimentaires (02) - le sucre
491	Poster_-_Le_sucre_cach_dans_nos_aliments.jpg	1226000	Poster_-_Le_sucre_cach_dans_nos_aliments.jpg	Poster - The hidden sugar in our food	\N	\N	\N	f	\N	f	\N	2022-04-05	15	2022-04-05	\N	2022-04-05	\N	\N	95fbd13793654ccc2888c2801abf8de06f6e26b9f741b8a21a8b031c926b9f65	\N	\N	Review	\N	Poster - Le sucre cach dans nos aliments
492	PPT_-_Le_sucre_naturel_et_le_sucre_ajout.pptx	11764141	PPT_-_Le_sucre_naturel_et_le_sucre_ajout.pptx	PPT - Natural and added sugar	\N	\N	\N	f	\N	f	\N	2022-04-05	15	2022-04-05	\N	2022-04-05	\N	\N	13594fa5d723352d9b6a100cd2b69b59989ce9ca0aa0984ebcbb3386e377c799	\N	\N	Review	\N	PPT - Le sucre naturel et le sucre ajout
493	physique_cycle_sec_3eme_annee_section_math.pdf	5194719	physique_cycle_sec_3eme_annee_section_math.pdf	Physics	Third-year secondary education textbook on physics.	\N	\N	f	\N	f	\N	2022-04-05	10	2022-04-05	\N	2022-04-05	\N	\N	a5fad4047c20ac6d08e3144afc57a5ae905dbf6c9dcce6fe06b4ba2a0bae27fb	\N	\N	Review	\N	Physique
494	physique_cycle_sec_3eme_annee_section_sciences_exp.pdf	4224900	physique_cycle_sec_3eme_annee_section_sciences_exp.pdf	Physics	Third-year secondary education textbook on physics.	\N	\N	f	\N	f	\N	2022-04-05	10	2022-04-05	\N	2022-04-05	\N	\N	102c61e2ccf4cd34e839879e0befbc752f6f8581d5a6af02d4ae54f427b28a70	\N	\N	Review	\N	Physique
495	physique_cycle_sec_3eme_annee_section_sciences_informatique.pdf	6670278	physique_cycle_sec_3eme_annee_section_sciences_informatique.pdf	Physics	Third-year secondary education textbook on physics.	\N	\N	f	\N	f	\N	2022-04-05	10	2022-04-05	\N	2022-04-05	\N	\N	45ae6660a55ca46b7775cfc35208c4596cb2bf847f6622a0df039bcc761821b2	\N	\N	Review	\N	Physique
496	physique_cycle_sec_3eme_annee_section_sciences_informatique_utBhh4L.pdf	6670278	physique_cycle_sec_3eme_annee_section_sciences_informatique.pdf	Physics	Third-year secondary education textbook on physics.	\N	\N	f	\N	f	\N	2022-04-05	10	2022-04-05	\N	2022-04-05	\N	\N	45ae6660a55ca46b7775cfc35208c4596cb2bf847f6622a0df039bcc761821b2	\N	\N	Review	\N	Physique
497	physique_cycle_sec_3eme_annee_section_sciences_techniques.pdf	5635837	physique_cycle_sec_3eme_annee_section_sciences_techniques.pdf	Physics	Third-year secondary education textbook on physics.	\N	\N	f	\N	f	\N	2022-04-05	10	2022-04-05	\N	2022-04-05	\N	\N	b40aa359adb936030181fa2d2a2401cbde1c4651eb32f8137a4c0037ca27e0ec	\N	\N	Review	\N	Physique
498	physique_cycle_sec_4eme_annee_section_math.pdf	5006171	physique_cycle_sec_4eme_annee_section_math.pdf	Physics	Fourth-year secondary education textbook on physics.	\N	\N	f	\N	f	\N	2022-04-05	10	2022-04-05	\N	2022-04-05	\N	\N	431b54dcef34a5f414d97be3778f24f92cd4ec80445d8e5262792d3c4115cd38	\N	\N	Review	\N	Physique
499	physique_cycle_sec_4eme_annee_section_sciences_exp.pdf	5260537	physique_cycle_sec_4eme_annee_section_sciences_exp.pdf	Physics	Fourth-year secondary education textbook on physics.	\N	\N	f	\N	f	\N	2022-04-05	10	2022-04-05	\N	2022-04-05	\N	\N	e75f9eac980152ddece9c507063d7fa1445d597a04768c746ef9be930b27ddf5	\N	\N	Review	\N	Physique
500	physique_cycle_sec_4eme_annee_section_sciences_informatique.pdf	5892112	physique_cycle_sec_4eme_annee_section_sciences_informatique.pdf	Physics	Fourth-year secondary education textbook on physics.	\N	\N	f	\N	f	\N	2022-04-05	10	2022-04-05	\N	2022-04-05	\N	\N	f9d471e8a23f7a3029f33457aa1762cb0ad10b4123f91350a21a42ce218291cb	\N	\N	Review	\N	Physique
501	Fiche_activit_-_Le_sel_dans_nos_aliments.pdf	271141	Fiche_activit_-_Le_sel_dans_nos_aliments.pdf	Activity sheet - Salt in our food	\N	\N	\N	f	\N	f	\N	2022-04-05	15	2022-04-05	\N	2022-04-05	\N	\N	e9ef140ad9ea6b1024bd00203db94e81bbbbad57946889e7b16f09d7040ea601	\N	\N	Review	\N	Fiche activit - Le sel dans nos aliments
502	physique_cycle_sec_4eme_annee_section_sciences_techniques.pdf	3764530	physique_cycle_sec_4eme_annee_section_sciences_techniques.pdf	Physics	Fourth-year secondary education textbook on physics.	\N	\N	f	\N	f	\N	2022-04-05	10	2022-04-05	\N	2022-04-05	\N	\N	d4552a353ef3dec212cf4dc8a005a6a997eba63fb9e1139851f58cdc35dfe537	\N	\N	Review	\N	Physique
503	Poster_-_Le_sel_dans_nos_aliments.jpg	2883347	Poster_-_Le_sel_dans_nos_aliments.jpg	Poster - The salt in our food	\N	\N	\N	f	\N	f	\N	2022-04-05	15	2022-04-05	\N	2022-04-05	\N	\N	cef517bcacaa4163e8aaf77e797ef26a582be6eabf8d4a9913886543f1578aa1	\N	\N	Review	\N	Poster - Le sel dans nos aliments
504	PPT_-_Trs_sal_ou_peu_sal.pptx	6418858	PPT_-_Trs_sal_ou_peu_sal.pptx	PPT - Very salty or slightly salty	\N	\N	\N	f	\N	f	\N	2022-04-05	15	2022-04-05	\N	2022-04-05	\N	\N	07b6ec5df9c0b48d859d1dbd14d13fe1719795135440f549b08abf4a55859452	\N	\N	Review	\N	PPT - Trs sal ou peu sal
505	ponson_du_terrail_rocambole_club_des_valets_de_coeur_1.pdf	1958948	ponson_du_terrail_rocambole_club_des_valets_de_coeur_1.pdf	Rocambole Volume 1	Classic novel by Pierre Alexis Ponson du Terrail.	\N	\N	f	\N	f	\N	2022-04-05	10	2022-04-05	\N	2022-04-05	\N	\N	9cdf24014aa722ab2cdc3ed1f5b91eb7cf032f23c56c0a2a3734b9934fd87cf8	\N	\N	Review	\N	Rocambole Tome 1
506	ponson_du_terrail_rocambole_club_des_valets_de_coeur_2.pdf	1964945	ponson_du_terrail_rocambole_club_des_valets_de_coeur_2.pdf	Rocambole Volume 2	Classic novel by Pierre Alexis Ponson du Terrail.	\N	\N	f	\N	f	\N	2022-04-05	10	2022-04-05	\N	2022-04-05	\N	\N	70b7a77dbdcda76af1514638ab0ac02938f9aaf25594178cbdd92d4b9cda78d4	\N	\N	Review	\N	Rocambole Tome 2
507	prince_charmant.pdf	954798	prince_charmant.pdf	Prince Charming	Vintage comic of Prince Charming.	\N	\N	f	\N	f	\N	2022-04-05	10	2022-04-05	\N	2022-04-05	\N	\N	ea59e7b63dafbb1a2fffc856c504e0a783ba3ec624358da97fda08c65e1d104c	\N	\N	Review	\N	Le prince charmant
508	proverbes_africains.pdf	93172	proverbes_africains.pdf	African proverbs	A series of African proverbs.	\N	\N	f	\N	f	\N	2022-04-05	10	2022-04-05	\N	2022-04-05	\N	\N	ce7959bb9760e21c9530a0786d5113f99272177ce4786593dfe11f468568d923	\N	\N	Review	\N	Proverbes africains
509	PPT_-_La_transformation_des_aliments_activits_12.pptx	11790418	PPT_-_La_transformation_des_aliments_activits_12.pptx	PPT - Food processing (activities 1&2)	\N	\N	\N	f	\N	f	\N	2022-04-05	15	2022-04-05	\N	2022-04-05	\N	\N	6a1577ba09807ac9a9d4ba478eeafccb835b7e188e72ad2b1af72bc954cbfde9	\N	\N	Review	\N	PPT - La transformation des aliments (activits 1&2)
510	Pyramide_alimentaire_vide.jpg	745351	Pyramide_alimentaire_vide.jpg	Food pyramid (empty)	\N	\N	\N	f	\N	f	\N	2022-04-05	15	2022-04-05	\N	2022-04-05	\N	\N	c7973f59412e43d8dfdbb2a1a75671c0de1fa7d4433fddbca6a0c4160f6ebeb0	\N	\N	Review	\N	Pyramide alimentaire (vide)
511	Poster_-_Savoir_lire_une_tiquette_nutritionnelle.jpg	288650	Poster_-_Savoir_lire_une_tiquette_nutritionnelle.jpg	Poster - How to read a nutrition label	\N	\N	\N	f	\N	f	\N	2022-04-05	15	2022-04-05	\N	2022-04-05	\N	\N	859145087d11188f3b0953c614dfd735871676831345421ac59a6b250a092722	\N	\N	Review	\N	Poster - Savoir lire une tiquette nutritionnelle
512	Poster_-_Informations_prsentes_sur_les_emballages_alimentaires.jpg	807760	Poster_-_Informations_prsentes_sur_les_emballages_alimentaires.jpg	Poster - Information on food packaging	\N	\N	\N	f	\N	f	\N	2022-04-05	15	2022-04-05	\N	2022-04-05	\N	\N	da26ad512b9b50366aa643315182b35020940eb80d26435a0a9f11a1c6647524	\N	\N	Review	\N	Poster - Informations prsentes sur les emballages alimentaires
513	PPT_-_Communication_mdias_et_alimentation.pptx	19899790	PPT_-_Communication_mdias_et_alimentation.pptx	PPT - Communication, Media and Food	\N	\N	\N	f	\N	f	\N	2022-04-05	15	2022-04-05	\N	2022-04-05	\N	\N	dfe90d029db3d726d5ae3b8900299e33141b367ee183ac9c57e422cd63547087	\N	\N	Review	\N	PPT - Communication, mdias et alimentation
514	Poster_-_Carte_du_monde.jpg	211422	Poster_-_Carte_du_monde.jpg	Poster - World map	\N	\N	\N	f	\N	f	\N	2022-04-05	15	2022-04-05	\N	2022-04-05	\N	\N	99d189e0bca083a52726f56208b9c6664309cca42694e62d7159c3b64560beb7	\N	\N	Review	\N	Poster - Carte du monde
515	PPT_-_Mange-t-on_partout_de_la_mme_faon.pptx	10333671	PPT_-_Mange-t-on_partout_de_la_mme_faon.pptx	PPT - Do we eat the same way everywhere?	\N	\N	\N	f	\N	f	\N	2022-04-05	15	2022-04-05	\N	2022-04-05	\N	\N	4851c52b2ac800a2d26f95497fe48c04a961359f48ebd10a8873ef3165177bdf	\N	\N	Review	\N	PPT - Mange-t-on partout de la mme faon
516	PPT_-_Produits_locaux_VS_produits_imports.pptx	5168990	PPT_-_Produits_locaux_VS_produits_imports.pptx	PPT - Local products VS imported products	\N	\N	\N	f	\N	f	\N	2022-04-05	15	2022-04-05	\N	2022-04-05	\N	\N	f6ed4568dc256438ebc72e20172f3583e7dba4e2d7dc6f14bc910514a6e085ed	\N	\N	Review	\N	PPT - Produits locaux VS produits imports
517	Poster_-_Je_choisis_les_produits_locaux.jpg	1377034	Poster_-_Je_choisis_les_produits_locaux.jpg	Poster - I choose local products	\N	\N	\N	f	\N	f	\N	2022-04-05	15	2022-04-05	\N	2022-04-05	\N	\N	46dd7ad118e48d11b4683d181f0ed204040a67322c0678765b69641dfdbf9206	\N	\N	Review	\N	Poster - Je choisis les produits locaux
518	Prsentation_du_projet.pdf	453077	Prsentation_du_projet.pdf	Project presentation	\N	\N	\N	f	\N	f	\N	2022-04-05	15	2022-04-05	\N	2022-04-05	\N	\N	c34dc9d36008e46e8f9041a32e4ff65df3dba8598a2bd40c568083bf4d5a81eb	\N	\N	Review	\N	Prsentation du projet
519	Livret_dactivits_1.pdf	995968	Livret_dactivits_1.pdf	Activity booklet_1	\N	\N	\N	f	\N	f	\N	2022-04-05	15	2022-04-05	\N	2022-04-05	\N	\N	a3e86ec9b16206076c889043a8fca82e166f0d38080089bace1d2466824cc2aa	\N	\N	Review	\N	Livret d'activits_1
520	Livre_de_conte.pdf	10675174	Livre_de_conte.pdf	Storybook	\N	\N	\N	f	\N	f	\N	2022-04-05	15	2022-04-05	\N	2022-04-05	\N	\N	dcf5ffbf0b5e0c286df1b5e22ccf9a6c4a35841cc31f17448aadece15b62c02f	\N	\N	Review	\N	Livre de conte
521	Guide_pdagogique.pdf	1427117	Guide_pdagogique.pdf	Teaching Guide	\N	\N	\N	f	\N	f	\N	2022-04-05	15	2022-04-05	\N	2022-04-05	\N	\N	86f505a9e42f20de48b5a85462b44a539cb0a91e63dd0043ec193b0814581eaa	\N	\N	Review	\N	Guide pdagogique
522	Fumer_tue.pdf	209310	Fumer_tue.pdf	Smoking kills	\N	\N	\N	f	\N	f	\N	2022-04-05	15	2022-04-05	\N	2022-04-05	\N	\N	112732824cd4a992c230bb66a35c8717dd61b35f52f157fa3bc43e377b9685dd	\N	\N	Review	\N	Fumer tue
523	Arrter_de_fumer.pdf	794612	Arrter_de_fumer.pdf	Quit Smoking	\N	\N	\N	f	\N	f	\N	2022-04-05	15	2022-04-05	\N	2022-04-05	\N	\N	442ea816f1ea619de75b16cf8e71d0d4a0c7047541d278051c103b11bac11eec	\N	\N	Review	\N	Arrter de fumer
524	Parents_ouvrons_le_dialogue.pdf	972791	Parents_ouvrons_le_dialogue.pdf	Parents, let's open the dialogue	\N	\N	\N	f	\N	f	\N	2022-04-05	15	2022-04-05	\N	2022-04-05	\N	\N	278ba8cdce5d2454ee08229b1c5e6649b4169e45663698e9897e7d3b3218870f	\N	\N	Review	\N	Parents, ouvrons le dialogue
525	Tabac_-_Faire_le_point.pdf	1004886	Tabac_-_Faire_le_point.pdf	Tobacco - Taking stock	\N	\N	\N	f	\N	f	\N	2022-04-05	15	2022-04-05	\N	2022-04-05	\N	\N	684b59dd8d39e37f625b1199d28086da644cbff3a89ef31e5a6a0729ff61ef08	\N	\N	Review	\N	Tabac - Faire le point
526	Tabagisme_passif.pdf	708021	Tabagisme_passif.pdf	Second-hand smoking	\N	\N	\N	f	\N	f	\N	2022-04-05	15	2022-04-05	\N	2022-04-05	\N	\N	e7c771cf9a301210e11288dea52c25ab93d613c119e7dda5b5ed9e8ef0c48ba0	\N	\N	Review	\N	Tabagisme passif
527	Affrontez_votre_addiction_.pdf	522021	Affrontez_votre_addiction_.pdf	Confront Your Addiction!	\N	\N	\N	f	\N	f	\N	2022-04-05	15	2022-04-05	\N	2022-04-05	\N	\N	b18afa5ab972ecb1d0efcc92a33705d4f614c4bd7c9438742ef5482146513a57	\N	\N	Review	\N	Affrontez votre addiction !
528	Wallisien_-_Taui_te_pulei_o_kita_e_te_suluka.pdf	533807	Wallisien_-_Taui_te_pulei_o_kita_e_te_suluka.pdf	Wallisien - Tau'i te pulei o kita e te suluka	\N	\N	\N	f	\N	f	\N	2022-04-05	15	2022-04-05	\N	2022-04-05	\N	\N	4156c82e495d1f2f37aedc81a428c14e500660876610348c904dc3ecc74f1d8a	\N	\N	Review	\N	Wallisien - Tau'i te pulei o kita e te suluka
529	Wallisien_-_Kote_suluka_e_faka_tupu_mate.pdf	221429	Wallisien_-_Kote_suluka_e_faka_tupu_mate.pdf	Wallisien - Kote suluka e faka tupu mate	\N	\N	\N	f	\N	f	\N	2022-04-05	15	2022-04-05	\N	2022-04-05	\N	\N	5c5a86ed321f4dad3df29775351d7c3b8fe841d57ec2fa0b5a1bffce6afd85e9	\N	\N	Review	\N	Wallisien - Kote suluka e faka tupu mate
530	Futunien_-_Kole_suluka_e_faka_tupu_mate.pdf	216847	Futunien_-_Kole_suluka_e_faka_tupu_mate.pdf	Futunien - Kole suluka e faka tupu mate	\N	\N	\N	f	\N	f	\N	2022-04-05	15	2022-04-05	\N	2022-04-05	\N	\N	689aca0bdf5f23cab837947cdf182d4dd4acddb373cfe8811b18e36f134b99af	\N	\N	Review	\N	Futunien - Kole suluka e faka tupu mate
236	algorithmique_programmation_cycle_sec_3eme_annee_sciences_informatique.pdf	1245517	algorithmique_programmation_cycle_sec_3eme_annee_sciences_informatique.pdf	Algorithm and Programming (2)	A secondary textbook on computer programming.	\N	\N	f	\N	f	\N	2022-03-29	10	2022-03-29	\N	2022-03-29	\N	\N	d4b5ead7d64831a512e38c6a900bcfc98d3b1e1ac1c49215289db409f899dddd	\N	\N	Active	\N	Algorithmique et programmation (2)
533	Casse_tetes_dhier_casse_vies_daujourdhui.pdf	199687	Casse_tetes_dhier_casse_vies_daujourdhui.pdf	Breaking yesterday's heads breaking today's lives	\N	\N	\N	f	\N	f	\N	2022-04-10	15	2022-04-10	\N	2022-04-10	\N	\N	efe70118ada9ce8683abc1e696cd4add8db20414afbe720da282372c53aef626	\N	\N	Review	\N	Casse tetes dhier casse vies daujourdhui
534	Tout_seffondre__Wake_up.pdf	1589261	Tout_seffondre__Wake_up.pdf	Everything is falling apart... (Wake up!)	\N	\N	\N	f	\N	f	\N	2022-04-10	15	2022-04-10	\N	2022-04-10	\N	\N	00ba6666e530ef2f96dfd73f4a4200d1471d954df6ad521d97668aac92252159	\N	\N	Review	\N	Tout s'effondre  (Wake up!)
532	14-_.mp4	32695174	14-_.mp4	Using Apps	The video demonstrates the use of certain apps like Painter, Note and Word.         "Note  Word.	\N	2022-01-01	f	\N	f	\N	2022-04-07	17	2022-04-07	\N	2022-04-07	\N	\N	d450cc6e3c50b499fb0c9bd612262f4e6cd6431e47231fa8e46179625ff6b074	\N	Website:https://www.microsoft.com/en-us/digital-literacy	Review	\N	 
536	Infos_jeunes_et_alcool.pdf	513905	Infos_jeunes_et_alcool.pdf	Youth and Alcohol Information	\N	\N	\N	f	\N	f	\N	2022-04-10	15	2022-04-10	\N	2022-04-10	\N	\N	be6a41b1743e64025aae7421b70ea96eaf86aeb931518cc491ff9f8655301394	\N	\N	Review	\N	Infos jeunes et alcool
537	Comment_faire_la_fte.pdf	2184031	Comment_faire_la_fte.pdf	How to party	\N	\N	\N	f	\N	f	\N	2022-04-10	15	2022-04-10	\N	2022-04-10	\N	\N	66ce9c1e24df28e8790c7bd8eb5f334c134f48c070e061db19d4c6bda31cbfef	\N	\N	Review	\N	Comment faire la fte
538	Apprendre__connatre_vos_limites_avec_lalcool.pdf	577070	Apprendre__connatre_vos_limites_avec_lalcool.pdf	Learn to know your limits with alcohol	\N	\N	\N	f	\N	f	\N	2022-04-10	15	2022-04-10	\N	2022-04-10	\N	\N	23d341d2b06bc1b295adbd6f8eca826dbb30b78d5b93d2b8daa3f5e1849e1ac1	\N	\N	Review	\N	Apprendre  connatre vos limites avec l'alcool
539	Osez_dire_non.pdf	974665	Osez_dire_non.pdf	Dare to say no	\N	\N	\N	f	\N	f	\N	2022-04-10	15	2022-04-10	\N	2022-04-10	\N	\N	7cab9d78d58496a76370c1887993812d02338e2b9bbfd5ba4ab3e245b5cbdafd	\N	\N	Review	\N	Osez dire non
541	Le_cannabis_ce_quil_faut_savoir.pdf	685287	Le_cannabis_ce_quil_faut_savoir.pdf	Cannabis, what you need to know	\N	\N	\N	f	\N	f	\N	2022-04-10	15	2022-04-10	\N	2022-04-10	\N	\N	7b54c06ff22c3286b02dddd6e96a82264d531c2ba8efd4b4cee3f001e26cd081	\N	\N	Review	\N	Le cannabis, ce qu'il faut savoir
542	Le_cannabis_et_votre_enfant.pdf	748686	Le_cannabis_et_votre_enfant.pdf	Cannabis and your child	\N	\N	\N	f	\N	f	\N	2022-04-10	15	2022-04-10	\N	2022-04-10	\N	\N	d3c971c2e553396092f5b231be5b3d0bd1bc4634bca3c7503fe062c49608f4bc	\N	\N	Review	\N	Le cannabis et votre enfant
543	Lducation_numrique_de_lenfant_-_Recommandations_pour_un_usage_progressif.pdf	287749	Lducation_numrique_de_lenfant_-_Recommandations_pour_un_usage_progressif.pdf	The digital education of the child - Recommendations for a progressive use	\N	\N	\N	f	\N	f	\N	2022-04-10	15	2022-04-10	\N	2022-04-10	\N	\N	09e5dcd78603e3bb6d48d71571e54e8c2be0e6699aabfc3b2395aad4153962a4	\N	\N	Review	\N	L'ducation numrique de l'enfant - Recommandations pour un usage progressif
544	shelley_frankenstein.pdf	683585	shelley_frankenstein.pdf	Frankenstein	The classic novel Frankenstein by Mary Shelley.	\N	\N	f	\N	f	\N	2022-04-12	10	2022-04-12	\N	2022-04-12	\N	\N	5ac63471c45f952c00e71130caf3fee2628ec7b1d407b57eab37c4ed0c3d3443	\N	\N	Review	\N	Frankenstein
545	escalier-des-mesures-bicolore-aff-cleclasse.pdf	668425	escalier-des-mesures-bicolore-aff-cleclasse.pdf	Ladder of Units	An infographic showing the levels of metric units.	\N	\N	f	\N	f	\N	2022-04-12	10	2022-04-12	\N	2022-04-12	\N	\N	3beed36d6ead693d3020e5557ea0ff823b62876238ca818f75534d0bc1d422ac	\N	\N	Review	\N	Escalier des mesures
546	evaluation_cm1_sur_l_addition_des_naturels.pdf	72175	evaluation_cm1_sur_l_addition_des_naturels.pdf	Evaluation: Natural Numbers	Elementary competency evaluation.	\N	\N	f	\N	f	\N	2022-04-12	10	2022-04-12	\N	2022-04-12	\N	\N	2b51fa6fb1d11e0ef92f8735a59ef5a3f34145bc32542ffd000c7ca77147e3af	\N	\N	Review	\N	valuation: les nombres naturels
547	evaluation_cm1_sur_l_identification_et_la_construction_de_figures.pdf	276524	evaluation_cm1_sur_l_identification_et_la_construction_de_figures.pdf	Evaluation	Elementary competency evaluation.	\N	\N	f	\N	f	\N	2022-04-12	10	2022-04-12	\N	2022-04-12	\N	\N	580661a681b60aa4758e7f15b8b957a5c08f73cbfbc7f46d189f86d271e24b92	\N	\N	Review	\N	valuation
548	evaluation_cm1_sur_la_division.pdf	97590	evaluation_cm1_sur_la_division.pdf	Evaluation	Elementary competency evaluation.	\N	\N	f	\N	f	\N	2022-04-12	10	2022-04-12	\N	2022-04-12	\N	\N	f5244c0f5795cc4bbfa7f7a40ecd44ba362e5d6eea2724f32bc52504bf965285	\N	\N	Review	\N	valuation
549	evaluation_cm1_sur_la_multiplication_des_naturels.pdf	31843	evaluation_cm1_sur_la_multiplication_des_naturels.pdf	Evaluation	Elementary competency evaluation.	\N	\N	f	\N	f	\N	2022-04-12	10	2022-04-12	\N	2022-04-12	\N	\N	d487c7a790f9c0c4b4bd4a857beece76efb0f6c3a91494801f0863ab4708a2ab	\N	\N	Review	\N	valuation
550	evaluation_cm1_sur_la_soustraction_des_naturels.pdf	69542	evaluation_cm1_sur_la_soustraction_des_naturels.pdf	Evaluation	Elementary competency evaluation.	\N	\N	f	\N	f	\N	2022-04-12	10	2022-04-12	\N	2022-04-12	\N	\N	b98f3a7d135c165ee7295018c78e139410e1e1a861de7fe8bfd5c9a2454a797b	\N	\N	Review	\N	valuation
551	evaluation_cm1_sur_le_vocabulaire_des_constructions.pdf	130510	evaluation_cm1_sur_le_vocabulaire_des_constructions.pdf	Evaluation	Elementary competency evaluation.	\N	\N	f	\N	f	\N	2022-04-12	10	2022-04-12	\N	2022-04-12	\N	\N	10c9aa535992668b4b08949df31e8d2c326c82db8b6f93d672a9a710344ac5b5	\N	\N	Review	\N	valuation
552	evaluation_cm1_sur_les_angles.pdf	85145	evaluation_cm1_sur_les_angles.pdf	Evaluation	Elementary competency evaluation.	\N	\N	f	\N	f	\N	2022-04-12	10	2022-04-12	\N	2022-04-12	\N	\N	c48c9bad36d3d6c998963f6e82dab0b727cc9b67c387103cf43390f8451da6ec	\N	\N	Review	\N	valuation
553	evaluation_cm1_sur_les_contenances.pdf	30500	evaluation_cm1_sur_les_contenances.pdf	Evaluation	Elementary competency evaluation.	\N	\N	f	\N	f	\N	2022-04-12	10	2022-04-12	\N	2022-04-12	\N	\N	8fba3dad3eb75c2db6f43c6b26d0ba183d93ad5308afffc8c2b9337de5fa861e	\N	\N	Review	\N	valuation
554	evaluation_cm1_sur_les_fractions.pdf	42078	evaluation_cm1_sur_les_fractions.pdf	Evaluation	Elementary competency evaluation.	\N	\N	f	\N	f	\N	2022-04-12	10	2022-04-12	\N	2022-04-12	\N	\N	9de67a184172a8bf6eecd5540a149da0f185258451e10a468501824de4e225a4	\N	\N	Review	\N	valuation
555	evaluation_cm1_sur_les_mesures_de_durees.pdf	57333	evaluation_cm1_sur_les_mesures_de_durees.pdf	Evaluation	Elementary competency evaluation.	\N	\N	f	\N	f	\N	2022-04-12	10	2022-04-12	\N	2022-04-12	\N	\N	d68734c3b4c9c0ceeee96dae8e58d3ac0c63b840cdda47cf42ec570006376ef2	\N	\N	Review	\N	valuation
556	evaluation_cm1_sur_les_mesures_de_longueurs.pdf	109442	evaluation_cm1_sur_les_mesures_de_longueurs.pdf	Evaluation	Elementary competency evaluation.	\N	\N	f	\N	f	\N	2022-04-12	10	2022-04-12	\N	2022-04-12	\N	\N	bf20c54ebb1e20c53e73858513744f8744968caf2935dc00a74ef9e644bbbeab	\N	\N	Review	\N	valuation
557	evaluation_cm1_sur_les_mesures_de_masses.pdf	31900	evaluation_cm1_sur_les_mesures_de_masses.pdf	Evaluation	Elementary competency evaluation.	\N	\N	f	\N	f	\N	2022-04-12	10	2022-04-12	\N	2022-04-12	\N	\N	09e5b1a432788c7657023f56036334e895155ac57e867f2fb384b6a93f3c962e	\N	\N	Review	\N	valuation
558	evaluation_cm1_sur_les_nombres_decimaux_1.pdf	38074	evaluation_cm1_sur_les_nombres_decimaux_1.pdf	Evaluation	Elementary competency evaluation.	\N	\N	f	\N	f	\N	2022-04-12	10	2022-04-12	\N	2022-04-12	\N	\N	a87819e8151b4117fced55c69d8998be2fc04fac7f82e790e3e4571fb19f8265	\N	\N	Review	\N	valuation
559	evaluation_cm1_sur_les_nombres_decimaux_2.pdf	78080	evaluation_cm1_sur_les_nombres_decimaux_2.pdf	Evaluation	Elementary competency evaluation.	\N	\N	f	\N	f	\N	2022-04-12	10	2022-04-12	\N	2022-04-12	\N	\N	5ce1cf524118289d3b9c76b16e409bee60ccbfd0d8019bdb2431e59bfa3a5058	\N	\N	Review	\N	valuation
560	evaluation_cm1_sur_les_nombres_naturels_2.pdf	26196	evaluation_cm1_sur_les_nombres_naturels_2.pdf	Evaluation	Elementary competency evaluation.	\N	\N	f	\N	f	\N	2022-04-12	10	2022-04-12	\N	2022-04-12	\N	\N	8dc68f3e6fe6e45501f8f0454f3481b5ee0902fbffc340e64b49ce6ecc35a611	\N	\N	Review	\N	valuation
561	evaluation_cm1_sur_les_operations_sur_les_decimaux.pdf	228999	evaluation_cm1_sur_les_operations_sur_les_decimaux.pdf	Evaluation	Elementary competency evaluation.	\N	\N	f	\N	f	\N	2022-04-12	10	2022-04-12	\N	2022-04-12	\N	\N	bd3944ea7676271ca25bee78575cbe80d9de6e387b19121d0ebb65124b11da1c	\N	\N	Review	\N	valuation
562	evaluation_cm1_sur_les_paralleles_et_les_perpendiculaires.pdf	182075	evaluation_cm1_sur_les_paralleles_et_les_perpendiculaires.pdf	Evaluation	Elementary competency evaluation.	\N	\N	f	\N	f	\N	2022-04-12	10	2022-04-12	\N	2022-04-12	\N	\N	03ac4427b9364c61a505957a714dba7aa05d215fdc593f132f41c516f40af7da	\N	\N	Review	\N	valuation
563	evaluation_cm1_sur_les_perimetres_et_aires.pdf	70417	evaluation_cm1_sur_les_perimetres_et_aires.pdf	Evaluation	Elementary competency evaluation.	\N	\N	f	\N	f	\N	2022-04-12	10	2022-04-12	\N	2022-04-12	\N	\N	e6f6fe3de46028f51026404790280989a4fce184e1e9f8daf4f23f527da8a647	\N	\N	Review	\N	valuation
564	evaluation_cm1_sur_les_solides_droits.pdf	34101	evaluation_cm1_sur_les_solides_droits.pdf	Evaluation	Elementary competency evaluation.	\N	\N	f	\N	f	\N	2022-04-12	10	2022-04-12	\N	2022-04-12	\N	\N	9e1e535f11a39c13374ae04a2d2f299c18b490255a34f53fe4a9d0a38f72940d	\N	\N	Review	\N	valuation
565	evaluation_cm1_sur_les_tableaux_et_proportionnalite.pdf	97796	evaluation_cm1_sur_les_tableaux_et_proportionnalite.pdf	Evaluation	Elementary competency evaluation.	\N	\N	f	\N	f	\N	2022-04-12	10	2022-04-12	\N	2022-04-12	\N	\N	6bfc034f808eb9ba49869c76b0beb326db0e6ad03bb94ac3b8cd63afedac651b	\N	\N	Review	\N	valuation
566	evaluation_cm1_sur_les_tableaux_graphiques_et_proportionnalite.pdf	474625	evaluation_cm1_sur_les_tableaux_graphiques_et_proportionnalite.pdf	Evaluation	Elementary competency evaluation.	\N	\N	f	\N	f	\N	2022-04-12	10	2022-04-12	\N	2022-04-12	\N	\N	07ed7cb0611b5c074882ad2be8bb934a2f6e716ef9d9d0eef33d385f41a24702	\N	\N	Review	\N	valuation
567	evaluation_comparaison_des_naturels_cm_.pdf	9209	evaluation_comparaison_des_naturels_cm_.pdf	Evaluation	Elementary competency evaluation.	\N	\N	f	\N	f	\N	2022-04-12	10	2022-04-12	\N	2022-04-12	\N	\N	6c457fa732818fe810a000b42d245491c4a55bcbd56ffa9d6d0a8ffe952c817f	\N	\N	Review	\N	valuation
568	evaluation_comparaison_des_nombres_naturels_cm.pdf	27429	evaluation_comparaison_des_nombres_naturels_cm.pdf	Evaluation	Elementary competency evaluation.	\N	\N	f	\N	f	\N	2022-04-12	10	2022-04-12	\N	2022-04-12	\N	\N	a15e54c577fe2afaba0b017bfcca5a915b39829c061393248a2413d1cceb2d26	\N	\N	Review	\N	valuation
569	evaluation_sciences_ce2.pdf	1107922	evaluation_sciences_ce2.pdf	Evaluation	Elementary competency evaluation.	\N	\N	f	\N	f	\N	2022-04-12	10	2022-04-12	\N	2022-04-12	\N	\N	0faaba270ef5db990615417b0781ae48275e79e8921e0c7085f481d262a6e9bc	\N	\N	Review	\N	valuation
570	evaluation_sur_les_multiples_d_un_nombre_cm.pdf	28135	evaluation_sur_les_multiples_d_un_nombre_cm.pdf	Evaluation	Elementary competency evaluation.	\N	\N	f	\N	f	\N	2022-04-12	10	2022-04-12	\N	2022-04-12	\N	\N	fb838255eb8bf6b71bc99b7ceebc25d483c224a6584c5dac7a21f129b0e439ba	\N	\N	Review	\N	valuation
571	evaluation_sur_les_nombres_naturels_1_cm.pdf	29874	evaluation_sur_les_nombres_naturels_1_cm.pdf	Evaluation	Elementary competency evaluation.	\N	\N	f	\N	f	\N	2022-04-12	10	2022-04-12	\N	2022-04-12	\N	\N	9cee4ab2af97c22d88e98f9aca58aa85d6c6b7cec1124723df08e8ac165ad021	\N	\N	Review	\N	valuation
572	evaluation-1-cm-vocabulaire-et-perpendiculaire.pdf	388614	evaluation-1-cm-vocabulaire-et-perpendiculaire.pdf	Evaluation	Elementary competency evaluation.	\N	\N	f	\N	f	\N	2022-04-12	10	2022-04-12	\N	2022-04-12	\N	\N	8b60024fa0be9aef2fbf291048520a54ffdb0db1e4e7f4ebf4845e7abc9ddacd	\N	\N	Review	\N	valuation
573	evaluation-2-cm-mesures-de-longueurs-polygones.pdf	423799	evaluation-2-cm-mesures-de-longueurs-polygones.pdf	Evaluation	Elementary competency evaluation.	\N	\N	f	\N	f	\N	2022-04-12	10	2022-04-12	\N	2022-04-12	\N	\N	7a11ce68522b6d437b678bc6284c76d67b49d5844a7994e8100e3424a37e2fd7	\N	\N	Review	\N	valuation
574	examen-du-2eme-trimestre-francais-6-eme-annee-primaire.pdf	225544	examen-du-2eme-trimestre-francais-6-eme-annee-primaire.pdf	Exam	Elementary lecture exam.	\N	\N	f	\N	f	\N	2022-04-12	10	2022-04-12	\N	2022-04-12	\N	\N	0246f822140358cb8827eb04f92058b0e8ec14900ad7a53c08b8e29246d76a45	\N	\N	Review	\N	Examen
575	exercices_d_entrainement_nombres_decimaux_03_cm.pdf	5679	exercices_d_entrainement_nombres_decimaux_03_cm.pdf	Exercises	Elementary exercise worksheet.	\N	\N	f	\N	f	\N	2022-04-12	10	2022-04-12	\N	2022-04-12	\N	\N	67b6ed9060587f3b211a6ea081343defee1636f9ad1f7f24bd5aa034741d6330	\N	\N	Review	\N	Exercices
576	exercices_d_entrainement_nombres_decimaux_04_cm.pdf	6352	exercices_d_entrainement_nombres_decimaux_04_cm.pdf	Exercises	Elementary exercise worksheet.	\N	\N	f	\N	f	\N	2022-04-12	10	2022-04-12	\N	2022-04-12	\N	\N	1b2bd125ac948e146ac31f7b31ed0edff630f2ee05b7dee1e40c169178593db9	\N	\N	Review	\N	Exercices
577	exercices_d_entrainement_nombres_decimaux_05_cm.pdf	5776	exercices_d_entrainement_nombres_decimaux_05_cm.pdf	Exercises	Elementary exercise worksheet.	\N	\N	f	\N	f	\N	2022-04-12	10	2022-04-12	\N	2022-04-12	\N	\N	c11f412802a42297ab95179863812c5bc85ec1ba57a4590f23bff7ddc8f7d2d8	\N	\N	Review	\N	Exercices
578	exercices_geometrie_4eme_.pdf	503823	exercices_geometrie_4eme_.pdf	Exercises	Elementary exercise worksheet.	\N	\N	f	\N	f	\N	2022-04-12	10	2022-04-12	\N	2022-04-12	\N	\N	915a7bdff470fb5b774f842a79685ecdd5c9511b4996170f63ea7da7420cb8cf	\N	\N	Review	\N	Exercices
579	exercices_geometrie_4eme.pdf	127584	exercices_geometrie_4eme.pdf	Exercises	Elementary exercise worksheet.	\N	\N	f	\N	f	\N	2022-04-12	10	2022-04-12	\N	2022-04-12	\N	\N	4069dec3b8b93c961753367f58a3c65d8f014c2c9555f80569311779f089c7ce	\N	\N	Review	\N	Exercices
580	exo_les_differentes_ecritures_des_nombres_naturels_1.pdf	5658	exo_les_differentes_ecritures_des_nombres_naturels_1.pdf	Exercises	Elementary exercise worksheet.	\N	\N	f	\N	f	\N	2022-04-12	10	2022-04-12	\N	2022-04-12	\N	\N	aec78c673f5652319140fe653ee0adf1da46a1611f2b9f337da6ac630c5b087a	\N	\N	Review	\N	Exercices
581	exo_les_differentes_ecritures_des_nombres_naturels_2.pdf	5654	exo_les_differentes_ecritures_des_nombres_naturels_2.pdf	Exercises	Elementary exercise worksheet.	\N	\N	f	\N	f	\N	2022-04-12	10	2022-04-12	\N	2022-04-12	\N	\N	9bc45b288b0cd60d7a114bb2b72b65ae0bf1d3c96c3e8666a99f84d98cc8c260	\N	\N	Review	\N	Exercices
582	exo_les_differentes_ecritures_des_nombres_naturels_4.pdf	8988	exo_les_differentes_ecritures_des_nombres_naturels_4.pdf	Exercises	Elementary exercise worksheet.	\N	\N	f	\N	f	\N	2022-04-12	10	2022-04-12	\N	2022-04-12	\N	\N	429ae1ace8943166096b838d2fa77cebda0f74a96d9e6510ce5ed0f80a89a694	\N	\N	Review	\N	Exercices
583	expressions-de-temps-avec-adv-aff-ce-cm.pdf	461488	expressions-de-temps-avec-adv-aff-ce-cm.pdf	Other Words	An infographic explaining elementary synonyms.	\N	\N	f	\N	f	\N	2022-04-12	10	2022-04-12	\N	2022-04-12	\N	\N	5010328fb30210ef3e0806be6ff06de742f75eaa5ea8f96908dccd4d58c45f1f	\N	\N	Review	\N	D'autres mots
584	femmes_savantes.pdf	902836	femmes_savantes.pdf	The Learned Ladies	Classic play by famous playwright Molire.	\N	\N	f	\N	f	\N	2022-04-12	10	2022-04-12	\N	2022-04-12	\N	\N	d3c5a1eae83841222cb1df128de9347aad1ac7ac5a1454c0e846d8c16e97caf8	\N	\N	Review	\N	Les femmes savantes
585	fiche_prevention_animaux.pdf	567263	fiche_prevention_animaux.pdf	Animal Prevention Sheet	A worksheet to review hazardous wild animals.	\N	\N	f	\N	f	\N	2022-04-12	10	2022-04-12	\N	2022-04-12	\N	\N	4234a1848e7a12a9df724e624ed92f94907a2b4264870b2b1013d896ccee5b31	\N	\N	Review	\N	Fiche prvention animal
586	fiche_prevention_le_comportement_des_animaux.pdf	381562	fiche_prevention_le_comportement_des_animaux.pdf	Animal Prevention Sheet	Elementary worksheet explaining different animals' habits.	\N	\N	f	\N	f	\N	2022-04-12	10	2022-04-12	\N	2022-04-12	\N	\N	7c1e4846cbb8e7bb24f0c3334348149eaf738be9257a165a786a9d4ba03167ff	\N	\N	Review	\N	Fiche prvention animal
587	fiche_prevention_porter_secours.pdf	143457	fiche_prevention_porter_secours.pdf	Prevention Sheet for Rescue	A worksheet discussing common dangerous substances.	\N	\N	f	\N	f	\N	2022-04-12	10	2022-04-12	\N	2022-04-12	\N	\N	8d14c43056d84e662c9f9df706cd225a332006ce56e27affe474de45bd781c52	\N	\N	Review	\N	Fiche prvention porter secours
588	francais_4eme_annee_base.pdf	9920859	francais_4eme_annee_base.pdf	The Rhythm of the Ideas	Fourth-year textbook.	\N	\N	f	\N	f	\N	2022-04-12	10	2022-04-12	\N	2022-04-12	\N	\N	72d6394c0891b1c21892edc57e8d50f5aeac1efdc69ee59cae0aa2c9300aaae9	\N	\N	Review	\N	Au rythme des projets
590	livret_pedagogique_min.pdf	9203201	livret_pedagogique_min.pdf	Educational booklet - Dengue activities	\N	\N	\N	f	\N	f	\N	2022-04-12	15	2022-04-12	\N	2022-04-12	\N	\N	f0e62f0cc72eda25c54414e5fd75a69975237d1b5eebc7473f27b630f3598a46	\N	\N	Review	\N	Livret pdagogique - Activits dengue
591	affichette_a_colorier.pdf	195608	affichette_a_colorier.pdf	Brice et Lola - Poster to color	\N	\N	\N	f	\N	f	\N	2022-04-12	15	2022-04-12	\N	2022-04-12	\N	\N	f8c4aecf68833801fb53d7280de11e16648aff0ae9bc6f940d452215187340ae	\N	\N	Review	\N	Brice et Lola - Affichette  colorier
592	What_is_ciguatera_poster_VF.pdf	929136	What_is_ciguatera_poster_VF.pdf	What is ciguatera?	\N	\N	\N	f	\N	f	\N	2022-04-12	15	2022-04-12	\N	2022-04-12	\N	\N	2b433985ff4da8a6ff222dd42bea1cbf174803425764147767e16a129663c11d	\N	\N	Review	\N	Quest-ce que la ciguatera?
593	Tuberculose_-_restons_vigilants.pdf	249828	Tuberculose_-_restons_vigilants.pdf	Tuberculosis - remain vigilant	\N	\N	\N	f	\N	f	\N	2022-04-12	15	2022-04-12	\N	2022-04-12	\N	\N	7a30aaf6fd10459f5a82214adeefd6c09030ade78b1bd0fd91c3cb52501d73fe	\N	\N	Review	\N	Tuberculose - restons vigilants
595	BD_-_Les_IST.pdf	194125	BD_-_Les_IST.pdf	Comic book - STIs	\N	\N	\N	f	\N	f	\N	2022-04-12	15	2022-04-12	\N	2022-04-12	\N	\N	66e5d7ac5975d19ca6bca58694384bf1511b27bac869bb600124583e05a691e7	\N	\N	Review	\N	BD - Les IST
596	Le_depistage_du_virus_du_SIDA_et_des_IST.pdf	3354833	Le_depistage_du_virus_du_SIDA_et_des_IST.pdf	Testing for the AIDS virus and STIs	\N	\N	\N	f	\N	f	\N	2022-04-12	15	2022-04-12	\N	2022-04-12	\N	\N	64eaf013df6ecdfc1a42479028e23824bfaa01bc1cf6685108d0354d43f0a2fc	\N	\N	Review	\N	Le dpistage du virus du SIDA et des IST
597	Ide_fausse__parler_de_sexe_et_de_prservatifs_cest_inciter__la_dbauche.pdf	22971200	Ide_fausse__parler_de_sexe_et_de_prservatifs_cest_inciter__la_dbauche.pdf	Misconception: Talking about sex and condoms encourages debauchery	\N	\N	\N	f	\N	f	\N	2022-04-12	15	2022-04-12	\N	2022-04-12	\N	\N	9bcd761dc349e1fd0d418d45fa17f049a349c0e87af5d57eed8cbaa3fc48e775	\N	\N	Review	\N	Ide fausse : parler de sexe et de prservatifs, c'est inciter  la dbauche
535	Lalcool_est_dangereux.pdf	20250667	Lalcool_est_dangereux.pdf	Alcohol is dangerous	\N	\N	\N	f	\N	f	\N	2022-04-10	15	2022-04-10	\N	2022-04-10	\N	\N	295451c3bfa05204ad9cb7577f29269c5a92d5cb99feb516b5b0ab1b44f2fbd5	\N	\N	Review	\N	L'alcool est dangereux
594	Anticiper_la_contraception.pdf	2450224	Anticiper_la_contraception.pdf	Anticipating contraception	\N	\N	\N	f	\N	f	\N	2022-04-12	15	2022-04-12	\N	2022-04-12	\N	\N	5dbae6012bf12b353df08a3574d4257043d792a8a458cf2612042aa2a963e23d	\N	\N	Review	\N	Anticiper la contraception
589	livret_brice_et_lola.pdf	2650760	livret_brice_et_lola.pdf	Booklet Brice and Lola - All together against larvae	\N	\N	\N	f	\N	f	\N	2022-04-12	15	2022-04-12	\N	2022-04-12	\N	\N	f8023d76ec7ca4de09c308a628168342a511f23d94566175d6a9c876fe784f7d	\N	\N	Review	\N	Livret Brice et Lola - Tous ensemble contre les gites larvaires
598	Le_sac_de_survie.pdf	617806	Le_sac_de_survie.pdf	The survival bag	\N	\N	\N	f	\N	f	\N	2022-04-12	15	2022-04-12	\N	2022-04-12	\N	\N	d8a45e9ee5e96abfe3d2f0adce6e9151643919ae0b79ef04ce493b461af949d3	\N	\N	Review	\N	Le sac de survie
599	La_scurit__bord_des_bateaux_de_pche__guide_pratique__lintention_des_memb.pdf	661831	La_scurit__bord_des_bateaux_de_pche__guide_pratique__lintention_des_memb.pdf	Safety on board fishing vessels - a practical guide for fishermen	\N	\N	\N	f	\N	f	\N	2022-04-12	15	2022-04-12	\N	2022-04-12	\N	\N	cec750404b04895eaa67b9c72355878faff29179d00dda0e772e09226c8642dc	\N	\N	Review	\N	La scurit  bord des bateaux de pche  guide pratique  l'intention des memb
602	Marquisien_-_E_ima_miniti_e_ava_no_te_haapohu.pdf	265154	Marquisien_-_E_ima_miniti_e_ava_no_te_haapohu.pdf	Marquisien - E ima miniti e ava no te haapohu	\N	\N	\N	f	\N	f	\N	2022-04-12	15	2022-04-12	\N	2022-04-12	\N	\N	e7342fbe7b863097911d2951c8cdc02bdec37dd812f4ae4c4afd6474c169c63d	\N	\N	Review	\N	Marquisien - E ima miniti e ava no te haapohu
603	Marquisien_-_Te_tau_haina_haapahiia_nei_no_te_tau_poti.pdf	814668	Marquisien_-_Te_tau_haina_haapahiia_nei_no_te_tau_poti.pdf	Marquisien - Te tau haina haapahiia nei no te tau poti	\N	\N	\N	f	\N	f	\N	2022-04-12	15	2022-04-12	\N	2022-04-12	\N	\N	d99fdb8546a1536f8cf9178239752265009c87f2f158915ab6a2cf93e40fda88	\N	\N	Review	\N	Marquisien - Te tau haina haapahiia nei no te tau poti
604	Maladies_Non-Transmissibles.pdf	2347778	Maladies_Non-Transmissibles.pdf	Non-Communicable Diseases	\N	\N	\N	f	\N	f	\N	2022-04-12	15	2022-04-12	\N	2022-04-12	\N	\N	4fab7fba268c8b8f3bec03c45f41a8438d7c6aaa5ec9bab49957f7ab4b62083c	\N	\N	Review	\N	Maladies Non-Transmissibles
605	Fiche_dinformations_sur_le_diabte_1.pdf	1477156	Fiche_dinformations_sur_le_diabte_1.pdf	Diabetes Fact Sheet 1	\N	\N	\N	f	\N	f	\N	2022-04-12	15	2022-04-12	\N	2022-04-12	\N	\N	debe532b8246902750849de34168053c3db77166c94298ef0bbc14dc1c4e4362	\N	\N	Review	\N	Fiche d'informations sur le diabte 1
606	Il_tait_une_fois_Wake_up_.pdf	938699	Il_tait_une_fois_Wake_up_.pdf	Once upon a time (Wake up !)	\N	\N	\N	f	\N	f	\N	2022-04-12	15	2022-04-12	\N	2022-04-12	\N	\N	c17db7525c0be09af8bc0d727b0356d4b27e83bae76d2753c53804b6a7731b57	\N	\N	Review	\N	Il tait une fois (Wake up !)
607	Tupa_et_le_container_venu_de_la_mer_Wake_up.pdf	2979730	Tupa_et_le_container_venu_de_la_mer_Wake_up.pdf	Tupa and the container from the sea (Wake up!)	\N	\N	\N	f	\N	f	\N	2022-04-12	15	2022-04-12	\N	2022-04-12	\N	\N	7fd3eaced8d5e5fa74136aedd68ba395a65c5ebb1a2f94f1642cfeb4e17a9134	\N	\N	Review	\N	Tupa et le container venu de la mer (Wake up!)
608	Le_diabte_je_peux_lviter.pdf	154138	Le_diabte_je_peux_lviter.pdf	I can prevent diabetes	\N	\N	\N	f	\N	f	\N	2022-04-12	15	2022-04-12	\N	2022-04-12	\N	\N	ff08a6ce0fafd5a27cd335ce2c2aaa8cf9c8140c606ca32d8de9714ef8d98219	\N	\N	Review	\N	Le diabte je peux l'viter
610	Le_Taro_Symbole_de_la_richesse_culinaire_du_Pacifique.pdf	13984471	Le_Taro_Symbole_de_la_richesse_culinaire_du_Pacifique.pdf	Taro Posters	\N	\N	\N	f	\N	f	\N	2022-04-12	15	2022-04-12	\N	2022-04-12	\N	\N	829d728316c3550c038c8df479e59a3dfd6e8c6e84c55b93fd0b68f217fa9ac5	\N	\N	Review	\N	Posters taro
611	Le_fruit_de_larbre__pain.pdf	890051	Le_fruit_de_larbre__pain.pdf	The fruit of the breadfruit tree	\N	\N	\N	f	\N	f	\N	2022-04-12	15	2022-04-12	\N	2022-04-12	\N	\N	f314eaec3a549d3822ac6550a09193b0d546ccb3ab542517184de15f91ac5783	\N	\N	Review	\N	Le fruit de larbre  pain
612	Les_plantes_comestibles_du_Fenua.pdf	1485565	Les_plantes_comestibles_du_Fenua.pdf	The edible plants of Fenua	\N	\N	\N	f	\N	f	\N	2022-04-12	15	2022-04-12	\N	2022-04-12	\N	\N	bf82f356a2abac52ae2de5a4d03c9358f72584eac2bc22bf1b05fa47190842bb	\N	\N	Review	\N	Les plantes comestibles du Fenua
613	Le_taro_dans_la_cuisine_du_Pacifique.pdf	5768285	Le_taro_dans_la_cuisine_du_Pacifique.pdf	Taro in Pacific cuisine	\N	\N	\N	f	\N	f	\N	2022-04-12	15	2022-04-12	\N	2022-04-12	\N	\N	706c0f891a29b216ec2b7802a6d185ba01d1147e5df71bd4d3e1e37697498955	\N	\N	Review	\N	Le taro dans la cuisine du Pacifique
609	Tahitien_-_Ia_arai-hia_te_mai_omaha_tihota.pdf	200818	Tahitien_-_Ia_arai-hia_te_mai_omaha_tihota.pdf	Tahitien - Ia arai-hia te ma'i omaha tihota	\N	\N	\N	f	\N	f	\N	2022-04-12	15	2022-04-12	\N	2022-04-12	\N	\N	df3d704d5646b976c407a61c308f344dc6570800ec94a9996040ff2c3779562e	\N	\N	Review	\N	Tahitien - Ia arai-hia te ma'i omaha tihota
601	Tahitien_-_Mteria_faaue_hia_no_te_paruru_raa_i_te_mau_poti_haihai.pdf	811884	Tahitien_-_Mteria_faaue_hia_no_te_paruru_raa_i_te_mau_poti_haihai.pdf	Tahitien - Mteria fa'aue hia no te paruru ra'a i te mau poti ha'iha'i	\N	\N	\N	f	\N	f	\N	2022-04-12	15	2022-04-12	\N	2022-04-12	\N	\N	944230303529e71f89edecb469d4a7c93a7096802e0e4ad4fec17b192171b92f	\N	\N	Review	\N	Tahitien - Mteria fa'aue hia no te paruru ra'a i te mau poti ha'iha'i
614	La_vie_marine_au_bord_des_les_du_Pacifique.pdf	4337811	La_vie_marine_au_bord_des_les_du_Pacifique.pdf	Marine life at the edge of the Pacific islands	\N	\N	\N	f	\N	f	\N	2022-04-12	15	2022-04-12	\N	2022-04-12	\N	\N	dd6d16e8d19e717f5474597fd089b4afe0741f5b045ad51a9e8279b47ccd0b2c	\N	\N	Review	\N	La vie marine au bord des les du Pacifique
615	La_vie_marine_au_large_des_les_du_Pacifique.pdf	2426176	La_vie_marine_au_large_des_les_du_Pacifique.pdf	Marine life off the Pacific Islands	\N	\N	\N	f	\N	f	\N	2022-04-12	15	2022-04-12	\N	2022-04-12	\N	\N	5ffb896c13c0232b3807f91af92355c905e32d1c348836a316e14995da0a16cb	\N	\N	Review	\N	La vie marine au large des les du Pacifique
616	Et_si_nos_herbiers_disparaissaient.pdf	1771881	Et_si_nos_herbiers_disparaissaient.pdf	What if our seagrass beds disappeared?	\N	\N	\N	f	\N	f	\N	2022-04-12	15	2022-04-12	\N	2022-04-12	\N	\N	c9d5ab0ec5dd0fcc8ed4ff138eeb09116fa59e380c0a580e8a352cb0cf389de7	\N	\N	Review	\N	Et si nos herbiers disparaissaient
617	Et_si_nos_mangroves_disparaissaient.pdf	1755501	Et_si_nos_mangroves_disparaissaient.pdf	And if our mangroves disappeared	\N	\N	\N	f	\N	f	\N	2022-04-12	15	2022-04-12	\N	2022-04-12	\N	\N	acdc88031168af2f21548666268d78751fe1ae86ae4382de19fd1c77b3f1505d	\N	\N	Review	\N	Et si nos mangroves disparaissaient?
618	Est-il_plus_difficile_dattraper_du_poisson.pdf	2480381	Est-il_plus_difficile_dattraper_du_poisson.pdf	Is it harder to catch fish	\N	\N	\N	f	\N	f	\N	2022-04-12	15	2022-04-12	\N	2022-04-12	\N	\N	c2b6c40c81350246111da1cd6f8cf48c3cc554a73ea7c139c45ceb8de3b8bcd7	\N	\N	Review	\N	Est-il plus difficile dattraper du poisson?
619	Code_de_conduite_pour_une_pratique_responsable_de_la_chasse_sous-marine_-_La_s.pdf	362985	Code_de_conduite_pour_une_pratique_responsable_de_la_chasse_sous-marine_-_La_s.pdf	Code of Conduct for Responsible Underwater Hunting - Safety	\N	\N	\N	f	\N	f	\N	2022-04-12	15	2022-04-12	\N	2022-04-12	\N	\N	5077cb398747dca65af6d981df6d58b467f1e25d1f7606bc4e85a29db70baa0b	\N	\N	Review	\N	Code de conduite pour une pratique responsable de la chasse sous-marine - La scurit
620	Code_de_conduite_pour_une_pratique_responsable_de_la_chasse_sous-marine_-_Les_bonnes_pratiques.pdf	376619	Code_de_conduite_pour_une_pratique_responsable_de_la_chasse_sous-marine_-_Les_bonnes_pratiques.pdf	Code of conduct for a responsible practice of underwater hunting - Good practices	\N	\N	\N	f	\N	f	\N	2022-04-12	15	2022-04-12	\N	2022-04-12	\N	\N	e5b69d650ae7349c2d56d9dee7102eb9b6782768868d97c13ca23fbd695741f4	\N	\N	Review	\N	Code de conduite pour une pratique responsable de la chasse sous-marine - Les bonnes pratiques
621	Enqute_sur_le_thon.pdf	4298357	Enqute_sur_le_thon.pdf	Tuna Investigation	\N	\N	\N	f	\N	f	\N	2022-04-12	15	2022-04-12	\N	2022-04-12	\N	\N	8f259d5f84f3626f394c4f73dfc7c2c44b005e5ceea73a9a1a9528865c9778f8	\N	\N	Review	\N	Enqute sur le thon
622	Les_DCP_dans_le_Pacifique.pdf	1426209	Les_DCP_dans_le_Pacifique.pdf	FADs in the Pacific	\N	\N	\N	f	\N	f	\N	2022-04-12	15	2022-04-12	\N	2022-04-12	\N	\N	620b0a4990c90d77f507db5b74f4c177f290dce3cb93406859613ddd57b0a057	\N	\N	Review	\N	Les DCP dans le Pacifique
623	Guide_et_fiches_dinformation_sur_la_gestion_communautaire_des_ressources_halie.pdf	20889170	Guide_et_fiches_dinformation_sur_la_gestion_communautaire_des_ressources_halie.pdf	A Guide and Fact Sheets on Community-Based Fisheries Management	\N	\N	\N	f	\N	f	\N	2022-04-12	15	2022-04-12	\N	2022-04-12	\N	\N	29934d57241a567e1a1cd8c88bf117aaa848ad0b90803d5f3351c4d5dcb05940	\N	\N	Review	\N	Guide et fiches d'information sur la gestion communautaire des ressources halieutiques
624	Fiches_didentification_des_thons_et_espces_apparentes_pour_les_pcheurs--artisans.pdf	2135589	Fiches_didentification_des_thons_et_espces_apparentes_pour_les_pcheurs--artisans.pdf	Identification sheets for tuna and tuna-like species for fishermen	\N	\N	\N	f	\N	f	\N	2022-04-12	15	2022-04-12	\N	2022-04-12	\N	\N	a2946605e6552d81d74fbe13e93ff90f007399d15a62f8cc357cf3e6be474003	\N	\N	Review	\N	Fiches didentification des thons et espces apparentes pour les pcheurs--artisans
625	Fiches_didentification_des_poissons_profonds.pdf	2231364	Fiches_didentification_des_poissons_profonds.pdf	Deep-sea fish identification sheets	\N	\N	\N	f	\N	f	\N	2022-04-12	15	2022-04-12	\N	2022-04-12	\N	\N	2b5959e098385cb1e78903ffe951d611ef7ba2f7342d46caea43ec90d5f0de9a	\N	\N	Review	\N	Fiches d'identification des poissons profonds
626	Identification_et_suivi_des_tortues_marines.pdf	3607525	Identification_et_suivi_des_tortues_marines.pdf	Identification and monitoring of marine turtles	\N	\N	\N	f	\N	f	\N	2022-04-12	15	2022-04-12	\N	2022-04-12	\N	\N	3d4fcb431e4a4de1768fbcfa43b474f976178a3f58277efe8c82d6d2d943621f	\N	\N	Review	\N	Identification et suivi des tortues marines
627	Trouver_des_tortues__Wallis_et_Futuna_Facile_aujourdhui_mais_demain.pdf	7250084	Trouver_des_tortues__Wallis_et_Futuna_Facile_aujourdhui_mais_demain.pdf	Finding turtles in Wallis and Futuna? Easy today, but tomorrow?	\N	\N	\N	f	\N	f	\N	2022-04-12	15	2022-04-12	\N	2022-04-12	\N	\N	15eecddbcc06bc12760620aec7aef223e8e482c9bdead249de21372f4e0cb610	\N	\N	Review	\N	Trouver des tortues  Wallis et Futuna? Facile aujourdhui, mais demain ?
628	Biodiversit_des_cosystmes_plagiques_ocaniques.pdf	2163480	Biodiversit_des_cosystmes_plagiques_ocaniques.pdf	Biodiversity of oceanic pelagic ecosystems	\N	\N	\N	f	\N	f	\N	2022-04-12	15	2022-04-12	\N	2022-04-12	\N	\N	d06057c53251a44b5ef8bfce9c7c2ac584cf03d8c6ddbc5298047483fccb7a32	\N	\N	Review	\N	Biodiversit des cosystmes plagiques ocaniques
629	Fiche_pdagogique_sur_laquaculture_deau_douce_en_Ocanie.pdf	499437	Fiche_pdagogique_sur_laquaculture_deau_douce_en_Ocanie.pdf	Educational sheet on freshwater aquaculture in Oceania	\N	\N	\N	f	\N	f	\N	2022-04-12	15	2022-04-12	\N	2022-04-12	\N	\N	138511b9fa4f4f2e481aa22c99569baa35ca4de25398931814548937e2f9c6b5	\N	\N	Review	\N	Fiche pdagogique sur laquaculture deau douce en Ocanie
630	Fiche_pdagogique_sur_laquaculture_marine_en_Ocanie.pdf	462045	Fiche_pdagogique_sur_laquaculture_marine_en_Ocanie.pdf	Educational sheet on marine aquaculture in Oceania	\N	\N	\N	f	\N	f	\N	2022-04-12	15	2022-04-12	\N	2022-04-12	\N	\N	be2d05eac810ef48325d58bae11f4a0dd7d4a6692ce328fe736a09bccf87ea3c	\N	\N	Review	\N	Fiche pdagogique sur laquaculture marine en Ocanie
631	La_mer_nest_pas_une_poubelle_.pdf	1248598	La_mer_nest_pas_une_poubelle_.pdf	The sea is not a garbage can!	\N	\N	\N	f	\N	f	\N	2022-04-12	15	2022-04-12	\N	2022-04-12	\N	\N	5d63df161f7cc0b4fb0c1c5c1c5c3785c9c61d47fe6e3b7de80ca2ed9965485d	\N	\N	Review	\N	La mer n'est pas une poubelle !
632	Le_corail_quest_ce_que_cest.pdf	1203289	Le_corail_quest_ce_que_cest.pdf	Coral, what is it	\N	\N	\N	f	\N	f	\N	2022-04-12	15	2022-04-12	\N	2022-04-12	\N	\N	1abf743de4564f4835c7775d21a49a7f2efbbe4207a55d11142ca8801c76ec10	\N	\N	Review	\N	Le corail, qu'est ce que c'est?
633	De_la_ponte_au_rcif.pdf	1220143	De_la_ponte_au_rcif.pdf	From egg-laying to the reef	\N	\N	\N	f	\N	f	\N	2022-04-12	15	2022-04-12	\N	2022-04-12	\N	\N	a0d9763938490c1c30148195b51370dcbd383b8681d1a7164ed494c2363ef278	\N	\N	Review	\N	De la ponte au rcif
600	Tahitien_-_E_pae_minuti_e_nehenehe_e_faa_ora.pdf	274380	Tahitien_-_E_pae_minuti_e_nehenehe_e_faa_ora.pdf	Tahitien - E pae minuti e nehenehe e fa'a ora	\N	\N	\N	f	\N	f	\N	2022-04-12	15	2022-04-12	\N	2022-04-12	\N	\N	d2bda8c0bd498bab7709aa8032bdcc710c46cb592ba181e9e5d310c80b4d6eab	\N	\N	Review	\N	Tahitien - E pae minuti e nehenehe e fa'a ora
634	Le_rcif_source_de_vie.pdf	1346172	Le_rcif_source_de_vie.pdf	Le rcif, source de vie	\N	\N	\N	f	\N	f	\N	2022-04-12	15	2022-04-12	\N	2022-04-12	\N	\N	76cd019041d57d5f4d87e6e29b1bef3fe449652f8d4326b7f1186477ffd8180b	\N	\N	Review	\N	Le rcif, source de vie
635	Lhomme_et_le_rcif.pdf	874016	Lhomme_et_le_rcif.pdf	Man and the reef	\N	\N	\N	f	\N	f	\N	2022-04-12	15	2022-04-12	\N	2022-04-12	\N	\N	ec12efe14edc28e6256d31de2edf9dd6e1c43b0b18a094cac3795cdc69abeff7	\N	\N	Review	\N	L'homme et le rcif
663	ST-queen-of-soweto.pdf	2308320	ST-queen-of-soweto.pdf	Storybook: Queen of Soweto	\N	\N	\N	f	\N	f	\N	2022-04-12	7	2022-04-12	\N	2022-04-12	\N	\N	7bfecb4d255eb905ef97311121507a73b5a8c1fb9481d4287a6682058d68bec1	\N	\N	Review	\N	Storybook: Queen of Soweto
637	Livret_dactivits_-_Le_changement_climatique_et_ses_consquences_dans_le_Pa.pdf	2211143	Livret_dactivits_-_Le_changement_climatique_et_ses_consquences_dans_le_Pa.pdf	Activity booklet - Climate change and its consequences in the Pacific.pdf	\N	\N	\N	f	\N	f	\N	2022-04-12	15	2022-04-12	\N	2022-04-12	\N	\N	bbc1d8097543a31ab3806836453499e0b1181422cb812a2a693413e396f76910	\N	\N	Review	\N	Livret d'activits - Le changement climatique et ses consquences dans le Pacifique.pdf
466	Guide_pdagogique_de_lenseignant.pdf	10923019	Guide_pdagogique_de_lenseignant.pdf	Pedagogical Guide for Teachers	\N	\N	\N	f	\N	f	\N	2022-04-04	15	2022-04-04	\N	2022-04-04	\N	\N	15a53ecc7150897562c26ee097c89e473a83a05f4b38e38144613a7b978e8fc3	\N	\N	Review	\N	Guide pdagogique de l'enseignant
638	Kit_pdagogique_sur_les_pches__lusage_des_enseignants_de_Vanuatu.pdf	17368739	Kit_pdagogique_sur_les_pches__lusage_des_enseignants_de_Vanuatu.pdf	Fisheries Education Kit for Teachers in Vanuatu	\N	\N	\N	f	\N	f	\N	2022-04-12	15	2022-04-12	\N	2022-04-12	\N	\N	942325cb324d83ef30fe26a23d0f78a13ad8ada1b801a25b371900ededb917fe	\N	\N	Review	\N	Kit pdagogique sur les pches  l'usage des enseignants de Vanuatu
639	ST-lara-the-yellow-ladybird.pdf	3502228	ST-lara-the-yellow-ladybird.pdf	Storybook: Lara the Yellow Ladybird	\N	\N	\N	f	\N	f	\N	2022-04-12	7	2022-04-12	\N	2022-04-12	\N	\N	91a6c8d1fced1ab927e417eda6ca844902b5cee02df7ea13e8ba090535573f25	\N	\N	Review	\N	Storybook: Lara the Yellow Ladybird
640	ST-hello.pdf	2221700	ST-hello.pdf	Storybook: Hello	\N	\N	\N	f	\N	f	\N	2022-04-12	7	2022-04-12	\N	2022-04-12	\N	\N	4796ecba06b88e7da48d37365c03815c1224504d6f8ad143706bdebff97f3da6	\N	\N	Review	\N	Storybook: Hello
641	ST-gracas-dream.pdf	4322510	ST-gracas-dream.pdf	Storybook: Gracas Dream	\N	\N	\N	f	\N	f	\N	2022-04-12	7	2022-04-12	\N	2022-04-12	\N	\N	4a6fcbfa19e30913301573ed430ee8e297691f9f4a625e0cdf6ab696c474c028	\N	\N	Review	\N	Storybook: Gracas Dream
642	ST-bathtub-safari.pdf	2236766	ST-bathtub-safari.pdf	Storybook: Bathtub Safari	\N	\N	\N	f	\N	f	\N	2022-04-12	7	2022-04-12	\N	2022-04-12	\N	\N	7418a518dfcbf801036de79a1bda2308c8d9079a3fe8819d71196c9a977d1089	\N	\N	Review	\N	Storybook: Bathtub Safari
643	ST-whose-button-is-this.pdf	2593921	ST-whose-button-is-this.pdf	Storybook: Whose button is this	\N	\N	\N	f	\N	f	\N	2022-04-12	7	2022-04-12	\N	2022-04-12	\N	\N	e2e940754f75beb414200adfe734c54df5bb955a4abd3790b8dd1fb3e8204317	\N	\N	Review	\N	Storybook: Whose button is this
644	ST-i-will-help-you.pdf	1969422	ST-i-will-help-you.pdf	Storybook: I will help you	\N	\N	\N	f	\N	f	\N	2022-04-12	7	2022-04-12	\N	2022-04-12	\N	\N	297f9b5eac9af6fc27de282c898d36314dec0d213ad5558188c663717269c630	\N	\N	Review	\N	Storybook: I will help you
645	ST-grandpa-farouks-garden.pdf	3330965	ST-grandpa-farouks-garden.pdf	Storybook: Grandpa Farouks Garden	\N	\N	\N	f	\N	f	\N	2022-04-12	7	2022-04-12	\N	2022-04-12	\N	\N	212c03686afff187333b80a8d2fd710e80c1f32aa34eb5d7036ba266059ac204	\N	\N	Review	\N	Storybook: Grandpa Farouks Garden
646	ST-londi-the-dreaming-girl.pdf	2359410	ST-londi-the-dreaming-girl.pdf	Storybook: Londi The Dreaming Girl	\N	\N	\N	f	\N	f	\N	2022-04-12	7	2022-04-12	\N	2022-04-12	\N	\N	ba8173f3c64f5011bf4836b307e42c2aab31517dc59aa2dd8ba5c7a6f0577116	\N	\N	Review	\N	Storybook: Londi The Dreaming Girl
647	ST-my-special-hair.pdf	1280885	ST-my-special-hair.pdf	Storybook: My Special Hair	\N	\N	\N	f	\N	f	\N	2022-04-12	7	2022-04-12	\N	2022-04-12	\N	\N	4836cf81540d3225b5a8639454411a014cab58f1727701109f6b9f9436744349	\N	\N	Review	\N	Storybook: My Special Hair
648	ST-the-sea.pdf	974954	ST-the-sea.pdf	Storybook: The Sea	\N	\N	\N	f	\N	f	\N	2022-04-12	7	2022-04-12	\N	2022-04-12	\N	\N	f63329a970231adc05876b28212ba7cd4d65c5646edc073756f4b53a10176a2c	\N	\N	Review	\N	Storybook: The Sea
649	Akoroandthebananabusiness.pdf	13042252	Akoroandthebananabusiness.pdf	Storybook: Akoro and the banana business	BloomLibrary	\N	\N	f	\N	f	\N	2022-04-12	7	2022-04-12	\N	2022-04-12	\N	\N	7b0a54e1dd575376a5fd8e5fc023edda36beb335d0a76664fe927989a993c84e	\N	\N	Review	\N	Storybook: Akoro and the banana business
650	ST-thatos-birthday-surprise.pdf	1426796	ST-thatos-birthday-surprise.pdf	Storybook: Thato's Birthday Surprise	\N	\N	\N	f	\N	f	\N	2022-04-12	7	2022-04-12	\N	2022-04-12	\N	\N	4d9eee15da9b1861010e57b6b96c64a1e640092ac25921736d2e42579baaad5c	\N	\N	Review	\N	Storybook: Thato's Birthday Surprise
651	ST-why-is-nita-upside-down.pdf	1009403	ST-why-is-nita-upside-down.pdf	Storybook: Why is Nita Upside Down?	\N	\N	\N	f	\N	f	\N	2022-04-12	7	2022-04-12	\N	2022-04-12	\N	\N	bb7560bc8cacb00a39685ee625dfced71ecdc9486615452c3b8b066da204e10c	\N	\N	Review	\N	Storybook: Why is Nita Upside Down?
652	ST-miss-tiny-chef.pdf	2143395	ST-miss-tiny-chef.pdf	Storybook: Miss Tiny Chef	\N	\N	\N	f	\N	f	\N	2022-04-12	7	2022-04-12	\N	2022-04-12	\N	\N	d121f791810181175ab8f6fab27f0e7939334728f9ca75d7e98f2624d557cb6f	\N	\N	Review	\N	Storybook: Miss Tiny Chef
358	ST-wheres-the-shade.pdf	3696681	ST-wheres-the-shade.pdf	Storybook: Where's the Shade	\N	\N	\N	f	\N	f	\N	2022-03-29	7	2022-03-29	\N	2022-03-29	\N	\N	880ce8cebf9ca8038184a436c9ad81d06afec1ceca72f642029f33d8e3bdb8fb	\N	\N	Review	\N	Storybook: Where's the Shade
653	ST-ah-football.pdf	1526625	ST-ah-football.pdf	Storybook: Ah! Football!	\N	\N	\N	f	\N	f	\N	2022-04-12	7	2022-04-12	\N	2022-04-12	\N	\N	ac686417a98070d58a4697175588c40b80e86976a879237a2876a7f6840902c8	\N	\N	Review	\N	Storybook: Ah! Football!
654	ST-brushing-is-no-fun.pdf	1591993	ST-brushing-is-no-fun.pdf	Storybook: Brushing is no fun!	\N	\N	\N	f	\N	f	\N	2022-04-12	7	2022-04-12	\N	2022-04-12	\N	\N	bf03f22beff52ccb1f44dec7111476aa14e39fef65f689995af288409c813ce2	\N	\N	Review	\N	Storybook: Brushing is no fun!
655	ST-small-birds-big-adventure.pdf	1423783	ST-small-birds-big-adventure.pdf	Storybook: Small Bird's Big Adventure	\N	\N	\N	f	\N	f	\N	2022-04-12	7	2022-04-12	\N	2022-04-12	\N	\N	a33281c3dcf48d65c335f11bd4038638e401ccf3f0779d01040dc642062217e0	\N	\N	Review	\N	Storybook: Small Bird's Big Adventure
656	ST-tones-big-drop.pdf	789756	ST-tones-big-drop.pdf	Storybook: Tones' Big Drop	\N	\N	\N	f	\N	f	\N	2022-04-12	7	2022-04-12	\N	2022-04-12	\N	\N	c42b65acf754d8e6bf1e3846d9afe90a51a6c8ad484d346c77f2551e5a86d30a	\N	\N	Review	\N	Storybook: Tones' Big Drop
657	ST-sizwes-smile.pdf	774444	ST-sizwes-smile.pdf	Storybook: Sizwe's Smile	\N	\N	\N	f	\N	f	\N	2022-04-12	7	2022-04-12	\N	2022-04-12	\N	\N	276b7da69fe97e3c8bfaadcf3976d5c077b11190f4b25dc3445d32ca925bc7bc	\N	\N	Review	\N	Storybook: Sizwe's Smile
659	ST-maddy-moonas-menagerie_cy0gwwb.pdf	2185769	ST-maddy-moonas-menagerie.pdf	Storybook: Maddy Moona's Menagerie	\N	\N	\N	f	\N	f	\N	2022-04-12	7	2022-04-12	\N	2022-04-12	\N	\N	da2eccf67738dfe38c0e2417af6efcf35f36bb164bbba5d14dd5b76abc9f4430	\N	\N	Review	\N	Storybook: Maddy Moona's Menagerie
660	ST-searching-for-the-spirit-of-spring.pdf	933486	ST-searching-for-the-spirit-of-spring.pdf	Storybook: Searching for the Spirit of Spring	\N	\N	\N	f	\N	f	\N	2022-04-12	7	2022-04-12	\N	2022-04-12	\N	\N	7f5451ae22b04c56c4a2124b79bff5221d6db776bfb64cd1a8bb733f1accd6b2	\N	\N	Review	\N	Storybook: Searching for the Spirit of Spring
661	ST-coding-is-everywhere.pdf	656858	ST-coding-is-everywhere.pdf	Storybook: Coding is Everywhere	\N	\N	\N	f	\N	f	\N	2022-04-12	7	2022-04-12	\N	2022-04-12	\N	\N	ab97a6fa6272185b77a8f11a077e2a61a92c04d206a4bdf428460a6a2c07e8a9	\N	\N	Review	\N	Storybook: Coding is Everywhere
662	ST-a-tiny-seed.pdf	904728	ST-a-tiny-seed.pdf	Storybook: A tiny seed	\N	\N	\N	f	\N	f	\N	2022-04-12	7	2022-04-12	\N	2022-04-12	\N	\N	a62d3ac72caea7c66e3400e6a74e7d8d96f1a56a9c77618d09b1911e149f66ad	\N	\N	Review	\N	Storybook: A tiny seed
664	ST-arya-in-the-cockpit.pdf	1877468	ST-arya-in-the-cockpit.pdf	Storybook: Arya in the Cockpit	\N	\N	\N	f	\N	f	\N	2022-04-12	7	2022-04-12	\N	2022-04-12	\N	\N	745d0927ff7a7dc31bd04ac57a22761f3341b360a4e082c17434f9bd600932fc	\N	\N	Review	\N	Storybook: Arya in the Cockpit
665	ST-a-fish-and-a-gift.pdf	1769580	ST-a-fish-and-a-gift.pdf	Storybook: A Fish and a Gift	\N	\N	\N	f	\N	f	\N	2022-04-12	7	2022-04-12	\N	2022-04-12	\N	\N	38b6d97e64c01593f8d279e74a0a4677063c5bea096afc1949b3fd22024730c2	\N	\N	Review	\N	Storybook: A Fish and a Gift
666	ST-tortoise-finds-his-home.pdf	1204531	ST-tortoise-finds-his-home.pdf	Storybook: Tortoise Finds His Home	\N	\N	\N	f	\N	f	\N	2022-04-12	7	2022-04-12	\N	2022-04-12	\N	\N	628e3c6dfd4457187c32110cda0543cb98746b1d2d0f6abe61ed2b8dd9f481f9	\N	\N	Review	\N	Storybook: Tortoise Finds His Home
667	1.060wcome-back-cat.pdf	1082843	1.060wcome-back-cat.pdf	Storybook: Come Back Cat	\N	\N	\N	f	\N	f	\N	2022-04-12	7	2022-04-12	\N	2022-04-12	\N	\N	700c1125bef0f82d330cf57104f9848be722adabdd24fb716799026f54869380	\N	\N	Review	\N	Storybook: Come Back Cat
668	1.5119wtumi-goes-to-the-park.pdf	998320	1.5119wtumi-goes-to-the-park.pdf	Storybook: Tumi Goes to the Park	\N	\N	\N	f	\N	f	\N	2022-04-12	7	2022-04-12	\N	2022-04-12	\N	\N	65df06d28c547db820d7563d9b4290bf7c08a0fb297ad32594f7af66ed30cc67	\N	\N	Review	\N	Storybook: Tumi Goes to the Park
669	1.024wit-wasnt-me.pdf	1017093	1.024wit-wasnt-me.pdf	Storybook: It wasn't me	\N	\N	\N	f	\N	f	\N	2022-04-12	7	2022-04-12	\N	2022-04-12	\N	\N	7d317794e91dc2c6f49db98be048a8de7a5347e829572393c997d9e3a6954295	\N	\N	Review	\N	Storybook: It wasn't me
670	1.185wwhat-is-it_english.pdf	867438	1.185wwhat-is-it_english.pdf	Storybook: What is it?	\N	\N	\N	f	\N	f	\N	2022-04-12	7	2022-04-12	\N	2022-04-12	\N	\N	6632aa0349287ed2d7aafeeb87b6ed143b5fcbbc916efd065ed9deec1ca5d1f6	\N	\N	Review	\N	Storybook: What is it?
671	1.168wclever-pig.pdf	676544	1.168wclever-pig.pdf	Storybook: Clever Pig	\N	\N	\N	f	\N	f	\N	2022-04-12	7	2022-04-12	\N	2022-04-12	\N	\N	9779cd49d0ed9d82357f285f97cb8c8630fde1f39e732c0bce0163149b232cdb	\N	\N	Review	\N	Storybook: Clever Pig
672	1.682whow-about-you.pdf	2416451	1.682whow-about-you.pdf	Storybook: How about you?	\N	\N	\N	f	\N	f	\N	2022-04-12	7	2022-04-12	\N	2022-04-12	\N	\N	12b219e0b674eafcd32b12cb31349133aa51babaad92d2545271ca9105f2bf2e	\N	\N	Review	\N	Storybook: How about you?
673	1.680wsbus-special-shoes.pdf	650300	1.680wsbus-special-shoes.pdf	Storybook: Sbu's Special Shoes	\N	\N	\N	f	\N	f	\N	2022-04-12	7	2022-04-12	\N	2022-04-12	\N	\N	bfe299b8ff7aeae6c82bc129fdb4b6c8a850fec948380fad9044279b55822b28	\N	\N	Review	\N	Storybook: Sbu's Special Shoes
674	1.035w_knight-times.pdf	1678022	1.035w_knight-times.pdf	Storybook: Knight Times	\N	\N	\N	f	\N	f	\N	2022-04-12	7	2022-04-12	\N	2022-04-12	\N	\N	825b9629c84c08a1e08f4a7d3f279f7c8bd12592bdb8a44e01b747178486a801	\N	\N	Review	\N	Storybook: Knight Times
675	1.569wfeathered-friends.pdf	2503056	1.569wfeathered-friends.pdf	Storybook: Feathered Friends	\N	\N	\N	f	\N	f	\N	2022-04-12	7	2022-04-12	\N	2022-04-12	\N	\N	dd101712c3dc61397f721fc456ffbbc2b1086b01c006fc4c690a49fa5604c55a	\N	\N	Review	\N	Storybook: Feathered Friends
676	1.8130wmina-and-the-birthday-dress.pdf	4489596	1.8130wmina-and-the-birthday-dress.pdf	Storybook: Mina and the Birthday Dress	\N	\N	\N	f	\N	f	\N	2022-04-12	7	2022-04-12	\N	2022-04-12	\N	\N	42f5a49b71e8820d1b547e058b23c9cb8a844b7c886281fe1601404e14f891fa	\N	\N	Review	\N	Storybook: Mina and the Birthday Dress
677	1.770wno.pdf	2124624	1.770wno.pdf	Storybook: No!	\N	\N	\N	f	\N	f	\N	2022-04-12	7	2022-04-12	\N	2022-04-12	\N	\N	be6bea2218175475fde7e9d4dc8d3f2ef0c5b6c5850791095608d44bfe56c594	\N	\N	Review	\N	Storybook: No!
678	1.3105wwhere-is-lulu.pdf	3897411	1.3105wwhere-is-lulu.pdf	Storybook: Where is Lulu?	\N	\N	\N	f	\N	f	\N	2022-04-12	7	2022-04-12	\N	2022-04-12	\N	\N	be7680e489ca407046ca3ac11f836897844168af63d1dfc722fdb4dc21578224	\N	\N	Review	\N	Storybook: Where is Lulu?
679	1.1-48wlions-are-always-brave.pdf	1254026	1.1-48wlions-are-always-brave.pdf	Storybook: Lions are Always Brave	\N	\N	\N	f	\N	f	\N	2022-04-12	7	2022-04-12	\N	2022-04-12	\N	\N	764661fed5caa9ce42fa232c75154cdb6d40e0dd8afc9347f65cca6b87dbd787	\N	\N	Review	\N	Storybook: Lions are Always Brave
680	1.433wwoof-woof.pdf	1366602	1.433wwoof-woof.pdf	Storybook: Woof Woof!	\N	\N	\N	f	\N	f	\N	2022-04-12	7	2022-04-12	\N	2022-04-12	\N	\N	860de9ac7cb3e745772f22d5a96d75cdebae5b58315860a187ebedf6834bc699	\N	\N	Review	\N	Storybook: Woof Woof!
681	1.2-50wi-want-to.pdf	1835697	1.2-50wi-want-to.pdf	Storybook: I want to!	\N	\N	\N	f	\N	f	\N	2022-04-12	7	2022-04-12	\N	2022-04-12	\N	\N	bb95a723e97be537f04b288131dbd05975076a6b93d1527567b75a3693839150	\N	\N	Review	\N	Storybook: I want to!
682	1.464w_sing-to-me.pdf	1356253	1.464w_sing-to-me.pdf	Storybook: SING TO ME	\N	\N	\N	f	\N	f	\N	2022-04-12	7	2022-04-12	\N	2022-04-12	\N	\N	d83323b24b031ee32a3073628cd728838f7481c5bc2f78a41d91597ccca685fd	\N	\N	Review	\N	Storybook: SING TO ME
683	1.349wbaby-babble.pdf	3580983	1.349wbaby-babble.pdf	Storybook: Baby Babble	\N	\N	\N	f	\N	f	\N	2022-04-12	7	2022-04-12	\N	2022-04-12	\N	\N	99f80709e9aa92fc30d6ded4f3286c85d11a4a7f916d8f0e831ef8a78b0922f2	\N	\N	Review	\N	Storybook: Baby Babble
684	1.265wwhos-that-baby.pdf	1152041	1.265wwhos-that-baby.pdf	Storybook: Who's That Baby?	\N	\N	\N	f	\N	f	\N	2022-04-12	7	2022-04-12	\N	2022-04-12	\N	\N	519d3e203a8a9fb5df2c792cde5a7ebdcb6c622dcef1181015bffa1244ab36fa	\N	\N	Review	\N	Storybook: Who's That Baby?
686	1.5100wbabys-first-family-photo.pdf	4280125	1.5100wbabys-first-family-photo.pdf	Storybook: Baby's First Family Photo	\N	\N	\N	f	\N	f	\N	2022-04-12	7	2022-04-12	\N	2022-04-12	\N	\N	612901219fe6a8d93e87b39c46578e057884aae74ecfea4a83fee461e2bfdb1d	\N	\N	Review	\N	Storybook: Baby's First Family Photo
687	1.584wlittle-sock-and-the-tiny-creatures.pdf	2389710	1.584wlittle-sock-and-the-tiny-creatures.pdf	Storybook: Little Sock and the Tiny Creatures	\N	\N	\N	f	\N	f	\N	2022-04-12	7	2022-04-12	\N	2022-04-12	\N	\N	f282f940a16ad6974acb23f9a6241e360a70d09f4edd1af8def7c1bcb89a5732	\N	\N	Review	\N	Storybook: Little Sock and the Tiny Creatures
688	2.3227wsenzo-and-the-sun.pdf	1936838	2.3227wsenzo-and-the-sun.pdf	Storybook: Senzo and the Sun	\N	\N	\N	f	\N	f	\N	2022-04-12	7	2022-04-12	\N	2022-04-12	\N	\N	7a0eca39ff432b59f16de84dfe3f5405dd7f2f3c7ec9d5e98130ad56c7c8335b	\N	\N	Review	\N	Storybook: Senzo and the Sun
689	2.184wthe-best-thing-ever.pdf	1368699	2.184wthe-best-thing-ever.pdf	Storybook: The Best Thing Ever	\N	\N	\N	f	\N	f	\N	2022-04-12	7	2022-04-12	\N	2022-04-12	\N	\N	9af01fff71b61480f83c09290fb18b298cdd5a552a52809fd4ee0ad2115099f0	\N	\N	Review	\N	Storybook: The Best Thing Ever
690	2.699wwho-is-our-friend.pdf	1533728	2.699wwho-is-our-friend.pdf	Storybook: Who is our friend?	\N	\N	\N	f	\N	f	\N	2022-04-12	7	2022-04-12	\N	2022-04-12	\N	\N	c261018bac7688be3ec20b2b5f97e9dc6549c6f9bf3ebe7f89a65b5f84ad9d10	\N	\N	Review	\N	Storybook: Who is our friend?
691	2.1196wkarabos-question.pdf	2271440	2.1196wkarabos-question.pdf	Storybook: Karabo's Question	\N	\N	\N	f	\N	f	\N	2022-04-12	7	2022-04-12	\N	2022-04-12	\N	\N	f6361030cd5f585589de3116cd1293a414d73570e6b7d634b75029cda0b64a7b	\N	\N	Review	\N	Storybook: Karabo's Question
692	2.5114wanyone-like-me.pdf	932325	2.5114wanyone-like-me.pdf	Storybook: Is There Anyone Like Me?	\N	\N	\N	f	\N	f	\N	2022-04-12	7	2022-04-12	\N	2022-04-12	\N	\N	ee003b71acddf1062ad97497d8cf77e81a68e70ed8a48590ff060bba3489f00e	\N	\N	Review	\N	Storybook: Is There Anyone Like Me?
694	2.192wshongololos-shoes.pdf	1082295	2.192wshongololos-shoes.pdf	Storybook: Shongololo's shoes	\N	\N	\N	f	\N	f	\N	2022-04-12	7	2022-04-12	\N	2022-04-12	\N	\N	69643d580bfec084553437e75d23b94babca749ee5dd82bf7014484f4d844e62	\N	\N	Review	\N	Storybook: Shongololo's shoes
695	2.997wa-house-for-mouse.pdf	1277686	2.997wa-house-for-mouse.pdf	Storybook: A House for Mouse	\N	\N	\N	f	\N	f	\N	2022-04-12	7	2022-04-12	\N	2022-04-12	\N	\N	aad8b93f2f7be57d5d03751b27d4458315ee1bbd95190ca2e5a6ab8051508939	\N	\N	Review	\N	Storybook: A House for Mouse
696	2.7184wtigs-world.pdf	1199912	2.7184wtigs-world.pdf	Storybook: Tig's World	\N	\N	\N	f	\N	f	\N	2022-04-12	7	2022-04-12	\N	2022-04-12	\N	\N	ad99ae3f3ad36a27b8e4902c6c45561da55d71d74f7aa76fbdc02e6a5d703135	\N	\N	Review	\N	Storybook: Tig's World
697	2.7234wthe-dream-pillow.pdf	1418344	2.7234wthe-dream-pillow.pdf	Storybook: The Dream Pillow	\N	\N	\N	f	\N	f	\N	2022-04-12	7	2022-04-12	\N	2022-04-12	\N	\N	416aa37cb2f557668873fde5eafd8317507c50dbf7381202a6b429a1a9b69f41	\N	\N	Review	\N	Storybook: The Dream Pillow
698	2.0126wthe-fish-that-couldnt-swim.pdf	1101507	2.0126wthe-fish-that-couldnt-swim.pdf	Storybook: The Fish That Couldn't Swim	\N	\N	\N	f	\N	f	\N	2022-04-12	7	2022-04-12	\N	2022-04-12	\N	\N	2c2018867b9fa9696dc7167acaea45107ef7d10b1536807db6f9de31e6ba9d6e	\N	\N	Review	\N	Storybook: The Fish That Couldn't Swim
699	2.380wshhhhh.pdf	1564138	2.380wshhhhh.pdf	Storybook: Shhhhh!	\N	\N	\N	f	\N	f	\N	2022-04-12	7	2022-04-12	\N	2022-04-12	\N	\N	a11c57e257b09c818fcae1e4e29e4c12be7e1cf1d6eb307ff8ff3c5af849178c	\N	\N	Review	\N	Storybook: Shhhhh!
700	2.1154w_the-great-tidy-up.pdf	1149553	2.1154w_the-great-tidy-up.pdf	Storybook: The Great Tidy Up	\N	\N	\N	f	\N	f	\N	2022-04-12	7	2022-04-12	\N	2022-04-12	\N	\N	ef4c5eca246ae5e61b9603035b0b40ea18ed12734441d0f1a469fe857b1178f1	\N	\N	Review	\N	Storybook: The Great Tidy Up
701	2.2100w_come-stay-with-me.pdf	1388597	2.2100w_come-stay-with-me.pdf	Storybook: Come Stay With Me	\N	\N	\N	f	\N	f	\N	2022-04-12	7	2022-04-12	\N	2022-04-12	\N	\N	253d40b84b04dc979a652e46dec3a4d5a14e05d1709f942a03dc74e340e363d1	\N	\N	Review	\N	Storybook: Come Stay With Me
702	2.2_213wthe-lost-laugh.pdf	980879	2.2_213wthe-lost-laugh.pdf	Storybook: The Lost Laugh	\N	\N	\N	f	\N	f	\N	2022-04-12	7	2022-04-12	\N	2022-04-12	\N	\N	c04b09da053a6a70d7987ff0308f4a297baf973f03d76ac56376d086ea7b4893	\N	\N	Review	\N	Storybook: The Lost Laugh
704	2.9267wyes-you-you.pdf	881155	2.9267wyes-you-you.pdf	Storybook: You! Yes You!	\N	\N	\N	f	\N	f	\N	2022-04-12	7	2022-04-12	\N	2022-04-12	\N	\N	64eeaf61f83fe3b1354e1b57f72d6c1ac838c7a22a70ac9b6ee14f3f9c443614	\N	\N	Review	\N	Storybook: You! Yes You!
703	2.9210wa-very-busy-day.pdf	2465038	2.9210wa-very-busy-day.pdf	Storybook: A Very Busy Day	\N	\N	\N	f	\N	f	\N	2022-04-12	7	2022-04-12	\N	2022-04-12	\N	\N	123719f7747983a36193a003e9c96eb324e4f5eeb2fb7003df84b03d106ea8c2	\N	\N	Review	\N	Storybook: A Very Busy Day
705	3.5229wwhats-in-the-pot.pdf	2626914	3.5229wwhats-in-the-pot.pdf	Storybook: What's in the Pot?	\N	\N	\N	f	\N	f	\N	2022-04-12	7	2022-04-12	\N	2022-04-12	\N	\N	503ccc3923f5f926903e4ecc66a8ab39cfe4e08fa324df2eadb9f86d98934b6d	\N	\N	Review	\N	Storybook: What's in the Pot?
706	3.7175wnomvundla-and-the-chilli-eating-contest.pdf	3618900	3.7175wnomvundla-and-the-chilli-eating-contest.pdf	Storybook: Nomvundla and the Chilli Eating Contest	\N	\N	\N	f	\N	f	\N	2022-04-12	7	2022-04-12	\N	2022-04-12	\N	\N	129d84844c670757f0dcd5432bd7badf0e50d56627f426a242b3344d091ae358	\N	\N	Review	\N	Storybook: Nomvundla and the Chilli Eating Contest
707	3.3173wwhen-i-grow-up.pdf	1898781	3.3173wwhen-i-grow-up.pdf	Storybook: When I Grow Up	\N	\N	\N	f	\N	f	\N	2022-04-12	7	2022-04-12	\N	2022-04-12	\N	\N	9bad95e07c78953d033d6c8eda8cf1dc644e5528c564b51aae02400afef8d5e6	\N	\N	Review	\N	Storybook: When I Grow Up
708	3.0122wunathi-and-the-dirty-smelly-beast.pdf	1109283	3.0122wunathi-and-the-dirty-smelly-beast.pdf	Storybook: Unathi and the Dirty, Smelly Beast	\N	\N	\N	f	\N	f	\N	2022-04-12	7	2022-04-12	\N	2022-04-12	\N	\N	80302c7166e85ab3ca42b89073e47eb6ddd64ca2485df63027d2563f45beb9a1	\N	\N	Review	\N	Storybook: Unathi and the Dirty, Smelly Beast
709	3.2128wscared-tumi.pdf	1224280	3.2128wscared-tumi.pdf	Storybook: Scared Tumi	\N	\N	\N	f	\N	f	\N	2022-04-12	7	2022-04-12	\N	2022-04-12	\N	\N	a645d2554216a4df74a761ec94fd9d8cf459848a122ca4578f080a6d8898c66e	\N	\N	Review	\N	Storybook: Scared Tumi
710	3.0102wwhere-is-thabo.pdf	2373296	3.0102wwhere-is-thabo.pdf	Storybook: Where is Thabo?	\N	\N	\N	f	\N	f	\N	2022-04-12	7	2022-04-12	\N	2022-04-12	\N	\N	66ddb9590e1a107d6dd7c79cd58b7ae7b13a04e3f1ab796f0fd957ce9420150e	\N	\N	Review	\N	Storybook: Where is Thabo?
711	3.8141wrafikis-style.pdf	1072182	3.8141wrafikis-style.pdf	Storybook: Rafiki's Style	\N	\N	\N	f	\N	f	\N	2022-04-12	7	2022-04-12	\N	2022-04-12	\N	\N	cc0d76e29a0513d9252f4564122ec78a35c485eb9be82f532a9f34cf4b115dad	\N	\N	Review	\N	Storybook: Rafiki's Style
712	3.5177wand-also.pdf	4157564	3.5177wand-also.pdf	Storybook: And Also!	\N	\N	\N	f	\N	f	\N	2022-04-12	7	2022-04-12	\N	2022-04-12	\N	\N	0940eba01b27c9f1a53ae69c7bf54b9d3a88b5b90a664a305e3be65467fdce79	\N	\N	Review	\N	Storybook: And Also!
713	3.0180wwho-takes-the-train.pdf	808810	3.0180wwho-takes-the-train.pdf	Storybook: Who takes the train?	\N	\N	\N	f	\N	f	\N	2022-04-12	7	2022-04-12	\N	2022-04-12	\N	\N	2e8f9321f397d963c5031a01b34d045f14034b7704279d3edf34b1fa87f877e0	\N	\N	Review	\N	Storybook: Who takes the train?
714	3.0180wwiggle-jiggle.pdf	2235247	3.0180wwiggle-jiggle.pdf	Storybook: Wiggle Jiggle	\N	\N	\N	f	\N	f	\N	2022-04-12	7	2022-04-12	\N	2022-04-12	\N	\N	9ee5d217a71932fe9cfa40dc27f4a4637954f0462b646bdc11cd30db10ade65a	\N	\N	Review	\N	Storybook: Wiggle Jiggle
715	3.0223wmama-antelopes-house.pdf	1000091	3.0223wmama-antelopes-house.pdf	Storybook: Mama Antelope's House	\N	\N	\N	f	\N	f	\N	2022-04-12	7	2022-04-12	\N	2022-04-12	\N	\N	93104a9d9c26a11128a3bc1fbb182ee64a67681cc38f03804640a38d57aa0f03	\N	\N	Review	\N	Storybook: Mama Antelope's House
716	3.4315wim-the-colour-of-honey.pdf	1509687	3.4315wim-the-colour-of-honey.pdf	Storybook: I'm the colour of honey	\N	\N	\N	f	\N	f	\N	2022-04-12	7	2022-04-12	\N	2022-04-12	\N	\N	8e11054f18edbe83e137633b0c1f26a2a3c9776b74bdafd968028f042e089ec7	\N	\N	Review	\N	Storybook: I'm the colour of honey
717	3.4203wlittle-ants-big-plan.pdf	2789868	3.4203wlittle-ants-big-plan.pdf	Storybook: Little Ant's Big Plan	\N	\N	\N	f	\N	f	\N	2022-04-12	7	2022-04-12	\N	2022-04-12	\N	\N	92819aaf7036a7538b9861be3e3332f3fcd99fef19dbb06b620df18e74173b54	\N	\N	Review	\N	Storybook: Little Ant's Big Plan
718	3.7338wamazing-daisy.pdf	2382366	3.7338wamazing-daisy.pdf	Storybook: Amazing Daisy	\N	\N	\N	f	\N	f	\N	2022-04-12	7	2022-04-12	\N	2022-04-12	\N	\N	9febf3e49ea80ce8273f7f81feea9309ce69e34f124cf2369cbdee9c86e67414	\N	\N	Review	\N	Storybook: Amazing Daisy
719	3.2188whippo-wants-to-dance.pdf	2429354	3.2188whippo-wants-to-dance.pdf	Storybook: Hippo Wants to Dance	\N	\N	\N	f	\N	f	\N	2022-04-12	7	2022-04-12	\N	2022-04-12	\N	\N	994f8eff0e9a2620e83307cb104f779934a0dba25e895684710fa0b02d125348	\N	\N	Review	\N	Storybook: Hippo Wants to Dance
720	3.1111wthats-not-thabi.pdf	4616645	3.1111wthats-not-thabi.pdf	Storybook: That's not Thabi! That's a hippopotamus!	\N	\N	\N	f	\N	f	\N	2022-04-12	7	2022-04-12	\N	2022-04-12	\N	\N	1cf0aec01cc0b7e8755689e7065a687742239c9e60030849a3c43f6f55f286da	\N	\N	Review	\N	Storybook: That's not Thabi! That's a hippopotamus!
721	AnasTortillas.pdf	580145	AnasTortillas.pdf	Storybook: Ana's Tortillas	\N	\N	\N	f	\N	f	\N	2022-04-13	7	2022-04-13	\N	2022-04-13	\N	\N	1e840433d82e4f3d26b9f91b5db003e6a3c7b961a4e42780192fe634370fcd73	\N	\N	Review	\N	Storybook: Ana's Tortillas
693	2.0126wa-beautiful-day.pdf	2646332	2.0126wa-beautiful-day.pdf	Storybook: A Beautiful Day	\N	\N	\N	f	\N	f	\N	2022-04-12	7	2022-04-12	\N	2022-04-12	7	\N	af640eacff9c4ef0a3088c5e8f0cd87db25ad21faebd4308c4a264458f57acec	\N	\N	Review	\N	Storybook: A Beautiful Day
722	DisagreementAmongOccupations.pdf	17315607	DisagreementAmongOccupations.pdf	Storybook: Disagreement Among Occupations	\N	\N	\N	f	\N	f	\N	2022-04-13	7	2022-04-13	\N	2022-04-13	\N	\N	571b33a981204a49a5b32c0db89c331f2cb6a98d3b7e936d3f15268dd09e859b	\N	\N	Review	\N	Storybook: Disagreement Among Occupations
723	AvoidCovid-19.pdf	1255846	AvoidCovid-19.pdf	Storybook: Avoid COVID-19	\N	\N	\N	f	\N	f	\N	2022-04-13	7	2022-04-13	\N	2022-04-13	\N	\N	a40b80b1a794d19015a31849aebb6721f6a940b38e2b9d3017d8b77330c87a74	\N	\N	Review	\N	Storybook: Avoid COVID-19
724	BambooisUseful.pdf	770429	BambooisUseful.pdf	Storybook: Bamboo is Useful	\N	\N	\N	f	\N	f	\N	2022-04-13	7	2022-04-13	\N	2022-04-13	\N	\N	6a25da959b148bac5bbd4c4e00c165b1f0ddef8f1a05638befdaf80fa41f8d24	\N	\N	Review	\N	Storybook: Bamboo is Useful
725	EnvironmentalIssuesandProblems.pdf	4031272	EnvironmentalIssuesandProblems.pdf	Storybook: Environmental Issues and Problems	\N	\N	\N	f	\N	f	\N	2022-04-13	7	2022-04-13	\N	2022-04-13	\N	\N	9beee2920542b96467e48c44dd868ef9d434bab4edd77aea85ce7d34d4dd7c93	\N	\N	Review	\N	Storybook: Environmental Issues and Problems
726	MosesandtheVeryGoodFarm.pdf	1059847	MosesandtheVeryGoodFarm.pdf	Storybook: Moses and the Very Good Farm	\N	\N	\N	f	\N	f	\N	2022-04-13	7	2022-04-13	\N	2022-04-13	\N	\N	dc154dcba126b6ade396c41e1cd9492cc79601baa3ae5d87929a9b1ebd5e36fa	\N	\N	Review	\N	Storybook: Moses and the Very Good Farm
727	OurLandisourHome.pdf	4930529	OurLandisourHome.pdf	Storybook: Our Land is Our Home	\N	\N	\N	f	\N	f	\N	2022-04-13	7	2022-04-13	\N	2022-04-13	\N	\N	adc91afd6e5e7f7bc70f1ce52a447b3071fcda1209a783700bc14c8dd27a3514	\N	\N	Review	\N	Storybook: Our Land is Our Home
196	acrantophis_madagascariensis.jpg	183289	acrantophis_madagascariensis.jpg	Acrantophis Madagascariensis	A photo of an acrantophis madagascariensis.	\N	\N	f	\N	f	\N	2022-03-29	10	2022-03-29	\N	2022-03-29	\N	\N	bf9a28de19a6a988649b1e89b3f84b5853e314d585ba4481aca923b6028b7a58	\N	\N	Deaccession	\N	Acrantophis madagascariensis
252	amulette_region_hauts_plateaux_ouest_cameroun.jpg	38263	amulette_region_hauts_plateaux_ouest_cameroun.jpg	Amulet from the High West Plateau Regions of Cameroon	A photo of a Cameroonian amulet.	\N	\N	f	\N	f	\N	2022-03-29	10	2022-03-29	\N	2022-03-29	\N	\N	f2f5c057dc20fb9082c66f34d11ac4e4c8117fb4a448d451233f5500740c4fb2	\N	\N	Deaccession	\N	Amulette rgion hauts plateaux ouest (Cameroun)
728	Howtomakeandusecompost.pdf	3947807	Howtomakeandusecompost.pdf	Storybook: How to make and use compost	\N	\N	\N	f	\N	f	\N	2022-04-13	7	2022-04-13	\N	2022-04-13	\N	\N	46cd4cb031a0fd8448339b546a5187352eb2ea0cc81e2f8895332e78c3a8e18e	\N	\N	Review	\N	Storybook: How to make and use compost
729	HarvestingGroundnuts.pdf	3860645	HarvestingGroundnuts.pdf	Storybook: Harvesting Groundnuts	\N	\N	\N	f	\N	f	\N	2022-04-13	7	2022-04-13	\N	2022-04-13	\N	\N	083b02acaa0c18ed97d358adc3ba5cda56adac3ab52c07db2aafac184ee80e85	\N	\N	Review	\N	Storybook: Harvesting Groundnuts
730	LeavingNoOneBehindTheSustainableDevelopment.pdf	26134387	LeavingNoOneBehindTheSustainableDevelopment.pdf	Storybook: Leaving No One Behind: The Sustainable Development Goals and Indigenous Peoples	\N	\N	\N	f	\N	f	\N	2022-04-13	7	2022-04-13	\N	2022-04-13	\N	\N	62953a43cf1ca2683e3cf612615a755631120427799c71f21f8fcc3fda718ec8	\N	\N	Review	\N	Storybook: Leaving No One Behind: The Sustainable Development Goals and Indigenous Peoples
731	4.2288wthe-three-doof-doofs.pdf	1202427	4.2288wthe-three-doof-doofs.pdf	Storybook: The 3 Doof-Doofs	\N	\N	\N	f	\N	f	\N	2022-04-13	7	2022-04-13	\N	2022-04-13	\N	\N	eba0d4f8401f331ea24f5376b80e4866d1b127bc379ee4b088ac8a4269994fd2	\N	\N	Review	\N	Storybook: The 3 Doof-Doofs
732	4.8151wpalesa-can-walk.pdf	891401	4.8151wpalesa-can-walk.pdf	Storybook: Palesa Can Walk	\N	\N	\N	f	\N	f	\N	2022-04-13	7	2022-04-13	\N	2022-04-13	\N	\N	3308291e87e14021391ad269042dc798dcf300f938999b39ea7bda0d26c5dac4	\N	\N	Review	\N	Storybook: Palesa Can Walk
733	4.7290wthe-biscuit-jar-must-fall.pdf	1158609	4.7290wthe-biscuit-jar-must-fall.pdf	Storybook: The Biscuit Jar Must Fall	\N	\N	\N	f	\N	f	\N	2022-04-13	7	2022-04-13	\N	2022-04-13	\N	\N	93c9340e3983027e309716ae608766fb6579b86607cf0620cc8fa9c89a6fed21	\N	\N	Review	\N	Storybook: The Biscuit Jar Must Fall
734	4.6192wwhy-is-there-a-hole-in-the-wall.pdf	827660	4.6192wwhy-is-there-a-hole-in-the-wall.pdf	Storybook: Where is there a hole in the wall?	\N	\N	\N	f	\N	f	\N	2022-04-13	7	2022-04-13	\N	2022-04-13	\N	\N	a6af2be6a14741eb0a04c90b2617f1b215268f6e87d18fab3abc4906d07d5ec9	\N	\N	Review	\N	Storybook: Where is there a hole in the wall?
735	4.3190wzanele-sees-numbers.pdf	1239520	4.3190wzanele-sees-numbers.pdf	Storybook: Zanele Sees Numbers	\N	\N	\N	f	\N	f	\N	2022-04-13	7	2022-04-13	\N	2022-04-13	\N	\N	906aef630f06e3da6285cf77aae18456185fa4247534d3fb9d31438fec8604f3	\N	\N	Review	\N	Storybook: Zanele Sees Numbers
736	4.7185wgrandpas-gold.pdf	1200061	4.7185wgrandpas-gold.pdf	Storybook: Grandpa's Gold	\N	\N	\N	f	\N	f	\N	2022-04-13	7	2022-04-13	\N	2022-04-13	\N	\N	79fdc97a196f700aba9a8051339b92fa92b2ca9d2a1ee2073d0df5fca73cd5f4	\N	\N	Review	\N	Storybook: Grandpa's Gold
737	4.6216wwalking-together.pdf	770936	4.6216wwalking-together.pdf	Storybook: Walking together	\N	\N	\N	f	\N	f	\N	2022-04-13	7	2022-04-13	\N	2022-04-13	\N	\N	8f11f265339d39340317c7768f398fda5483a00509e855ac1db4a32692581fd8	\N	\N	Review	\N	Storybook: Walking together
738	4.3269wthe-pumpkin-chase.pdf	1266468	4.3269wthe-pumpkin-chase.pdf	Storybook: The Pumpkin Chase	\N	\N	\N	f	\N	f	\N	2022-04-13	7	2022-04-13	\N	2022-04-13	\N	\N	75a552c73b835796025b5b43e445ea17e8abf01429f6dbf9e4b6ad33fc25df3c	\N	\N	Review	\N	Storybook: The Pumpkin Chase
739	4.8190wmy-inside-weather.pdf	2792099	4.8190wmy-inside-weather.pdf	Storybook: My Inside Weather	\N	\N	\N	f	\N	f	\N	2022-04-13	7	2022-04-13	\N	2022-04-13	\N	\N	77ce8b6970611f7366bbfa6c9ed6de24426e3dea56e49db0968cabeb65df109f	\N	\N	Review	\N	Storybook: My Inside Weather
740	4.8283wthe-great-cake-contest.pdf	1392437	4.8283wthe-great-cake-contest.pdf	Storybook: The Great Cake Contest	\N	\N	\N	f	\N	f	\N	2022-04-13	7	2022-04-13	\N	2022-04-13	\N	\N	c95297dc0a84ed0acc2afaba57a272b999061d23d43496ce5d0f5ae7a533f9a9	\N	\N	Review	\N	Storybook: The Great Cake Contest
741	4.5173w_tejus-shadow.pdf	2078871	4.5173w_tejus-shadow.pdf	Storybook: Teju's Shadow	\N	\N	\N	f	\N	f	\N	2022-04-13	7	2022-04-13	\N	2022-04-13	\N	\N	0cd4c781689b407ae142b3b5e6dec0027c38d82af1fd4c2c298da79bafa906d6	\N	\N	Review	\N	Storybook: Teju's Shadow
742	4.0171whugs-in-the-city.pdf	1612153	4.0171whugs-in-the-city.pdf	Storybook: Hugs in the City	\N	\N	\N	f	\N	f	\N	2022-04-13	7	2022-04-13	\N	2022-04-13	\N	\N	bc6a0553ccc3c973f04895d10f4787f59f4b077a431ef21a39acd633e74461b2	\N	\N	Review	\N	Storybook: Hugs in the City
743	15-__.mp4	47536181	15-__.mp4	Portable storage devices	The video demonstrates the purpose of using  portable storage devices such as Flash drives, copying files to your computer from flash drive, as well as to how to safely unplug them.               .	\N	2022-01-01	f	\N	f	\N	2022-04-15	17	2022-04-15	\N	2022-04-15	\N	\N	bc0de0433fa3e08b268401eebbea3165576e8c4b4392303a6860e5a7c3ecf28c	\N	https://www.microsoft.com/en-us/digital-literacy	Review	\N	  
745	5.1218wthe-lion-who-wouldnt-try.pdf	1047217	5.1218wthe-lion-who-wouldnt-try.pdf	Storybook: The Lion Who Wouldn't Try	\N	\N	\N	f	\N	f	\N	2022-04-16	7	2022-04-16	\N	2022-04-16	\N	\N	61503749e0e882b1f2d90c333b102a239b3648e5c1f70a48f6358fe426d83800	\N	\N	Review	\N	Storybook: The Lion Who Wouldn't Try
747	5.0107wkatiitis-song.pdf	1326783	5.0107wkatiitis-song.pdf	Storybook: Katiiti's Song	\N	\N	\N	f	\N	f	\N	2022-04-16	7	2022-04-16	\N	2022-04-16	\N	\N	47d21eed1bcd93f384afc51059dd31a96b5c5c3eee89aef4cb999d6a4b9dbde9	\N	\N	Review	\N	Storybook: Katiiti's Song
748	5.8299wmrs-penguins-perfect-palace.pdf	1170259	5.8299wmrs-penguins-perfect-palace.pdf	Storybook: Mrs Penguin's Perfect Palace	\N	\N	\N	f	\N	f	\N	2022-04-16	7	2022-04-16	\N	2022-04-16	\N	\N	58be974d51dde8c4fff0afc21e9e2bd60a62d24eefc49a9e9eed049da608ab34	\N	\N	Review	\N	Storybook: Mrs Penguin's Perfect Palace
749	5.2307wthe-rainbow-cloud.pdf	1095818	5.2307wthe-rainbow-cloud.pdf	Storybook: The Rainbow Cloud	\N	\N	\N	f	\N	f	\N	2022-04-16	7	2022-04-16	\N	2022-04-16	\N	\N	75b9fda6f186b41d44f50fdace63f227403ddd679a91165ae6fad4ea0ddfdbb7	\N	\N	Review	\N	Storybook: The Rainbow Cloud
750	5.0187wlittle-goat.pdf	3203902	5.0187wlittle-goat.pdf	Storybook: Little Goat	\N	\N	\N	f	\N	f	\N	2022-04-16	7	2022-04-16	\N	2022-04-16	\N	\N	f51d51ac21c7ce6abcfb6735e165ebff698d0a07dc2ba2b55723a3da34ac61b9	\N	\N	Review	\N	Storybook: Little Goat
751	5.0534wsindi-and-the-moon.pdf	2296502	5.0534wsindi-and-the-moon.pdf	Storybook: Sindi and the Moon	\N	\N	\N	f	\N	f	\N	2022-04-16	7	2022-04-16	\N	2022-04-16	\N	\N	2dc8c5599c813064b1267d9a386c655e9a6f9364fab251c4b3d7ac2f3d367df4	\N	\N	Review	\N	Storybook: Sindi and the Moon
752	5.1281wthere-must-be-a-rainbow.pdf	1005323	5.1281wthere-must-be-a-rainbow.pdf	Storybook: THERE MUST BE A RAINBOW	\N	\N	\N	f	\N	f	\N	2022-04-16	7	2022-04-16	\N	2022-04-16	\N	\N	af2995cc9dbff8f6a60c1ea107d170cd99effad90dd371ea3a1db6c87dd2f5b3	\N	\N	Review	\N	Storybook: THERE MUST BE A RAINBOW
753	5.2227wsima-and-siza.pdf	1120332	5.2227wsima-and-siza.pdf	Storybook: Sima and Siza	\N	\N	\N	f	\N	f	\N	2022-04-16	7	2022-04-16	\N	2022-04-16	\N	\N	526073f7ab7002bf0fe2107cde88c3ccfa356bed0cc35554bcca5d956e87f0c5	\N	\N	Review	\N	Storybook: Sima and Siza
754	5.3377wthe-elephant-in-the-room.pdf	739037	5.3377wthe-elephant-in-the-room.pdf	Storybook: The Elephant in the Room	\N	\N	\N	f	\N	f	\N	2022-04-16	7	2022-04-16	\N	2022-04-16	\N	\N	6dc08f220567ff8e0b2af90dd196db78a0a144d6ccdfb6068ce060fb23e7b2b6	\N	\N	Review	\N	Storybook: The Elephant in the Room
540	Alcool_tabac_cannabis_ce_que_vous_devriez_savoir.pdf	2690616	Alcool_tabac_cannabis_ce_que_vous_devriez_savoir.pdf	Alcohol, tobacco, cannabis, what you should know	\N	\N	\N	f	\N	f	\N	2022-04-10	15	2022-04-10	\N	2022-04-10	15	\N	60efc2d08d34accdf52524272bf51fe1cea76be41ec02e0064ca8e210f991091	\N	\N	Review	\N	Alcool, tabac, cannabis, ce que vous devriez savoir
755	francais_college_.pdf	524288	francais_college_.pdf	Tunisian French Language Curriculum (1)	High school level	\N	\N	f	\N	f	\N	2022-04-18	10	2022-04-18	\N	2022-04-18	10	\N	8a69b446a99beb297f77babd6d6305d5652e3db71543fa7d82ca06e5964aa840	\N	\N	Review	\N	Programmes de franais - enseignement secondaire
756	francais_college.pdf	524288	francais_college.pdf	Tunisian French Language Curriculum (2)	\N	\N	\N	f	\N	f	\N	2022-04-18	10	2022-04-18	\N	2022-04-18	\N	\N	a47c1a91dc808eec28c3d598b26ed6877203c876f9c6b7693ff061810320a657	\N	\N	Review	\N	Programmes de franais - cycle prparatoire de l'Enseignement de base
757	francais_cycle_sec_quatrieme_annee.pdf	8253258	francais_cycle_sec_quatrieme_annee.pdf	Fourth Year Textbook of Secondary Education	\N	\N	\N	f	\N	f	\N	2022-04-18	10	2022-04-18	\N	2022-04-18	\N	\N	8bf78ec488958fcf7237cee1e051b72047ddfa9a5c62032f297f6a5df5e6aa4a	\N	\N	Review	\N	Textbook 4me ane de l'Enseignement Secondaire
758	francais_cycle_secondaire_troisieme_annee.pdf	9173399	francais_cycle_secondaire_troisieme_annee.pdf	Third Year of Secondary Education Textbook	\N	\N	\N	f	\N	f	\N	2022-04-18	10	2022-04-18	\N	2022-04-18	\N	\N	5f7d4ce94c0b8f0482c49bd14552ed7b22491814c29d87dfa51c28396a2da271	\N	\N	Review	\N	Textbook 3me ane de l'Enseignement Secondaire
759	from_the_earth_to_the_moon_jules_verne.pdf	831201	from_the_earth_to_the_moon_jules_verne.pdf	From the Earth to the Moon and Round the Moon	A classic novel by Jules Verne.	\N	\N	f	\N	f	\N	2022-04-18	10	2022-04-18	\N	2022-04-18	\N	\N	04e8fbb7fc38113ba0f67351a494d2e53d0d2a4b21e3f976840b8fa84b756250	\N	\N	Review	\N	\N
760	genetique_cycle_secondaire_3eme_annee.pdf	8177495	genetique_cycle_secondaire_3eme_annee.pdf	Genetic Information: Expression, Diversity, and Transmission	Textbook on introductory genetics.	\N	\N	f	\N	f	\N	2022-04-18	10	2022-04-18	\N	2022-04-18	\N	\N	36f148bdf0e08bbd744b9e44ad05b75db3edaddea7e22b7df8edbaf172324080	\N	\N	Review	\N	L'Information gntique: expression, diversit et transmission
761	germinal-emile_zola.pdf	2062371	germinal-emile_zola.pdf	Germinal	Novel by mile Zola.	\N	\N	f	\N	f	\N	2022-04-18	10	2022-04-18	\N	2022-04-18	\N	\N	f84c2128edd9a193c406db197b8bffedee20f0219962ae15008404d5bba7f36c	\N	\N	Review	\N	Germinal
762	grimm_fairy_tales.pdf	922293	grimm_fairy_tales.pdf	Grimm's Fairytales	Classic collection of fairytales.	\N	\N	f	\N	f	\N	2022-04-18	10	2022-04-18	\N	2022-04-18	\N	\N	8fa92a7fa645bb5e1150727fcf92ba3851e3f52a8bb6522547761fd43480bde9	\N	\N	Review	\N	\N
763	guide_medical_eau_pour_la_vie.pdf	1714668	guide_medical_eau_pour_la_vie.pdf	Water for Life	Guide to the health benefits/maintenance of clean water.	\N	\N	f	\N	f	\N	2022-04-18	10	2022-04-18	\N	2022-04-18	\N	\N	8cbbbf8f62b62f8b827d3217589a57f0cfaf680313ff2c6a5d10db25c5e5a453	\N	\N	Review	\N	De l'eau pour la vie
764	gulliver.pdf	1263666	gulliver.pdf	Gulliver	Vintage comic strip depicting the classic story of Gulliver's travels.	\N	\N	f	\N	f	\N	2022-04-18	10	2022-04-18	\N	2022-04-18	\N	\N	694983d03a75c8748235cc65b6901fc0d4b2a631dd6aa0693962c6cf5a3e6c42	\N	\N	Review	\N	Gulliver
765	health_guide_community_for_life.pdf	1269301	health_guide_community_for_life.pdf	Water for Life	A guide to the importance of/maintenance of clean water.	\N	\N	f	\N	f	\N	2022-04-18	10	2022-04-18	\N	2022-04-18	\N	\N	4ecea1ecacabf98f8b7651429bbb088d38f41e6530025f6011e2d78ca7bb17a9	\N	\N	Review	\N	\N
766	health_guide_cholera_prevention-english.pdf	261090	health_guide_cholera_prevention-english.pdf	How to Prevent Cholera	\N	\N	\N	f	\N	f	\N	2022-04-18	10	2022-04-18	\N	2022-04-18	\N	\N	71d18a3e02a46a0c346d74035fe380eab3e62e0ae7bc774ec6012e029270ee52	\N	\N	Review	\N	\N
767	health_guide_help_deaf_people_english.pdf	9951130	health_guide_help_deaf_people_english.pdf	Helping Children Who Are Deaf	\N	\N	\N	f	\N	f	\N	2022-04-18	10	2022-04-18	\N	2022-04-18	\N	\N	b01a2a754845dce2eec3eaa6a936f54b996ca93794d1ca761805399254fffd17	\N	\N	Review	\N	\N
768	hernani.pdf	524288	hernani.pdf	Hernani	A classic novel by Victor Hugo.	\N	\N	f	\N	f	\N	2022-04-18	10	2022-04-18	\N	2022-04-18	\N	\N	29a55d62eb908cea36d866816757ac012cd11f9aee82b769587c0779561c04f3	\N	\N	Review	\N	Hernani
769	high_school_mathematics.pdf	1592428	high_school_mathematics.pdf	High School Mathematics Extension	\N	\N	\N	f	\N	f	\N	2022-04-18	10	2022-04-18	\N	2022-04-18	\N	\N	f5543ff134f4377aa96eb8088b2e9f6171a55be040cc6dbbcbe561bb10b38937	\N	\N	Review	\N	\N
770	histoire_de_l-_automobile_youpi.pdf	1109447	histoire_de_l-_automobile_youpi.pdf	History of the Automobile	Animated comic about the history of the automobile.	\N	\N	f	\N	f	\N	2022-04-18	10	2022-04-18	\N	2022-04-18	\N	\N	b31e85f55951bcda63e5e98af97155189bc25341acfba9015625fcb6a4e1eb8e	\N	\N	Review	\N	L'histoire de l'automobile
771	Sel_et_tiquettes.pdf	796921	Sel_et_tiquettes.pdf	Salt and labels	\N	\N	\N	f	\N	f	\N	2022-04-18	15	2022-04-18	\N	2022-04-18	\N	\N	3d7dbb9bb6bf7f342fe926d9b0cdfac1c1dadd55a34d3df10a1ad07caa2b4b62	\N	\N	Review	\N	Sel et tiquettes
772	histoire_de_l-alimentation_youpi.pdf	1056822	histoire_de_l-alimentation_youpi.pdf	Culinary History	Abbreviated animated history of cooking.	\N	\N	f	\N	f	\N	2022-04-18	10	2022-04-18	\N	2022-04-18	\N	\N	49cd4d4db0d499e331080459dd920c8c9d28a439d1f7b2da2c9cd4c4549ebbd8	\N	\N	Review	\N	Histoire de l'alimentation
773	En_route_vers_la_pleine_forme.pdf	526677	En_route_vers_la_pleine_forme.pdf	On the road to fitness	\N	\N	\N	f	\N	f	\N	2022-04-18	15	2022-04-18	\N	2022-04-18	\N	\N	4184c995cd70f31298d36dac301032b4c0c5a7a11b0604bc3345cd382f63605f	\N	\N	Review	\N	En route vers la pleine forme
774	histoire_du_train_youpi.pdf	5928493	histoire_du_train_youpi.pdf	The Great History of Trains	Animated history of trains for children.	\N	\N	f	\N	f	\N	2022-04-19	10	2022-04-19	\N	2022-04-19	\N	\N	b4d5e7f4a12c566f622bf4a77a70d9cc28073b1eaa1535f87c66cd6da6057531	\N	\N	Review	\N	Le grande histoire du train
775	hugo_ane.pdf	118392	hugo_ane.pdf	The Donkey	Classic novel by Victor Hugo.	\N	\N	f	\N	f	\N	2022-04-19	10	2022-04-19	\N	2022-04-19	\N	\N	40f647ce4e2d1a438c4c507081b798a2d6b2a99806aa9a8a5aee7dee92fce18e	\N	\N	Review	\N	L'ne
776	hugo-miserables-1.pdf	1418958	hugo-miserables-1.pdf	Les Misrables (1)	Classic by Victor Hugo.	\N	\N	f	\N	f	\N	2022-04-19	10	2022-04-19	\N	2022-04-19	\N	\N	54d63b4d45dc12d2312d0d8e4be281dff931c793d58b65870028b110ef48bbd0	\N	\N	Review	\N	Les Misrables (1)
777	hugo-miserables-2.pdf	1277897	hugo-miserables-2.pdf	Les Misrables (2)	Classic by Victor Hugo.	\N	\N	f	\N	f	\N	2022-04-19	10	2022-04-19	\N	2022-04-19	\N	\N	04c3fffd54106efeabab727f35bcb8b6911750200f4a0e1e2b91f02bbc8172fd	\N	\N	Review	\N	Les Misrables (2)
778	hugo-miserables-3.pdf	1288454	hugo-miserables-3.pdf	Les Misrables (3)	Classic by Victor Hugo.	\N	\N	f	\N	f	\N	2022-04-19	10	2022-04-19	\N	2022-04-19	\N	\N	162a1d8b6864d85b901adb86ba99acc135e1a5191bd00c873e2607f169d274d6	\N	\N	Review	\N	Les Misrables (3)
779	hugo-miserables-4.pdf	3685354	hugo-miserables-4.pdf	Les Misrables (4)	Classic by Victor Hugo.	\N	\N	f	\N	f	\N	2022-04-19	10	2022-04-19	\N	2022-04-19	\N	\N	7366c344fc3154e7111d563e1cc97b7c5dfdfe13d7cb4db28175922374080a4a	\N	\N	Review	\N	Les Misrables (4)
780	hugo-miserables-5.pdf	3101849	hugo-miserables-5.pdf	Les Misrables (5)	Classic by Victor Hugo.	\N	\N	f	\N	f	\N	2022-04-19	10	2022-04-19	\N	2022-04-19	\N	\N	380ceed1130142e6017d2e0d2272ab49c5e031d89fdf389c43a69e0b6921e1b6	\N	\N	Review	\N	Les Misrables (5)
781	independances-dates.pdf	237053	independances-dates.pdf	Key Dates along the Way to Independence	Chart displaying the dates of independence of former French colonial holdings.	\N	\N	f	\N	f	\N	2022-04-19	10	2022-04-19	\N	2022-04-19	\N	\N	72f0349b6c6d6630422576422d4b9805295b61bfd369c0b6856299ecd54af7e9	\N	\N	Review	\N	Dates cls du chemin vers l'indpendance
782	kipling_le_livre_de_la_jungle.pdf	568776	kipling_le_livre_de_la_jungle.pdf	The Jungle Book	A classic novel by Rudyard Kipling.	\N	\N	f	\N	f	\N	2022-04-19	10	2022-04-19	\N	2022-04-19	\N	\N	29339bb8484b359de9981750a20c4629e8d05d1a76726dca084765d42c298c3d	\N	\N	Review	\N	Le livre de la jungle
783	kipling_le_second_livre_de_la_jungle.pdf	790318	kipling_le_second_livre_de_la_jungle.pdf	The Second Jungle Book	A classic novel by Rudyard Kipling.	\N	\N	f	\N	f	\N	2022-04-19	10	2022-04-19	\N	2022-04-19	\N	\N	bf2278f7e275a10190aa613d3dea6e666827288d18350b94ced1df006a649049	\N	\N	Review	\N	Le seconde livre de la jungle
309	Les_graisses_et_les_sucres_cachs.pdf	366259	Les_graisses_et_les_sucres_cachs.pdf	Hidden fats and sugars	\N	\N	\N	f	\N	f	\N	2022-03-29	15	2022-03-29	\N	2022-03-29	15	\N	f43df2e1be2e76917a7611899bfb11c6d869530528404e1d1f79cf826efb926e	\N	https://www.educapasifika.com/sites/default/files/2021-01/Les%20graisses%20et%20les%20sucres%20cach%C3%A9s.pdf	Review	\N	Les graisses et les sucres cachs
784	la_case_de_l_oncle_tom_h.e.b.stowe.pdf	2238719	la_case_de_l_oncle_tom_h.e.b.stowe.pdf	Uncle Tom's Cabin	Classic novel by Harriet Beecher Stowe.	\N	\N	f	\N	f	\N	2022-04-19	10	2022-04-19	\N	2022-04-19	\N	\N	204a3f9d10f3e9690f137c973dc22c978c3cedc003ee8d4a7a3f0934467a6f8b	\N	\N	Review	\N	La case de l'oncle Tom
785	l_agence_barnett_et_cie_m.leblanc.pdf	573682	l_agence_barnett_et_cie_m.leblanc.pdf	The Barnett & Co. Agency	Classic novel by Maurice Leblanc.	\N	\N	f	\N	f	\N	2022-04-19	10	2022-04-19	\N	2022-04-19	\N	\N	6ea0d56d9ba9c13cb1f248b96af388aa2d641fb97d8cc3a9ddc40c57ac8c260f	\N	\N	Review	\N	L'Agence Barnett et Cie
786	l_aiguille_creuse_m._leblanc.pdf	744852	l_aiguille_creuse_m._leblanc.pdf	The Hollow Needle	Classic novel by Maurice Leblanc.	\N	\N	f	\N	f	\N	2022-04-19	10	2022-04-19	\N	2022-04-19	\N	\N	c2f487822d6ff1cb501e0fd21a327aa4adaf4857795c98ed549ac2752c538676	\N	\N	Review	\N	L'aiguille creuse
787	l_air_et_l_eau.pdf	607966	l_air_et_l_eau.pdf	Air and Water	Introductory climatology article.	\N	\N	f	\N	f	\N	2022-04-19	10	2022-04-19	\N	2022-04-19	\N	\N	12df2a64af49eb01e251a941b97b7197dc74f8ee3b53edb01ddf8cdf86705d38	\N	\N	Review	\N	L'air et l'eau
788	l_appel_de_la_foret_j.london.pdf	425908	l_appel_de_la_foret_j.london.pdf	Call of the Wild	Classic novel by Jack London.	\N	\N	f	\N	f	\N	2022-04-19	10	2022-04-19	\N	2022-04-19	\N	\N	039ad4fc5310d4f063b3678958fcafd366d00cc0b92450d35c3361d7208281ce	\N	\N	Review	\N	L'appel de la fort.
789	l_effrayante_aventure_j.lermina.pdf	590058	l_effrayante_aventure_j.lermina.pdf	Panic in Paris	Classic novel by Jules Lermina.	\N	\N	f	\N	f	\N	2022-04-19	10	2022-04-19	\N	2022-04-19	\N	\N	1c2a499305559b39e8842a768615d66fc53569e608005838ee373a3d3c73c1b5	\N	\N	Review	\N	L'effrayant aventure
790	l_histoire_de_la_vie_et_de_la_terre.pdf	384335	l_histoire_de_la_vie_et_de_la_terre.pdf	The Principle Events in the History of the Earth	A brief timeline outlining prehistory.	\N	\N	f	\N	f	\N	2022-04-19	10	2022-04-19	\N	2022-04-19	\N	\N	13482954b31d608dc1e6c78383a6c2ff2007f36736472d904f80042766108822	\N	\N	Review	\N	Les principaux vnements de l'histoire de la Terre
791	la_chaine_alimentaire_schema.pdf	133097	la_chaine_alimentaire_schema.pdf	The Food Chain	Introductory chart outlining the food chain.	\N	\N	f	\N	f	\N	2022-04-19	10	2022-04-19	\N	2022-04-19	\N	\N	9ccf233a93da1c1207b2e3a58265f6d01fcae6d6425727d87c34f864ac94cfe5	\N	\N	Review	\N	La chane alimentaire
792	la_circulation_sanguine.pdf	290929	la_circulation_sanguine.pdf	Outline of Blood Circulation	Introductory diagram of the cardiovascular system.	\N	\N	f	\N	f	\N	2022-04-19	10	2022-04-19	\N	2022-04-19	\N	\N	614a74a1b8f69527ffe936fb46bd6df137947d331f9fca5c80ba59f068d46e97	\N	\N	Review	\N	Schma de la circulation sanguine
793	la_croissance_des_vegetaux.pdf	416271	la_croissance_des_vegetaux.pdf	The Needs of a Plant	An introductory diagram to gardening.	\N	\N	f	\N	f	\N	2022-04-19	10	2022-04-19	\N	2022-04-19	\N	\N	8650c993ac3b758be362382e778ea5332ddc7fadcc5cdad2d170de9e4c57717d	\N	\N	Review	\N	Les besoins d'une plante
794	la_dame_aux_camelias_a.dumas.pdf	740520	la_dame_aux_camelias_a.dumas.pdf	La Dame aux Camlias	Classic novel by Alexandre Dumas Jr.	\N	\N	f	\N	f	\N	2022-04-19	10	2022-04-19	\N	2022-04-19	\N	\N	58e82c5f18ac90a613d9e5cab1a2f8e84e30f4abf28c284ab71fcd61f7af24ec	\N	\N	Review	\N	La Dame aux Camlias
795	la_comtesse_de_cagliostro_m.leblanc.pdf	894319	la_comtesse_de_cagliostro_m.leblanc.pdf	The Countess of Cagliastro	Classic novel by Maurice Leblanc.	\N	\N	f	\N	f	\N	2022-04-19	10	2022-04-19	\N	2022-04-19	\N	\N	902d9fbcef1a2ff7fe672a9615463dade513cdc5d92a354c1e449a46ae781a50	\N	\N	Review	\N	La Comtesse de Cagliastro
796	la_demeure_mysterieuse_m.leblanc.pdf	673672	la_demeure_mysterieuse_m.leblanc.pdf	The Mysterious Mansion	Classic novel by Maurice Leblanc.	\N	\N	f	\N	f	\N	2022-04-19	10	2022-04-19	\N	2022-04-19	\N	\N	90409968b2115283f0bbc4eecca7d2330d9561c161c84e6c3c9cf6a107ee949b	\N	\N	Review	\N	La demeure mystrieuse
797	la_digestion.pdf	261147	la_digestion.pdf	Digestion	Introductory diagrams to the digestive system.	\N	\N	f	\N	f	\N	2022-04-19	10	2022-04-19	\N	2022-04-19	\N	\N	8a8dbc6c404378c83f8b9ca2642e322c22d14a6f96f6b6c37a8c76ddce17bb3c	\N	\N	Review	\N	La digestion
798	la_femme_aux_deux_sourires_m_leblanc.pdf	715233	la_femme_aux_deux_sourires_m_leblanc.pdf	The Woman with Two Smiles	Classic novel by Maurice Leblanc.	\N	\N	f	\N	f	\N	2022-04-19	10	2022-04-19	\N	2022-04-19	\N	\N	ae1c20cf60c1f7583604082ad4b23aea5cdec8b630584439418c9ac1567a0c66	\N	\N	Review	\N	La femme aux deux sourires
799	la_lettre_volee_e.a.poe.pdf	138752	la_lettre_volee_e.a.poe.pdf	The Purloined Letter	Classic story by Edgar Allen Poe.	\N	\N	f	\N	f	\N	2022-04-19	10	2022-04-19	\N	2022-04-19	\N	\N	438e873b5b705d99da6e121e577635fe532d5e9474e89a4694b53a6180ef267b	\N	\N	Review	\N	La lettre vole
800	la_princesse_de_cleves-mme_de_la_fayette.pdf	697482	la_princesse_de_cleves-mme_de_la_fayette.pdf	The Princess de Clves	Classic novel by Madame de la Fayette.	\N	\N	f	\N	f	\N	2022-04-19	10	2022-04-19	\N	2022-04-19	\N	\N	c938059c1719032a23abcd1996bf54b03a99ec9256035a4e73f3eba648273d72	\N	\N	Review	\N	La Princesse de Clves
801	la_reine_margot-a.dumas.pdf	2210541	la_reine_margot-a.dumas.pdf	La Reine Margot	Classic novel by Alexandre Dumas.	\N	\N	f	\N	f	\N	2022-04-19	10	2022-04-19	\N	2022-04-19	\N	\N	963e8a119115194624aa513159810c93dd708776592ef69b0e4d6fa23a842a56	\N	\N	Review	\N	Queen Margot
802	la_reproduction_animale_et_vegetale.pdf	954101	la_reproduction_animale_et_vegetale.pdf	Animal and Plant Reproduction	Introductory article to genetic reproduction.	\N	\N	f	\N	f	\N	2022-04-19	10	2022-04-19	\N	2022-04-19	\N	\N	3b857decbf24dfe1db03b61d952e4c5c94f7566105eec840a7773f06454acd7c	\N	\N	Review	\N	La reproduction animale et vgtale
803	la_terre_et_les_cinq_continents.pdf	1050829	la_terre_et_les_cinq_continents.pdf	The Climates of the Earth	Introductory article on global climatology.	\N	\N	f	\N	f	\N	2022-04-19	10	2022-04-19	\N	2022-04-19	\N	\N	8fdaacb32903257bdea3bad6496a78ef105a2560c04d9a3f8338c46ed100651b	\N	\N	Review	\N	Les climats de la terre
804	la_terre_le_systeme_solaire_et_l_univers.pdf	666823	la_terre_le_systeme_solaire_et_l_univers.pdf	The Earth, the Solar System, and the Universe	Elementary article on astronomy.	\N	\N	f	\N	f	\N	2022-04-19	10	2022-04-19	\N	2022-04-19	\N	\N	911bd5577126173f78b28d248f78b73cb22ad47deedecd46339653336f9a6e1e	\N	\N	Review	\N	La Terre, le systme solaire et l'Univers
805	la_vie_dans_la_foret.pdf	508869	la_vie_dans_la_foret.pdf	Life in the Forest	Elementary description of the biodiversity found in forests.	\N	\N	f	\N	f	\N	2022-04-19	10	2022-04-19	\N	2022-04-19	\N	\N	33f37b554873ac89e58efae19e18419c1f4a9a6583f7bee849a08641e654a850	\N	\N	Review	\N	La vie dans la fort
806	langues_officielles_du_continent_africain.pdf	203699	langues_officielles_du_continent_africain.pdf	Official Languages of Africa Map	\N	\N	\N	f	\N	f	\N	2022-04-19	10	2022-04-19	\N	2022-04-19	\N	\N	b1ebd65c7c49a8ee7773af54cde999425ceae2e54541250a7545778e50aa0b92	\N	\N	Review	\N	Langues officiel d'Afrique (Carte)
807	le_corps_en_mouvement.pdf	416600	le_corps_en_mouvement.pdf	The Skeleton	Diagrams of the skeletal system.	\N	\N	f	\N	f	\N	2022-04-19	10	2022-04-19	\N	2022-04-19	\N	\N	a016c7c9329d5bc6892bc43866afbcff09ba224e995f68432affd613a639cb09	\N	\N	Review	\N	Le squelette
808	le_developpement_de_jeunes_animaux.pdf	241972	le_developpement_de_jeunes_animaux.pdf	The Development of Young Animals	A worksheet depicting the development of young animals.	\N	\N	f	\N	f	\N	2022-04-19	10	2022-04-19	\N	2022-04-19	\N	\N	61082291bd95b8de3095cd2978d6d20143dc10c2ccad4cef3bd23694b68e15a2	\N	\N	Review	\N	Le dveloppement de jeunes animaux
809	les_regimes_alimentaires_des_animaux.pdf	437028	les_regimes_alimentaires_des_animaux.pdf	Dietary Regiments in Animals	An introductory article to the food chain.	\N	\N	f	\N	f	\N	2022-04-19	10	2022-04-19	\N	2022-04-19	\N	\N	aa77cc5a6c606dfa99e4f3037729ca62d5d10e96b8465a55e15b06f78170561f	\N	\N	Review	\N	Les rgimes alimentaires des animaux
810	les_volcans_et_les_seismes_1.pdf	412558	les_volcans_et_les_seismes_1.pdf	Volcanos and Seismic Activity	Introductory diagrams on volcanoes and seismic activity.	\N	\N	f	\N	f	\N	2022-04-19	10	2022-04-19	\N	2022-04-19	\N	\N	8406d7d5e9e35c92586f798588fdd105aa1a9382ea23ba4b432773b9339434c5	\N	\N	Review	\N	Les volcans et les seismes
811	manuel_biologie_cycle_secondaire_premiere_annee.pdf	7662959	manuel_biologie_cycle_secondaire_premiere_annee.pdf	Biological Sciences: Sport	A textbook on the biology of sport.	\N	\N	f	\N	f	\N	2022-04-19	10	2022-04-19	\N	2022-04-19	\N	\N	b852df19c986a8903c46e2c1175ce999d6c1a319283ea5233ccb93105ce4215c	\N	\N	Review	\N	Science biologique: le sport
812	manuel_chimie_cycle_secondaire_premiere_annee.pdf	7896896	manuel_chimie_cycle_secondaire_premiere_annee.pdf	Chemistry	First year of secondary education chemistry textbook.	\N	\N	f	\N	f	\N	2022-04-19	10	2022-04-19	\N	2022-04-19	\N	\N	de52d59c123615bb8abbd8fda83d4329876098b5b9140d37809a38454b6a13ad	\N	\N	Review	\N	Chimie
813	manuel_de_francais_cycle_secondaire_troisieme_annee.pdf	6960697	manuel_de_francais_cycle_secondaire_troisieme_annee.pdf	Language Textbook	\N	\N	\N	f	\N	f	\N	2022-04-19	10	2022-04-19	\N	2022-04-19	\N	\N	e129821e44bd4dc7855ef13cf0846c7cc1de0598886516c3467f575da40a1785	\N	\N	Review	\N	Manuel de franais
814	manuel_de_math_4eme_annee_secondaire_tome1.pdf	3956035	manuel_de_math_4eme_annee_secondaire_tome1.pdf	Math Textbook (1)	Fourth year of secondary education mathematics textbook.	\N	\N	f	\N	f	\N	2022-04-19	10	2022-04-19	\N	2022-04-19	10	\N	86c3276063cd7c41b51f3ffc1d3e5a6d859f84eb93a25d74e6a892435b276221	\N	\N	Review	\N	Manuel de maths (1)
815	manuel_de_math_4eme_annee_secondaire_tome2.pdf	6148439	manuel_de_math_4eme_annee_secondaire_tome2.pdf	Math Textbook (2)	Fourth year of secondary education mathematics textbook.	\N	\N	f	\N	f	\N	2022-04-19	10	2022-04-19	\N	2022-04-19	\N	\N	4cbc07178cecbcb886d36adcc50c09377f25177c834f38d664c3d07197da9884	\N	\N	Review	\N	Manuel de maths
457	Poster_-_Bouger_plus_chaque_jour.jpg	518118	Poster_-_Bouger_plus_chaque_jour.jpg	Poster - Move more every day	\N	\N	\N	f	\N	f	\N	2022-04-04	15	2022-04-04	\N	2022-04-04	15	\N	edec31385f14dfff6e7fd40626b67f75d29aae025405ed6f7b1c1fefabe5be49	\N	\N	Review	\N	Poster - Bouger plus chaque jour
113	Midnight_Fighting_for_Our_Survival.mp4	64554701	Midnight_Fighting_for_Our_Survival.mp4	350.org Fighting for Our Survival: Part 2 Midnight, a poem by Kathy Jetil-Kijiner	Corals are resilient Ive been told, and so are we  weve survived worse. How much longer must the Pacific survive when it deserves to thrive? Watch Chapter 2 of the Fighting for Our Survival film as we look back on 5 years since the Paris Climate Agreement, and look towards a future where we do right by our planet.	\N	2020-01-01	f	\N	f	\N	2022-03-22	7	2022-03-22	\N	2022-03-22	4	\N	d29b421a090e822a51697641c6ca23ed256c4eb616251eb90545b1597c402679	\N	\N	Review	\N	350.org Fighting for Our Survival: Part 2 Midnight, a poem by Kathy Jetil-Kijiner
746	5.0161wfoxy-joxy-plays-a-trick.pdf	1847772	5.0161wfoxy-joxy-plays-a-trick.pdf	Storybook: Foxy Joxy Plays a Trick	\N	\N	\N	f	\N	f	\N	2022-04-16	7	2022-04-16	\N	2022-04-16	4	\N	e7fb37e9500187117c11ad2ea8ce3810697f00476b40d36f6ff46d2c75eb8ecd	\N	\N	Review	\N	Storybook: Foxy Joxy Plays a Trick
23	ChickenCare2.pdf	251362	ChickenCare2.pdf	Chicken Care Book 02: Daily Care	\N	\N	\N	f	\N	f	\N	2022-02-10	5	2022-02-10	\N	2022-02-10	4	2022-04-20	29f11cd3296260a8d0284eca0df0fa1db83500011c867bf6828238ac06118be4	\N	\N	Deaccession	\N	Chicken Care Book 02: Daily Care
636	Les_rcifs_coralliens_et_les_herbiers_marins_sont_des_cosystmes_fragiles_et_d.pdf	231029	Les_rcifs_coralliens_et_les_herbiers_marins_sont_des_cosystmes_fragiles_et_d.pdf	Coral reefs and sea grass beds are fragile ecosystems of major importance in New Caledonia	\N	\N	\N	f	\N	f	\N	2022-04-12	15	2022-04-12	\N	2022-04-12	15	\N	e5f4b0a9305e3ec34439a47dea2c869d287b0015dc0b2a785ebcf424a45b1463	\N	\N	Review	\N	Les rcifs coralliens et les herbiers marins sont des cosystmes fragiles et d'une importance majeure en Nouvelle-Caldonie
126	Mana_Fighting_for_Our_Survival.mp4	61780289	Mana_Fighting_for_Our_Survival.mp4	350.org Fighting for Our Survival: Part 3 Mana, a poem by Mia Kami	In the final chapter of the Fighting for our Survival series we urge you to pause, take a deep breath and envision the world you want to build.  Featuring Mia Kami, Mana is a celebration of the fire that burns bright in our future. The Pacific isnt waiting, were acting for that future now.	\N	2020-01-01	f	\N	f	\N	2022-03-22	7	2022-03-22	\N	2022-03-22	7	\N	193b11bb30e15f070db34187f6daad590ab6dccd13be470919ad6c7e1784e9b9	\N	\N	Review	\N	350.org Fighting for Our Survival: Part 3 Mana, a poem by Mia Kami
103	Leau_potable_est_bonne_pour_la_consommation.pdf	3026816	Leau_potable_est_bonne_pour_la_consommation.pdf	Drinking Water is Safe to Drink	\N	\N	2019-01-01	f	I am unable to input the authors names and more than two key words or description	f	\N	2022-03-21	15	2022-03-21	\N	2022-03-21	15	\N	aefba350fa109c6d464a9527f1a3e9293341e041be57160c28c7aa864909430f	\N	\N	Review	\N	Leau potable est bonne pour la consommation.
56	La_prvention_des_maladies.pdf	10502895	La_prvention_des_maladies.pdf	Disease Prevention	Il y a des choses que vous pouvez faire pour rester en bonne sant.| These are some of the ways that you can stay in good health	\N	2020-01-01	f	\N	f	\N	2022-03-07	15	2022-03-07	\N	2022-03-07	15	\N	b2208b315a9f79a84d93d52d057a0a4115e371b3b13c895c2dc71eb3f5ea86d0	\N	https://bloomlibrary.org/language:fr/book/pqA3Py7vSX?lang=fr	Review	\N	La prvention des maladies
817	18-_.mp4	43145286	18-_.mp4	Connecting to the Internet	The video explains how devices connect to the internet.      	\N	2022-01-01	f	\N	f	\N	2022-05-02	17	2022-05-02	\N	2022-05-02	17	\N	b9e014c3f20afccac2cc97fafd52563c47469e5084299da6dc824d25590215ee	\N	https://www.microsoft.com/en-us/digital-literacy -website	Review	\N	 
816	17-___.mp4	52755502	17-___.mp4	What is the Internet?	The video provides a brief explanation on what is the internet, its intended uses and more.       .	\N	2022-01-01	f	\N	f	\N	2022-05-02	17	2022-05-02	\N	2022-05-02	17	\N	06888da7f9b9250cbf2ff8771a61104e02bb40531cdc42a375ad60bb678140f9	\N	https://www.microsoft.com/en-us/digital-literacy - website	Review	\N	  
144	_gazelle-dorcas.jpg	58129	_gazelle-dorcas.jpg	Dorcas Gazelle	A photo of a dorcas gazelle.	\N	\N	f	\N	f	\N	2022-03-28	10	2022-03-28	\N	2022-03-28	4	2022-05-10	679b277358cef8012d1659929f8d3d1b65dcf441b5d05115e587a51b244b6304	\N	\N	Deaccession	\N	Gazelle Dorcas
47	le_ministere_de_la_sante_de_la_ribera_cree_une_commission_de_travail_contre_la_violence_sexiste_scaled.jpg	504060	le_ministere_de_la_sante_de_la_ribera_cree_une_commission_de_travail_contre_la_violence_sexiste_scaled.jpg	Gender-based and sexual violence. How do we talk about it at work?	This graphic explain how we can talk about gender-based and sexual violence in the workplace.	\N	2022-01-01	f	\N	f	\N	2022-03-01	15	2022-03-01	\N	2022-03-01	15	\N	32ff2e797f16626c48c782e99373a177f818d559f25cc3d0b8a972b685090b20	\N	https://www.legrandplateau.com/le-ministere-de-la-sante-de-la-ribera-cree-une-commission-de-travail-contre-la-violence-sexiste/	Review	\N	Violence Sexiste et Sexuelle. On en parle au travail.
76	Lutte_contre_la_violence_de_genre_en_milieu_scolaire.pdf	800776	Lutte_contre_la_violence_de_genre_en_milieu_scolaire.pdf	Combating Gender Violence in Schools: Global Directions (Infographic)	\N	\N	2016-01-01	f	\N	f	\N	2022-03-17	15	2022-03-17	\N	2022-03-17	15	\N	28f81fa9c4e175fe2c5e8a2e9ae26ded83d3d2d6a5dd8e496307f8f4e25f6f0a	\N	https://unesdoc.unesco.org/ark:/48223/pf0000246691_fre	Review	\N	Lutte contre la violence de genre en milieu scolaire: orientations mondiales (Infographique)
79	guide_comportements_sexistes_violences_sexuelles.pdf	1729721	guide_comportements_sexistes_violences_sexuelles.pdf	Sexist behaviors and sexual violence: prevent, identify, act	une ressource pour aider les quipes ducatives des collges et des lyces  mieux prvenir et agir face aux situations lies  des comportements sexistes,  des violences  caractre sexuel et  leurs consquences.	\N	2019-01-01	f	\N	f	\N	2022-03-17	15	2022-03-17	\N	2022-03-17	15	\N	e445e30b080db314eeed749979e1965a8cd2f187a9f31be9f65e405adf79e552	\N	https://eduscol.education.fr/2180/focus-prevention-des-violences-sexistes-et-sexuelles-l-ecole	Review	\N	Comportements sexistes et violences sexuelles : prvenir, reprer, agir
81	Les_fruits_et_les_couleurs_un_livre_de_coloriage.pdf	473548	Les_fruits_et_les_couleurs_un_livre_de_coloriage.pdf	Fruits and colors : a coloring book	Un livre de coloriage pour enseigner les enfants la nutrition	\N	2020-01-01	f	\N	f	\N	2022-03-17	15	2022-03-17	\N	2022-03-17	15	\N	292018c974e72a5804dc63262fa59b0164dbcb9735de84c5c2f460dd8f278b2a	\N	https://bloomlibrary.org/language:fr/book/jSVUgDBGNm?lang=fr	Review	\N	Les fruits et les couleurs : un livre de coloriage
101	How_to_make_soya_milk.pdf	2171699	How_to_make_soya_milk.pdf	How to Make Soya Milk	Lisez l'histoire d'une femme qui sauve son bb en apprenant  faire du lait de soja. Dcouvrez les graines de soja, comment les cultiver et comment en faire du lait.| Read a story about a woman who saves her baby by learning to make soya milk. Learn about soy beans and how to grow them and to make milk from them.	\N	1997-01-01	f	For some reason the rights statement differs from Bloom Library to the actual resource.	f	\N	2022-03-21	15	2022-03-21	\N	2022-03-21	15	\N	e717fe27ab384113f17a4262a57ec8ce3bfcbcee2878d3301a60b61f5a52e625	\N	https://bloomlibrary.org/topic:Health/book/jkZdqANOrm?lang=fr	Review	\N	Comment faire le lait de soja
744	16-_.mp4	44473554	16-_.mp4	Bluetooth devices	The video demonstrates how to bluetooth works as well as how to connect devices to your pc via bluetooth.           .	\N	2022-01-01	f	\N	f	\N	2022-04-15	17	2022-04-15	\N	2022-04-15	4	2022-05-18	eb246a57e8a20bc725cd01584ef757aea82fed34aeb7ea8785f88abff0061740	\N	Website https://www.microsoft.com/en-us/digital-literacy	Active	\N	 
818	19-__wifi.mp4	70641355	19-__wifi.mp4	Connecting to WiFi	The video displays how to connect to a nearby WiFi connection.            	\N	2022-01-01	f	\N	f	\N	2022-05-16	17	2022-05-16	\N	2022-05-16	17	\N	a270232d985de58d1f0eba9b23f2469f7813deabe810e8e3a134d93856dbc49b	\N	Website https://www.microsoft.com/en-us/digital-literacy	Review	\N	 
820	21a-____.mp4	41465360	21a-____.mp4	Tips for Shopping Online	The video shows what in online shopping and few tips on how to best shop online safely.           	\N	2022-01-01	f	\N	f	\N	2022-05-16	17	2022-05-16	\N	2022-05-16	17	\N	c89cb850b0d732005adb87b28eea155c4234a19e8841de5a3925520cda480d34	\N	Website https://www.microsoft.com/en-us/digital-literacy	Review	\N	    
92	___.pdf	1683066	___.pdf	Arya in the Cockpit	Arya has always dreamed of flying, fasten your seatbelts and prepare for the adventure	\N	2016-01-01	f	\N	f	\N	2022-03-19	12	2022-03-19	\N	2022-03-19	4	2022-05-18	e2519a38ed0ef37cd0c893a82d6aecb5d455fcb5795de36c0b679de155b4cabd	\N	https://storyweaver.org.in/stories/223623-aria-fi-qumrat-alqiada	Active	\N	   
531	13-__.mp4	57137194	13-__.mp4	Choosing the right App.	The video is demonstrating the use of specific apps such as Notes, and Calculator, as well as exploring 'Microsoft Store'.          .	\N	2022-01-01	f	\N	f	\N	2022-04-07	17	2022-04-07	\N	2022-04-07	4	2022-05-18	d3e4f63cc035bf13aa5547499789fefe134c0f3b3a11ad07cf606f2ab70b2f46	\N	Website: https://www.microsoft.com/en-us/digital-literacy	Active	\N	  
819	20-.mp4	21436548	20-.mp4	What is a Web?	The video explains in brief what is a Web, a bit of history, uses..etc.       	\N	2022-01-01	f	\N	f	\N	2022-05-16	17	2022-05-16	\N	2022-05-16	17	\N	32bc2fbd180b736dc9a5b9f35fb18a5b39b06e6caa0b4e4f9513685a39f47d72	\N	Website https://www.microsoft.com/en-us/digital-literacy	Review	\N	  
\.


--
-- Data for Name: backend_content_metadata; Type: TABLE DATA; Schema: public; Owner: postgres
--

COPY public.backend_content_metadata (id, content_id, metadata_id) FROM stdin;
27	9	3297
28	9	1217
29	9	3298
30	9	3301
31	9	3302
32	9	1034
33	9	1488
34	9	3188
35	9	21
36	9	3285
37	9	3226
38	10	3297
39	10	3304
41	10	10
42	10	9
43	10	12
44	10	13
45	10	19
46	10	21
47	10	3285
48	10	3229
49	10	319
50	11	3297
51	11	770
52	11	1606
53	11	12
54	11	20
55	11	3285
56	11	3229
57	18	3297
58	18	11
59	18	3311
60	18	3312
61	18	3284
62	18	21
63	18	3228
64	18	3229
65	19	11
66	19	3284
67	20	3297
68	20	11
69	20	3312
70	20	3313
71	20	3284
72	20	21
73	20	3228
76	25	10
77	25	11
78	25	13
79	25	846
80	25	3259
81	25	3282
82	25	3315
83	25	2260
84	25	2261
85	25	3316
86	25	1243
87	10	3320
88	10	3298
89	10	3318
90	10	3319
92	26	3329
95	26	3332
97	26	10
99	26	3254
100	26	3326
103	27	3332
105	27	3335
106	27	3337
107	27	9
108	27	10
111	27	3338
112	27	2482
113	27	20
115	27	3326
116	27	1955
117	27	3340
118	27	3341
119	27	3221
120	28	3297
121	28	9
122	28	10
124	28	3340
125	28	3338
126	28	3343
127	28	3345
128	28	3348
131	28	25
132	28	3354
133	28	3355
134	28	3326
135	29	3297
136	29	2217
137	29	10
138	29	1613
139	29	1614
140	29	1423
141	29	3278
142	29	3316
143	29	24
144	29	1723
145	29	3356
146	30	10
147	30	3278
148	30	3297
149	30	3300
150	30	2251
151	30	1423
152	30	1651
153	30	1652
154	30	1653
155	30	1110
156	30	20
157	30	3288
158	30	3357
159	30	317
160	31	2215
161	31	2217
162	31	10
163	31	1614
164	31	1423
165	31	3278
166	31	2033
167	31	3316
168	31	24
169	31	317
170	31	3297
188	34	3369
189	34	3370
190	34	3298
191	34	3371
192	34	3372
193	34	3373
194	34	20
195	34	3326
196	34	3375
197	34	3378
198	34	3379
199	34	3380
200	34	3382
201	34	9
202	34	10
204	34	3340
205	34	3322
219	38	10
221	38	3340
224	38	3322
226	38	3298
228	38	20
229	38	3326
231	38	3388
232	38	3389
233	38	3390
234	38	3392
235	38	3393
236	38	3394
237	38	3391
238	37	3297
239	37	3298
240	37	3395
241	37	1613
242	37	1614
243	37	1423
244	37	1295
245	37	26
246	37	317
247	39	3396
248	39	3397
249	39	3398
250	39	10
251	39	11
252	39	3278
253	39	323
254	39	3399
255	39	3297
256	39	3298
257	39	2379
258	39	20
259	40	3297
260	40	3298
261	40	3300
262	40	2856
263	40	3401
264	40	3400
265	40	10
266	40	11
267	40	1614
268	40	3278
269	40	3094
270	40	3065
271	40	27
272	40	1373
273	40	1374
274	41	3297
275	41	3298
276	41	3397
277	41	2215
278	41	3081
279	41	1614
280	41	1423
281	41	2383
282	41	1556
283	41	24
284	41	1374
285	41	10
286	41	11
287	42	3297
288	42	3298
289	42	2215
290	42	2856
291	42	2217
292	42	3402
293	42	10
294	42	11
295	42	2254
296	42	1614
297	42	1423
298	42	2256
299	42	3278
300	42	24
301	43	258
302	43	9
303	43	10
304	43	3219
305	43	20
306	43	1693
307	43	1696
308	43	1200
309	43	3262
310	43	70
311	43	3403
312	43	3404
313	43	3405
314	43	3406
315	43	3407
316	43	3408
317	43	3409
318	43	3410
319	43	3411
320	43	3412
321	43	3282
322	43	3414
323	43	3415
324	43	3298
325	43	3315
326	43	244
327	43	255
328	44	3298
329	44	3307
330	44	3282
331	44	3315
332	44	3412
333	44	3219
334	44	3414
335	44	3415
336	44	3416
337	44	3417
339	44	20
340	44	3419
341	44	3262
342	45	3297
343	45	3298
344	45	3397
345	45	1992
346	45	1417
347	45	842
348	45	1163
349	45	10
350	45	1229
351	45	11
352	45	3278
353	45	3279
354	45	20
355	45	3420
356	46	3298
357	46	3282
358	46	3315
359	46	3412
360	46	3219
361	46	3414
362	46	3415
363	46	3421
364	46	3262
365	46	20
366	47	3219
367	47	28
368	47	697
369	47	3262
370	47	3408
371	47	3409
372	47	3282
373	47	3412
374	47	3414
375	47	3415
376	47	3288
377	47	3423
378	47	3424
379	47	3425
380	47	3426
381	47	3427
382	47	3428
383	47	3312
384	47	3315
385	48	3298
386	48	3429
387	48	3430
388	48	3431
389	48	3432
390	48	3282
391	48	3315
392	48	3412
393	48	3219
394	48	3414
395	48	3415
396	48	24
397	48	3262
398	44	10
399	49	3265
400	49	3433
401	49	3434
402	49	3435
403	49	3436
404	49	717
405	49	1134
406	49	718
407	49	3437
408	49	3438
409	49	3282
410	49	3412
411	49	3316
412	49	3414
415	49	10
428	38	3297
429	38	3451
430	38	3452
431	38	3224
432	38	3256
433	28	3256
434	28	3224
435	28	3453
436	28	3454
437	27	3456
438	27	3297
439	27	3457
440	27	3258
441	27	3455
442	34	3458
443	34	3297
444	34	2900
445	51	10
446	51	3459
447	51	3340
448	51	3322
449	51	3361
450	51	3362
451	51	3363
452	51	3364
453	51	3365
454	51	3460
455	51	3297
456	51	3298
457	51	3461
458	51	3462
459	51	20
460	51	3221
461	51	3258
462	51	3326
463	52	3297
464	52	9
465	52	3340
466	52	20
467	52	3254
468	52	3223
469	52	3322
470	52	3326
471	52	3464
472	52	3465
473	52	3298
474	52	3463
475	52	3329
476	52	3325
477	52	3466
478	52	3467
479	52	3468
480	52	3469
481	52	3470
482	52	3471
483	52	3472
484	53	3297
485	53	3298
486	53	9
487	53	3340
488	53	3473
489	53	20
490	53	3221
491	53	3258
492	53	3326
493	53	3358
494	53	3474
495	53	3475
496	53	3476
497	53	3477
498	53	3478
499	53	3479
502	54	3258
503	54	3482
504	54	3221
506	54	3481
507	54	3326
508	54	3483
509	54	3484
510	54	3485
511	54	3486
512	54	3487
515	26	3489
516	26	3448
517	26	2047
518	26	3324
519	55	3491
520	55	3492
521	55	3493
522	55	3494
523	55	3495
524	55	3496
525	55	3497
526	55	3498
527	55	3499
528	55	3500
529	55	3501
530	55	3502
534	55	3326
536	55	3258
537	55	3221
539	54	3298
540	54	9
541	54	3340
542	54	3505
543	54	20
544	54	3446
545	55	2816
546	55	3298
547	55	9
548	55	3340
549	55	3505
550	55	20
551	55	3446
552	51	3449
553	51	3506
556	56	3298
557	56	3282
558	56	3315
559	56	3412
560	56	3414
561	56	3415
563	57	3511
564	57	3332
565	57	9
567	57	3509
568	57	2262
569	57	3287
570	57	3512
571	57	3513
572	57	3514
573	57	3510
574	57	3317
575	57	3326
576	57	3340
578	57	3515
579	57	3516
580	57	3517
584	57	3221
587	57	24
589	58	3523
590	58	3524
592	58	3340
594	58	3515
595	58	3516
596	58	3517
600	58	3511
601	58	3332
602	58	3526
603	58	3527
604	58	3528
605	58	3529
606	58	3530
607	58	3531
608	58	9
609	58	3509
610	58	3510
613	58	24
614	58	3326
616	58	3221
617	59	3332
618	59	3461
619	59	3340
620	59	3221
621	59	24
624	59	3367
625	59	3509
626	59	3510
627	59	3511
628	59	3515
629	59	3516
630	59	3517
634	59	3533
635	59	3534
638	59	3326
639	59	3528
640	59	3526
642	60	11
643	60	3340
644	60	13
648	60	3509
649	60	3510
650	60	3511
652	60	3535
653	60	3537
654	60	3538
655	60	3539
656	60	3540
658	60	3450
659	60	3326
663	61	3511
665	61	3340
666	61	13
667	61	3535
669	61	3541
670	61	3542
671	61	3509
672	61	3510
674	61	3220
675	61	3450
677	61	3326
678	60	3220
679	61	11
680	61	3373
681	61	3537
682	61	3538
683	61	3539
684	61	3540
685	61	3544
687	61	10
689	61	1163
690	61	2900
691	61	3253
692	61	3545
693	61	3546
694	61	3547
695	61	3548
696	61	3549
697	61	3550
698	62	3552
699	62	3297
700	62	3553
701	62	3554
702	62	3298
703	62	20
704	62	3445
705	62	3224
706	62	3256
707	62	3326
708	62	3551
709	62	3555
710	62	3556
711	62	3557
712	62	3558
713	62	3559
714	62	3560
715	62	3561
716	62	9
717	62	3340
718	62	3322
720	63	3297
721	63	3564
722	63	3565
723	63	3566
724	63	3567
725	63	3568
726	63	3326
727	63	3298
728	63	3257
729	63	9
730	63	3340
731	63	3569
732	63	3570
733	63	3571
734	63	3572
735	63	3573
736	63	20
738	63	3225
739	63	3322
740	64	9
741	64	3217
742	64	3218
743	64	3221
746	64	3223
747	64	3225
748	64	3224
749	64	3506
751	64	3259
752	64	3260
753	64	3263
754	64	3282
755	64	3412
758	64	3415
759	64	2913
761	64	3178
762	64	3563
763	64	3562
764	64	3315
765	64	3574
766	64	3575
767	64	3576
768	65	9
769	65	3217
770	65	3221
771	65	3223
773	65	3225
775	65	3224
776	65	3228
777	65	3506
779	65	3259
780	65	3260
781	65	3263
782	65	3282
783	65	3412
786	65	3415
787	65	2913
788	65	3178
789	65	3563
790	65	3562
791	65	3315
792	65	3574
793	65	3575
794	65	3576
795	66	3577
797	66	3414
798	67	9
799	67	3282
803	67	3415
804	67	3562
805	67	3563
806	67	2913
807	67	3178
808	67	3574
810	67	3506
811	67	3315
812	67	3412
813	67	3217
814	67	3218
815	67	3221
816	67	3223
817	67	3224
818	67	3225
819	67	3259
820	67	3260
821	67	3263
822	67	3576
823	67	3575
824	68	10
827	68	3282
828	68	3562
829	68	3563
830	68	2913
831	68	3178
832	68	3315
833	68	3412
834	68	3574
836	68	3506
837	68	3575
838	68	3217
839	68	3260
840	68	3221
841	68	3223
842	68	3576
843	68	3225
844	68	3259
845	68	3228
846	68	3224
847	25	3248
848	25	3217
849	25	2899
850	25	3412
852	60	1163
853	60	3372
854	60	3373
855	60	2900
856	60	3544
858	69	9
859	69	11
860	69	3340
861	69	13
862	69	3535
865	69	3509
866	69	3510
867	69	3511
868	69	3544
869	69	3545
870	69	3546
872	69	3220
874	69	3450
875	69	3549
876	69	3326
878	60	24
879	60	10
880	61	24
881	69	3585
882	69	3372
883	69	3373
884	69	3537
885	69	3538
886	69	2900
888	69	27
889	69	3550
890	70	3585
891	70	3586
892	70	3587
893	70	3588
894	70	9
895	70	10
896	70	1163
897	70	3340
898	70	13
899	70	3220
900	70	27
903	70	3509
904	70	3510
905	70	3511
906	70	3535
907	70	3537
908	70	3538
909	70	2900
910	70	3544
911	70	3545
912	70	3546
913	70	3550
915	70	3450
916	70	3326
917	70	3589
918	70	3590
919	70	3591
920	70	3592
921	70	3593
922	70	3594
924	71	10
925	71	3595
926	71	3340
927	71	13
928	71	3535
929	71	3546
932	71	3509
933	71	3510
934	71	3511
935	71	3544
936	71	3545
938	71	3547
939	71	3585
940	71	3586
941	71	3587
942	71	3589
943	71	3550
944	71	3594
945	71	1163
946	71	3372
947	71	3373
948	71	3537
949	71	3538
950	71	2900
951	71	3220
952	71	3450
953	71	27
954	71	3549
955	71	3326
957	72	9
958	72	10
959	72	11
960	72	3340
961	72	13
962	72	3535
965	72	3509
966	72	3510
967	72	3511
968	72	3544
969	72	3545
970	72	3546
971	72	3547
981	72	3585
982	72	3550
983	72	1163
984	72	3599
985	72	3600
986	72	3537
987	72	3538
988	72	3539
989	72	2900
990	72	3540
991	72	3601
992	72	3602
993	72	3220
994	72	3450
995	72	27
996	72	3549
997	72	3326
998	74	3448
999	74	9
1000	74	10
1001	74	11
1002	74	3340
1003	74	13
1004	74	3535
1005	74	3509
1006	74	3510
1007	74	3511
1008	74	3544
1009	74	3545
1010	74	3546
1011	74	3547
1012	74	3585
1013	74	3326
1014	74	3220
1015	74	3450
1016	74	27
1017	74	3549
1018	74	3550
1019	74	3607
1020	74	1163
1021	74	3603
1022	74	2900
1023	74	3605
1024	74	3604
1025	74	3606
1026	74	3608
1027	74	3609
1028	74	3610
1029	74	3372
1030	74	3373
1031	75	3585
1032	75	3589
1033	75	3590
1034	75	9
1035	75	3594
1036	75	1163
1037	75	10
1038	75	13
1039	75	11
1040	75	3340
1041	75	3220
1042	75	3611
1043	75	3612
1044	75	27
1045	75	3509
1046	75	3510
1047	75	3511
1048	75	3535
1049	75	3537
1050	75	3538
1051	75	2900
1052	75	3544
1053	75	3545
1054	75	3546
1055	75	3547
1056	75	3549
1057	75	3550
1058	75	3448
1059	75	3450
1060	75	3326
1061	76	9
1062	76	10
1063	76	3282
1064	76	3315
1065	76	3412
1066	76	3317
1067	76	3414
1068	76	3415
1069	76	3288
1070	76	3613
1071	76	3262
1072	77	9
1073	77	10
1074	77	3219
1075	77	24
1076	77	3614
1077	77	1200
1078	77	3262
1079	77	3408
1080	77	3410
1081	77	3282
1082	77	3412
1083	77	3414
1084	77	3415
1085	77	3419
1086	77	3422
1087	77	3423
1088	77	225
1089	77	3298
1090	77	3307
1091	77	3315
1092	78	3616
1093	78	9
1094	78	10
1095	78	3282
1096	78	3315
1097	78	3316
1098	78	3412
1099	78	3414
1100	78	3415
1101	78	24
1102	78	3262
1103	78	3615
1104	79	3617
1105	79	3618
1106	79	9
1107	79	10
1108	79	3282
1109	79	3315
1110	79	3316
1111	79	3412
1112	79	3414
1113	79	3415
1114	79	24
1115	80	3619
1116	80	3315
1117	80	3412
1118	80	24
1119	80	3450
1120	81	3620
1121	81	3621
1122	81	3282
1123	81	3315
1124	81	3412
1125	81	3414
1126	81	3287
1127	81	3415
1128	81	3624
1129	81	3625
1130	81	3622
1131	81	24
1132	56	24
1133	56	3419
1134	56	3307
1135	56	3625
1136	56	3628
1137	56	3408
1138	56	3410
1139	56	3219
1140	56	3292
1141	56	3293
1142	76	3629
1143	76	3630
1144	76	3631
1145	76	3632
1146	76	3633
1147	76	3634
1148	76	3635
1149	76	3617
1150	81	3640
1151	81	3637
1152	81	3638
1153	81	3639
1154	81	3629
1155	77	3641
1156	77	3642
1157	78	3643
1158	78	3409
1159	78	3633
1160	78	3629
1161	78	3631
1162	82	20
1163	49	28
1164	49	3246
1165	49	3315
1166	49	3288
1167	49	3644
1168	49	3645
1169	83	3648
1170	83	3649
1171	83	3650
1172	83	1380
1173	83	3646
1174	83	9
1175	83	3282
1176	83	3315
1177	83	3412
1178	83	3316
1179	83	3287
1180	83	3288
1181	83	28
1182	83	3415
1183	83	3647
1184	84	3298
1185	84	3651
1186	84	3652
1187	84	3653
1188	84	3654
1189	84	3655
1190	84	3656
1191	84	3657
1193	84	779
1194	84	3518
1195	84	3340
1196	84	20
1197	84	3221
1198	84	3446
1199	84	3258
1200	84	3326
1201	55	3658
1202	84	9
1203	84	3659
1204	54	2816
1205	54	3658
1206	85	3298
1207	85	3518
1208	85	9
1209	85	3660
1210	85	1581
1211	85	3661
1212	85	3663
1213	85	3664
1214	85	3665
1215	85	3662
1216	85	3340
1217	85	20
1218	85	3221
1219	85	3446
1220	85	3326
1221	85	3501
1222	85	2647
1223	86	3298
1224	86	3518
1225	86	2085
1226	86	9
1227	86	3340
1228	86	3666
1229	86	3667
1230	86	3668
1231	86	3669
1232	86	3670
1233	86	3671
1234	86	3221
1235	86	20
1236	86	3258
1237	86	3446
1238	86	3326
1239	86	2816
1240	86	3672
1241	86	3658
1242	87	3674
1243	87	2816
1244	87	9
1245	87	3340
1246	87	20
1247	87	3221
1248	87	3505
1249	87	1594
1250	87	3258
1251	87	3518
1252	87	3526
1253	87	3673
1254	87	3675
1255	87	3676
1256	87	3677
1257	87	3678
1258	87	3679
1259	87	3680
1260	87	3681
1261	87	3682
1262	87	3683
1263	87	3684
1264	87	3298
1265	87	3446
1266	87	3326
1267	88	3685
1268	88	3686
1269	88	3687
1270	88	3688
1271	88	3689
1272	88	3690
1273	88	3691
1274	88	3692
1275	88	9
1276	88	3340
1277	88	3446
1278	88	2816
1279	88	3298
1280	88	3518
1281	88	3693
1282	88	3694
1283	88	3505
1284	88	20
1285	88	3221
1286	88	3258
1287	88	3326
1288	89	3298
1289	89	3518
1290	89	9
1291	89	3340
1292	89	3696
1293	89	3697
1294	89	3698
1295	89	3699
1296	89	3700
1297	89	3701
1298	89	3702
1299	89	3703
1300	89	3221
1301	89	20
1302	89	3258
1303	89	3446
1304	89	3326
1305	89	3704
1307	90	3712
1308	90	3713
1309	90	3714
1310	90	3715
1311	90	9
1312	90	3340
1313	90	20
1314	90	3221
1315	90	3258
1316	90	3518
1317	90	3298
1318	90	3688
1319	90	3710
1320	90	3446
1321	90	2936
1322	90	3706
1323	90	3707
1324	90	3708
1325	90	3709
1326	90	3326
1327	90	3711
1328	90	3505
1329	90	3526
1330	91	2337
1331	91	3298
1332	91	1795
1333	91	3716
1334	91	3717
1335	91	3718
1336	91	3719
1337	91	3720
1338	91	9
1339	91	3518
1340	91	3340
1341	91	756
1342	91	3221
1343	91	20
1344	91	3446
1345	91	3258
1346	91	2300
1347	91	3326
1348	91	2816
1349	91	3526
1350	91	3671
1351	92	3298
1352	92	3651
1353	92	3652
1354	92	3518
1355	92	3721
1356	92	3722
1357	92	3723
1358	92	9
1359	92	3340
1360	92	20
1361	92	3221
1362	92	3258
1363	92	3326
1364	92	3714
1365	92	3715
1366	92	3724
1367	92	3725
1368	92	3726
1369	92	756
1370	93	9
1371	93	3727
1372	93	3652
1373	93	3728
1374	93	3729
1375	93	3730
1376	93	3731
1377	93	3704
1378	93	3691
1379	93	3732
1380	93	2816
1381	93	3298
1382	93	3518
1383	93	3526
1384	93	3505
1385	93	20
1386	93	3221
1387	93	3446
1388	93	3258
1389	93	3326
1390	99	3618
1391	99	9
1392	99	10
1393	99	3282
1394	99	3315
1395	99	3412
1396	99	3414
1397	99	3415
1398	99	3288
1399	100	3298
1400	100	3618
1401	100	3429
1402	100	9
1403	100	10
1404	100	3628
1405	100	3629
1406	100	3409
1407	100	3282
1408	100	3219
1409	100	3412
1410	100	3733
1411	100	3414
1412	100	3415
1413	100	24
1414	100	3292
1415	100	3293
1416	101	3298
1417	101	3735
1418	101	9
1419	101	10
1420	101	3282
1421	101	3315
1422	101	3412
1423	101	25
1424	101	3734
1425	101	3638
1426	101	3414
1427	101	24
1428	101	3291
1429	101	3415
1430	102	3298
1431	102	3618
1432	102	3429
1433	102	9
1434	102	10
1435	102	3282
1436	102	3414
1437	102	3415
1438	102	24
1439	102	3737
1440	102	3738
1441	102	3315
1442	102	3412
1443	103	3298
1444	103	3618
1445	103	3429
1446	103	9
1447	103	10
1448	103	3282
1449	103	3315
1450	103	3412
1451	103	3414
1452	103	3415
1453	103	24
1454	103	3739
1455	103	3740
1456	109	3224
1457	109	3741
1458	109	3742
1459	109	3744
1460	109	3585
1461	109	3746
1462	109	3745
1463	109	3297
1464	109	3747
1465	109	3340
1467	109	3450
1468	109	27
1469	112	3297
1470	112	3748
1471	112	3749
1472	112	10
1473	112	11
1474	112	12
1475	112	13
1476	112	2254
1477	112	1423
1478	112	3278
1479	112	1109
1480	112	1110
1481	112	317
1482	112	3450
1483	112	20
1489	128	11
1490	129	3585
1491	129	9
1492	129	10
1493	129	11
1494	129	3340
1495	129	13
1496	129	3220
1497	129	27
1499	129	3369
1500	129	3509
1501	129	3510
1502	129	3511
1503	129	3535
1504	129	3544
1505	129	3545
1506	129	3546
1507	129	3547
1508	129	3549
1509	129	3550
1510	129	3448
1511	129	3450
1512	129	3326
1513	129	3751
1514	129	3752
1515	129	3753
1516	129	3754
1517	129	3755
1518	129	3756
1519	129	3757
1520	129	3758
1521	130	9
1522	130	10
1523	130	11
1524	130	13
1525	130	3509
1526	130	3510
1527	130	3511
1528	130	3545
1529	130	3546
1530	130	3547
1531	130	3326
1532	130	3448
1533	130	3340
1534	130	3535
1535	130	3220
1536	130	3544
1537	130	3450
1538	130	27
1539	130	3550
1541	130	3760
1542	130	3761
1543	130	3762
1544	130	3611
1545	130	3590
1546	130	3594
1547	130	3612
1548	131	3317
1549	132	3317
1550	132	3312
1551	133	3312
1552	133	3317
1553	134	3317
1554	134	3312
1555	135	3312
1558	135	3317
1561	131	3312
1566	134	3282
1567	133	3282
1568	131	3282
1569	132	3282
1570	135	3282
1571	136	3282
1572	136	3312
1573	136	3317
1574	137	3312
1575	137	3282
1576	137	3317
1577	139	3585
1578	139	9
1579	139	10
1580	139	11
1581	139	3340
1582	139	13
1583	139	3220
1584	139	27
1586	139	3509
1587	139	3510
1588	139	3511
1589	139	3535
1590	139	3544
1591	139	3545
1592	139	3546
1593	139	3547
1594	139	3549
1595	139	3550
1597	139	3450
1598	139	3326
1599	139	3611
1600	139	834
1601	139	1163
1602	139	3590
1603	139	3763
1604	139	3764
1605	139	3537
1606	139	3538
1607	139	3765
1608	139	3766
1609	139	3767
1610	138	3585
1611	138	3448
1612	138	3340
1613	138	3450
1614	138	3535
1615	138	3220
1616	138	3544
1617	138	3326
1618	138	27
1619	138	3549
1620	138	3550
1622	138	9
1623	138	10
1624	138	11
1625	138	13
1626	138	3509
1627	138	3510
1628	138	3511
1629	138	3545
1630	138	3546
1631	138	3547
1632	138	3776
1633	138	3777
1634	138	3778
1635	138	3768
1636	138	3537
1637	138	3538
1638	138	3608
1639	138	3769
1640	138	3770
1641	138	3771
1642	138	3772
1643	138	3773
1644	138	3774
1645	138	3775
1646	138	3779
1647	109	10
1648	109	3780
1649	139	3780
1650	140	3312
1651	140	3282
1652	140	3317
1653	142	3312
1654	142	3282
1655	142	3317
1656	143	3312
1657	143	3282
1658	143	3317
1659	144	3312
1660	144	3282
1661	144	3317
1662	145	3312
1663	145	3282
1664	145	3317
1665	146	3312
1666	146	3282
1667	146	3317
1668	147	3312
1669	147	3282
1670	147	3317
1671	148	3312
1672	148	3282
1673	148	3317
1674	149	3312
1675	149	3282
1676	149	3317
1677	150	3312
1678	150	3282
1679	150	3317
1680	151	3312
1681	151	3282
1682	151	3317
1683	152	3312
1684	152	3282
1685	152	3317
1686	153	3312
1687	153	3282
1688	153	3317
1689	109	291
1690	154	3282
1691	154	3315
1692	154	3412
1693	154	3317
1694	154	3287
1695	155	3315
1696	155	3412
1697	155	3317
1698	155	3287
1699	156	3297
1700	156	3282
1701	156	3317
1702	156	3287
1703	157	3282
1704	157	3315
1705	157	3412
1706	157	3317
1707	157	3287
1708	158	3282
1709	158	3315
1710	158	3412
1711	158	3317
1712	158	3288
1713	159	3282
1714	159	3315
1715	159	3412
1716	159	3317
1717	159	3288
1718	160	3282
1719	160	3315
1720	160	3412
1721	160	3317
1722	160	3288
1723	161	3282
1724	161	3315
1725	161	3412
1726	161	3317
1727	161	3288
1733	163	3282
1734	163	3315
1735	163	3412
1736	163	3317
1737	163	3288
1738	164	3282
1739	164	3315
1740	164	3412
1741	164	3317
1742	164	3287
1743	165	3282
1744	165	3315
1745	165	3412
1746	165	3317
1747	165	3287
1748	166	3282
1749	166	3315
1750	166	3412
1751	166	3317
1752	166	3288
1753	167	3315
1754	167	3412
1755	167	3317
1756	168	3282
1757	168	3315
1758	168	3412
1759	168	3317
1760	168	3287
1761	169	3315
1762	169	3412
1763	169	3317
1764	169	3287
1765	170	3282
1766	170	3315
1767	170	3412
1768	170	3317
1769	170	3287
1770	171	3282
1771	171	3315
1772	171	3412
1773	171	3317
1774	171	3288
1775	172	3282
1776	172	3315
1777	172	3412
1778	172	3317
1779	172	3288
1780	173	3282
1781	173	3315
1782	173	3412
1783	173	3317
1784	173	3287
1785	174	3282
1786	174	3315
1787	174	3412
1788	174	3317
1789	174	3288
1790	175	3282
1791	175	3315
1792	175	3412
1793	175	3317
1794	175	3288
1795	176	3282
1796	176	3315
1797	176	3412
1798	176	3317
1800	177	3282
1801	177	3315
1802	177	3412
1803	177	3317
1804	177	3287
1805	176	3287
1806	178	3282
1807	178	3315
1808	178	3412
1809	178	3317
1810	178	3287
1811	179	3282
1812	179	3315
1813	179	3412
1814	179	3317
1815	179	3287
1816	180	3282
1817	180	3315
1818	180	3412
1819	180	3317
1820	180	3287
1821	181	3282
1822	181	3315
1823	181	3412
1824	181	3317
1825	181	3288
1826	182	3282
1827	182	3315
1828	182	3412
1829	182	3317
1830	182	3287
1831	183	3282
1832	183	3315
1833	183	3412
1834	183	3317
1835	183	3287
1836	184	3282
1837	184	3315
1838	184	3412
1839	184	3317
1840	184	3287
1841	185	3282
1842	185	3315
1843	185	3412
1844	185	3317
1845	185	3287
1846	186	3282
1847	186	3315
1848	186	3412
1849	186	3317
1850	186	3287
1851	187	3282
1852	187	3315
1853	187	3412
1854	187	3317
1855	187	3287
1856	188	3282
1857	188	3315
1858	188	3412
1859	188	3317
1860	188	3287
1861	189	3282
1862	189	3315
1863	189	3412
1864	189	3317
1865	189	3287
1866	190	3282
1867	190	3315
1868	190	3412
1869	190	3317
1870	190	3288
1871	191	3298
1872	191	3282
1873	191	3315
1874	191	3412
1875	191	3317
1876	192	3297
1877	192	3298
1878	192	3317
1879	193	3298
1880	193	3282
1881	193	3315
1882	193	3412
1883	193	3317
1884	193	3287
1885	194	3312
1886	194	3317
1887	195	3312
1888	195	3317
1889	196	3312
1890	196	3317
1891	197	3282
1892	197	3315
1893	197	3412
1894	197	3317
1895	197	3287
1896	198	3282
1897	198	3315
1898	198	3412
1899	198	3317
1900	198	3287
1901	199	3312
1902	199	3317
1903	200	3312
1904	200	3317
1905	201	3315
1906	201	3412
1907	201	3317
1908	202	3312
1909	202	3317
1910	203	3312
1911	203	3317
1912	204	3312
1913	204	3317
1914	205	3312
1915	205	3317
1916	206	3312
1917	206	3317
1918	207	3297
1919	207	3298
1920	207	3317
1921	208	3312
1922	208	3282
1923	208	3317
1924	209	3312
1925	209	3317
1926	210	3317
1927	211	3312
1928	211	3317
1929	212	3312
1930	212	3317
1931	213	3312
1932	213	3317
1933	214	3312
1934	214	3317
1935	215	3312
1936	215	3317
1937	215	3282
1938	216	3312
1939	216	3282
1940	216	3317
1941	217	3312
1942	217	3282
1943	217	3317
1944	218	3312
1945	218	3282
1946	218	3317
1947	219	3312
1948	219	3282
1949	219	3317
1950	220	3312
1951	220	3282
1952	220	3317
1953	221	3312
1954	221	3282
1955	221	3317
1956	222	3312
1957	222	3282
1958	222	3317
1959	223	3312
1960	223	3282
1961	223	3317
1962	224	3312
1963	224	3282
1964	224	3317
1965	225	3312
1966	225	3282
1967	225	3317
1968	226	3312
1969	226	3282
1970	226	3317
1971	227	3312
1972	227	3282
1973	227	3317
1974	228	3312
1975	228	3282
1976	228	3317
1977	229	3312
1978	229	3317
1979	230	3312
1980	230	3282
1981	230	3317
1982	231	3312
1983	231	3282
1984	231	3315
1985	231	3316
1986	231	3412
1987	231	3317
1988	232	3312
1989	232	3317
1990	233	3298
1991	233	3282
1992	233	3315
1993	233	3412
1994	233	3317
1995	234	3297
1996	234	3298
1997	234	3316
1998	234	3317
1999	234	3288
2000	235	3298
2001	235	3282
2002	235	3315
2003	235	3412
2004	235	3317
2005	236	3298
2006	236	3282
2007	236	3315
2008	236	3412
2009	236	3317
2010	237	3297
2011	237	3298
2012	237	3317
2013	238	3312
2014	238	3282
2015	238	3317
2016	239	3312
2017	239	3317
2018	240	3312
2019	240	3282
2020	240	3317
2021	241	3312
2022	241	3282
2023	241	3317
2024	242	3312
2025	242	3282
2026	242	3317
2027	243	3297
2028	243	3317
2029	243	3287
2030	244	3312
2031	244	3282
2032	244	3317
2033	245	3312
2034	245	3282
2035	245	3317
2036	246	3312
2037	246	3282
2038	246	3317
2039	247	3312
2040	247	3282
2041	247	3317
2042	248	3312
2043	248	3282
2044	248	3317
2045	249	3298
2046	249	3282
2047	249	3315
2048	249	3412
2049	249	3317
2050	250	3312
2051	250	3282
2052	250	3317
2053	251	3312
2054	251	3282
2055	251	3317
2056	252	3312
2057	252	3282
2058	252	3317
2059	253	3298
2060	253	3282
2061	253	3315
2062	253	3412
2063	253	3317
2064	254	3312
2065	254	3282
2066	254	3317
2067	255	3282
2068	255	3317
2069	256	3312
2070	256	3282
2071	256	3317
2072	257	3312
2073	257	3282
2074	257	3317
2075	258	3312
2076	258	3282
2077	258	3317
2078	259	3297
2079	259	3298
2080	259	3317
2081	260	3297
2082	260	3282
2083	260	3317
2084	260	3287
2085	261	3297
2086	261	3282
2087	261	3287
2088	262	3282
2089	262	3317
2090	262	3287
2091	263	3312
2092	263	3282
2093	263	3317
2094	264	3312
2095	264	3282
2096	264	3317
2097	265	3297
2098	265	3298
2099	265	3317
2100	266	3312
2101	266	3282
2102	266	3317
2103	267	3312
2104	267	3282
2105	267	3317
2106	268	3312
2107	268	3282
2108	268	3317
2109	269	3312
2110	269	3282
2111	269	3317
2112	270	3312
2113	270	3282
2114	270	3317
2115	271	3312
2116	271	3282
2117	271	3317
2118	272	3312
2119	272	3282
2120	272	3317
2121	273	3312
2122	273	3282
2123	273	3317
2124	274	3312
2125	274	3282
2126	274	3317
2127	275	3312
2128	275	3282
2129	275	3317
2130	276	3312
2131	276	3282
2132	276	3317
2133	277	3312
2134	277	3282
2135	277	3317
2136	278	3312
2137	278	3282
2138	278	3317
2139	279	3312
2140	279	3282
2141	279	3317
2142	280	3312
2143	280	3282
2144	280	3317
2145	281	3312
2146	281	3282
2147	281	3317
2148	282	3312
2149	282	3282
2150	282	3317
2151	283	3312
2152	283	3282
2153	283	3317
2154	284	3312
2155	284	3282
2156	284	3317
2157	285	3312
2158	285	3282
2159	285	3317
2160	286	3297
2161	286	3298
2162	286	3317
2163	287	3298
2164	287	3282
2165	287	3315
2166	287	3412
2167	287	3317
2168	288	3298
2169	288	3282
2170	288	3315
2171	288	3412
2172	288	3317
2173	289	3297
2174	289	3298
2175	289	3317
2176	290	3297
2177	290	3298
2178	290	3317
2179	291	3297
2180	291	3298
2181	291	3317
2182	292	3297
2183	292	3298
2184	292	3317
2185	293	3282
2186	293	3412
2187	293	3317
2188	294	3312
2189	294	3282
2190	294	3317
2191	295	3312
2192	295	3282
2193	295	3317
2194	296	3282
2195	296	3315
2196	296	3412
2197	296	3317
2198	296	3288
2199	297	3312
2200	297	3282
2201	297	3317
2202	298	3312
2203	298	3282
2204	298	3317
2205	299	3312
2206	299	3282
2207	299	3317
2208	300	3312
2209	300	3282
2210	300	3317
2211	301	3312
2212	301	3282
2213	301	3317
2214	302	3312
2215	302	3282
2216	302	3317
2217	303	3312
2218	303	3282
2219	303	3317
2220	304	3312
2221	304	3282
2222	304	3317
2223	305	3312
2224	305	3282
2225	305	3317
2226	306	3312
2227	306	3282
2228	306	3317
2229	307	3312
2230	307	3282
2231	307	3317
2232	308	3312
2233	308	3282
2234	308	3315
2235	308	3316
2236	308	3412
2237	308	3317
2238	309	3618
2239	309	3783
2240	309	3784
2241	309	3624
2242	309	3282
2243	309	3315
2244	309	3412
2245	309	3317
2246	309	3288
2247	310	3298
2248	310	3282
2249	310	3315
2250	310	3316
2251	310	3412
2252	310	3317
2253	311	3312
2254	311	3282
2255	311	3317
2256	312	3312
2257	312	3282
2258	312	3317
2259	313	3282
2260	313	3315
2261	313	3412
2262	313	3317
2263	313	3287
2264	314	3312
2265	314	3297
2266	314	3317
2267	315	3312
2268	315	3282
2269	315	3315
2270	315	3412
2271	315	3317
2272	316	3312
2273	316	3297
2274	316	3282
2275	316	3317
2276	317	3312
2277	317	3282
2278	317	3315
2279	317	3412
2280	317	3317
2281	318	3312
2282	318	3282
2283	318	3315
2284	318	3412
2285	318	3317
2286	319	3312
2287	319	3297
2288	319	3282
2289	319	3317
2290	320	3312
2291	320	3282
2292	320	3315
2293	320	3412
2294	320	3317
2295	321	3312
2296	321	3297
2297	321	3282
2298	321	3317
2299	322	3312
2300	322	3297
2301	322	3282
2302	322	3317
2303	323	3312
2304	323	3282
2305	323	3317
2306	324	3312
2307	324	3282
2308	324	3315
2309	324	3412
2310	324	3317
2311	325	3312
2312	325	3297
2313	325	3282
2314	325	3317
2315	326	3312
2316	326	3282
2317	326	3317
2318	327	3312
2319	327	3297
2320	327	3282
2321	327	3317
2322	328	3312
2323	328	3282
2324	328	3317
2325	329	3312
2326	329	3282
2327	329	3315
2328	329	3412
2329	329	3317
2330	330	3312
2331	330	3282
2332	330	3315
2333	330	3412
2334	330	3317
2335	331	3312
2336	331	3297
2337	331	3282
2338	331	3317
2339	332	3312
2340	332	3282
2341	332	3317
2342	333	3312
2343	333	3282
2344	333	3317
2345	334	3312
2346	334	3282
2347	334	3315
2348	334	3412
2349	334	3317
2350	335	3618
2351	335	3785
2352	335	3786
2353	335	3282
2354	335	3315
2355	335	3412
2356	335	3317
2357	335	3288
2358	336	3618
2359	336	3787
2360	336	3412
2361	336	3317
2362	336	3288
2364	148	3788
2365	148	3789
2368	171	3788
2370	262	3788
2372	174	3788
2374	310	3788
2376	230	3788
2378	346	10
2379	346	11
2380	346	13
2381	109	292
2382	109	3256
2383	109	3546
2384	109	1341
2385	109	3550
2386	110	3780
2387	110	3340
2388	110	3790
2389	110	16
2390	110	3741
2391	110	3742
2392	110	3297
2393	110	3585
2394	110	3256
2395	110	11
2396	110	3791
2397	110	3792
2398	110	3793
2399	110	3794
2400	110	3795
2401	110	3796
2402	110	3797
2403	110	3224
2404	110	3577
2405	110	3450
2406	110	27
2407	110	3550
2408	359	3312
2409	359	3317
2410	360	3312
2411	360	3317
2412	361	3312
2413	361	3317
2414	362	3312
2415	362	3317
2416	363	3315
2417	363	3412
2418	363	3317
2419	363	3287
2420	364	3315
2421	364	3412
2422	364	3317
2423	364	3287
2424	365	3312
2425	365	3315
2426	365	3412
2427	365	3317
2428	366	3315
2429	366	3412
2430	366	3317
2431	366	3287
2432	367	3312
2433	367	3315
2434	367	3412
2435	367	3317
2436	368	3315
2437	368	3412
2438	368	3317
2439	368	3287
2440	369	3282
2441	369	3315
2442	369	3412
2443	369	3317
2444	369	3287
2445	368	3282
2446	370	3282
2447	370	3315
2448	370	3412
2449	370	3317
2450	370	3287
2451	371	3282
2452	371	3315
2453	371	3412
2454	371	3317
2455	371	3287
2456	372	3282
2457	372	3315
2458	372	3412
2459	372	3317
2460	372	3287
2461	373	3282
2462	373	3315
2463	373	3412
2464	373	3317
2465	373	3287
2466	374	3282
2467	374	3315
2468	374	3412
2469	374	3317
2470	374	3287
2471	375	3282
2472	375	3315
2473	375	3412
2474	375	3317
2475	375	3287
2476	376	3282
2477	376	3315
2478	376	3412
2479	376	3317
2480	376	3287
2481	377	3282
2482	377	3315
2483	377	3412
2484	377	3317
2485	377	3287
2486	378	3282
2487	378	3315
2488	378	3412
2489	378	3317
2490	378	3287
2491	379	3282
2492	379	3315
2493	379	3412
2494	379	3317
2495	379	3287
2496	380	3282
2497	380	3315
2498	380	3412
2499	380	3317
2500	380	3287
2501	381	3282
2502	381	3315
2503	381	3412
2504	381	3317
2505	381	3287
2506	382	3282
2507	382	3315
2508	382	3412
2509	382	20
2510	382	3287
2511	383	3282
2512	383	3315
2513	383	3412
2514	383	3317
2515	383	3287
2516	384	3282
2517	384	3315
2518	384	3412
2519	384	3317
2520	384	3287
2521	385	3282
2522	385	3315
2523	385	3412
2524	385	3317
2525	385	3287
2526	386	3282
2527	386	3315
2528	386	3412
2529	386	3317
2530	386	3287
2531	387	3282
2532	387	3315
2533	387	3412
2534	387	3317
2535	387	3287
2536	388	3282
2537	388	3315
2538	388	3412
2539	388	3317
2540	388	3287
2541	389	3282
2542	389	3315
2543	389	3412
2544	389	3317
2545	389	3287
2546	390	3282
2547	390	3315
2548	390	3412
2549	390	3317
2550	390	3287
2551	391	3282
2552	391	3315
2553	391	3412
2554	391	3317
2555	391	3287
2556	392	3282
2557	392	3315
2558	392	3412
2559	392	3317
2560	392	3287
2561	393	3282
2562	393	3315
2563	393	3412
2564	393	3317
2565	393	3287
2566	394	3282
2567	394	3315
2568	394	3412
2569	394	3317
2570	394	3287
2571	395	3282
2572	395	3315
2573	395	3412
2574	395	3317
2575	395	3287
2576	396	3282
2577	396	3315
2578	396	3412
2579	396	3317
2580	396	3287
2581	397	3282
2582	397	3315
2583	397	3412
2584	397	3317
2585	397	3287
2586	398	3282
2587	398	3315
2588	398	3412
2589	398	3317
2590	398	3287
2591	399	3282
2592	399	3315
2593	399	3316
2594	399	3412
2595	399	3317
2596	400	3282
2597	400	3315
2598	400	3412
2599	400	3317
2600	400	3287
2601	401	3282
2602	401	3315
2603	401	3412
2604	401	3317
2605	401	3287
2606	402	3282
2607	402	3315
2608	402	3412
2609	402	3317
2610	402	3287
2611	403	3282
2612	403	3315
2613	403	3412
2614	403	3317
2615	403	3287
2616	404	3282
2617	404	3315
2618	404	3412
2619	404	3317
2620	404	3287
2621	405	3282
2622	405	3315
2623	405	3412
2624	405	3317
2625	405	3287
2626	406	3282
2627	406	3315
2628	406	3412
2629	406	3317
2630	406	3287
2631	407	3282
2632	407	3315
2633	407	3412
2634	407	3317
2635	407	3287
2636	408	3282
2637	408	3315
2638	408	3412
2639	408	3317
2640	408	3287
2641	409	3282
2642	409	3315
2643	409	3412
2644	409	3317
2645	409	3287
2646	410	3282
2647	410	3315
2648	410	3412
2649	410	3317
2650	410	3287
2651	411	3282
2652	411	3315
2653	411	3412
2654	411	3317
2655	411	3287
2656	412	3282
2657	412	3450
2658	412	3317
2659	413	3297
2660	413	3298
2661	413	3317
2662	414	3297
2663	414	3298
2664	414	3317
2665	415	3297
2666	415	3298
2667	415	3317
2668	416	3297
2669	416	3298
2670	416	3317
2671	417	3297
2672	417	3298
2673	417	3317
2674	418	3297
2675	418	3298
2676	418	3317
2677	419	3297
2678	419	3298
2679	419	3317
2680	420	3297
2681	420	3298
2682	420	3317
2683	421	3298
2684	421	3282
2685	421	3315
2686	421	3412
2687	421	3317
2688	422	3297
2689	422	3298
2690	422	3317
2691	423	3298
2692	423	3282
2693	423	3315
2694	423	3412
2695	423	3317
2696	424	3298
2697	424	3282
2698	424	3315
2699	424	3412
2700	424	3317
2701	425	3298
2702	425	3282
2703	425	3315
2704	425	3412
2705	425	3317
2706	426	3298
2707	426	3282
2708	426	3315
2709	426	3412
2710	426	3317
2711	427	3298
2712	427	3282
2713	427	3315
2714	427	3412
2715	427	3317
2716	428	3298
2717	428	3282
2718	428	3315
2719	428	3412
2720	428	3317
2721	429	3298
2722	429	3282
2723	429	3315
2724	429	3412
2725	429	3317
2726	430	3298
2727	430	3282
2728	430	3315
2729	430	3412
2730	430	3317
2731	431	3298
2732	431	3282
2733	431	3315
2734	431	3412
2735	431	3317
2736	432	3298
2737	432	3282
2738	432	3315
2739	432	3412
2740	432	3317
2741	433	3317
2742	434	3298
2743	434	3282
2744	434	3315
2745	434	3412
2746	434	3317
2747	435	3298
2748	435	3282
2749	435	3315
2750	435	3412
2751	435	3317
2752	436	3317
2753	437	3298
2754	437	3282
2755	437	3315
2756	437	3412
2757	437	3317
2758	438	3317
2759	439	3317
2760	440	3317
2761	441	3317
2762	442	3317
2763	443	3317
2764	444	3317
2765	445	3282
2766	445	3315
2767	445	3412
2768	445	3317
2769	445	3287
2770	446	3317
2771	447	3282
2772	447	3315
2773	447	3412
2774	447	3317
2775	447	3287
2776	448	3282
2777	448	3315
2778	448	3412
2779	448	3317
2780	448	3287
2781	449	3282
2782	449	3315
2783	449	3412
2784	449	3317
2785	449	3287
2786	450	3282
2787	450	3506
2788	450	3315
2789	450	3412
2790	450	3317
2791	451	3282
2792	451	3506
2793	451	3315
2794	451	3412
2795	451	3317
2796	452	3317
2797	453	3282
2798	453	3506
2799	453	3315
2800	453	3412
2801	453	3317
2802	454	3298
2803	454	3282
2804	454	3315
2805	454	3412
2806	454	3317
2807	455	3298
2808	455	3282
2809	455	3315
2810	455	3412
2811	455	3317
2812	456	3317
2813	457	3317
2814	458	3297
2815	458	3316
2816	458	3317
2817	459	3317
2818	460	3297
2819	460	3316
2820	460	3317
2821	461	3297
2822	461	3316
2823	461	3317
2824	462	3297
2825	462	3316
2826	462	3317
2827	463	3297
2828	463	3316
2829	463	3317
2830	464	3317
2831	465	3282
2832	465	3506
2833	465	3315
2834	465	3412
2835	465	3317
2836	466	3317
2837	467	3317
2838	468	3317
2839	469	3317
2840	470	3317
2841	471	3317
2842	472	3282
2843	472	3506
2844	472	3315
2845	472	3412
2846	472	3317
2847	473	3317
2848	474	3282
2849	474	3506
2850	474	3315
2851	474	3412
2852	474	3317
2853	475	3282
2854	475	3506
2855	475	3315
2856	475	3412
2857	475	3317
2858	477	3282
2859	477	3506
2860	477	3315
2861	477	3412
2862	477	3317
2863	478	3282
2864	478	3506
2865	478	3315
2866	478	3412
2867	478	3317
2868	479	3317
2869	480	3282
2870	480	3506
2871	480	3315
2872	480	3412
2873	480	3317
2874	481	3282
2875	481	3506
2876	481	3315
2877	481	3412
2878	481	3317
2879	482	3298
2880	482	3282
2881	482	3315
2882	482	3412
2883	482	3317
2884	483	3317
2885	484	3317
2886	485	3317
2887	486	3317
2888	487	3317
2889	488	3317
2890	489	3298
2891	489	3282
2892	489	3315
2893	489	3412
2894	489	3317
2895	490	3317
2896	491	3317
2897	492	3317
2898	493	3282
2899	493	3506
2900	493	3315
2901	493	3412
2902	493	3317
2903	494	3282
2904	494	3506
2905	494	3315
2906	494	3412
2907	494	3317
2908	495	3282
2909	495	3506
2910	495	3315
2911	495	3412
2912	495	3317
2913	496	3282
2914	496	3506
2915	496	3315
2916	496	3412
2917	496	3317
2918	497	3282
2919	497	3506
2920	497	3315
2921	497	3412
2922	497	3317
2923	498	3282
2924	498	3506
2925	498	3315
2926	498	3412
2927	498	3317
2928	499	3282
2929	499	3506
2930	499	3315
2931	499	3412
2932	499	3317
2933	500	3282
2934	500	3506
2935	500	3315
2936	500	3412
2937	500	3317
2938	501	3317
2939	502	3282
2940	502	3506
2941	502	3315
2942	502	3412
2943	502	3317
2944	503	3317
2945	504	3317
2946	505	3282
2947	505	3506
2948	505	3315
2949	505	3412
2950	505	3317
2951	506	3298
2952	506	3282
2953	506	3315
2954	506	3412
2955	506	3317
2956	507	3312
2957	507	3282
2958	507	3315
2959	507	3412
2960	507	3317
2961	508	3279
2962	508	3315
2963	508	3412
2964	508	3317
2965	508	3288
2966	509	3317
2967	510	3317
2968	511	3317
2969	512	3317
2970	513	3317
2971	514	3317
2972	515	3317
2973	516	3317
2974	517	3317
2975	518	3317
2976	519	3317
2977	520	3317
2978	521	3317
2979	522	3317
2980	523	3317
2981	524	3317
2982	525	3317
2983	526	3317
2984	527	3317
2985	528	3317
2986	529	3317
2987	530	3317
2988	235	3788
2989	235	3789
2990	489	3788
2991	489	3789
2992	500	3788
2993	500	3789
2994	498	3788
2995	498	3789
2996	496	3788
2997	496	3789
2998	494	3788
2999	494	3789
3000	493	3788
3001	493	3789
3002	531	9
3003	531	10
3004	531	11
3005	531	3340
3006	531	13
3007	531	3780
3008	531	3589
3009	531	3590
3010	531	3535
3011	531	3763
3012	531	3544
3013	531	3801
3014	531	3611
3015	531	3585
3016	531	3450
3017	531	3764
3018	531	3765
3019	531	3766
3020	531	3767
3021	531	3220
3022	531	3253
3023	531	3802
3024	531	27
3025	531	3612
3026	531	3549
3027	531	3326
3028	531	3594
3029	532	834
3030	532	3780
3031	532	3589
3032	532	3590
3033	532	9
3034	532	10
3035	532	11
3036	532	3340
3037	532	13
3038	532	3535
3039	532	3763
3040	532	3544
3041	532	3804
3042	531	3509
3043	531	3510
3044	531	3511
3045	531	3545
3046	531	3546
3047	531	3547
3048	532	3585
3049	532	3594
3050	532	3220
3051	532	27
3052	532	3764
3053	532	3765
3054	532	3510
3055	532	3766
3056	532	3767
3057	532	3509
3058	532	3511
3059	532	3253
3060	532	3545
3061	532	3546
3062	532	3547
3063	532	3803
3064	532	3805
3065	532	3806
3066	532	3549
3067	532	3808
3068	532	3809
3069	532	3807
3070	532	3450
3071	532	3326
3072	533	3282
3073	533	3317
3074	534	3282
3075	534	3317
3076	535	3282
3077	535	3317
3078	536	3282
3079	536	3317
3080	537	3282
3081	537	3317
3082	538	3282
3083	538	3317
3084	539	3282
3085	539	3317
3086	540	3282
3087	540	3317
3088	541	3282
3089	541	3317
3090	542	3282
3091	542	3317
3092	543	3282
3093	543	3317
3094	111	3780
3095	111	11
3096	111	3340
3097	111	3790
3098	111	16
3099	111	3577
3100	111	3741
3101	111	3742
3102	111	3585
3103	111	3810
3104	111	3811
3105	111	3812
3106	111	3813
3107	111	3814
3108	111	3550
3109	111	3256
3110	111	3224
3111	111	3450
3112	111	27
3113	111	3326
3114	108	3585
3115	108	3780
3116	108	3741
3117	108	10
3118	108	11
3119	108	3340
3120	108	3790
3121	108	16
3122	108	3546
3123	108	3256
3124	108	3577
3125	108	3326
3126	108	27
3127	108	3224
3128	108	3742
3129	108	3815
3130	108	3816
3131	108	3817
3132	108	3818
3133	108	3819
3134	108	3450
3135	108	3550
3136	106	3820
3137	106	3821
3138	106	3822
3139	106	3585
3140	106	3326
3141	106	3256
3142	106	3780
3143	106	10
3144	106	3340
3145	106	3823
3146	106	3546
3147	106	3224
3148	106	3450
3149	106	27
3150	106	3741
3151	106	3742
3152	107	3585
3153	107	3326
3154	107	3256
3155	107	3780
3156	107	3550
3157	107	10
3158	107	3340
3159	107	3824
3160	107	3825
3161	107	3826
3162	107	3827
3163	107	3546
3164	107	3224
3165	107	3450
3166	107	27
3167	107	3741
3168	107	3742
3169	104	3585
3170	104	3256
3171	104	3780
3172	104	3550
3173	104	10
3174	104	3742
3175	104	3340
3176	104	3546
3177	104	3828
3178	104	3829
3179	104	3830
3180	104	3831
3181	104	3224
3182	104	3450
3183	104	27
3184	104	3741
3185	104	3326
3186	105	3585
3187	105	3256
3188	105	3780
3189	105	3550
3190	105	3741
3191	105	10
3192	105	3340
3193	105	3450
3194	105	3546
3195	105	3832
3196	105	3833
3197	105	3326
3198	105	27
3199	105	3224
3200	105	3742
3201	98	3585
3202	98	3780
3203	98	3550
3204	98	27
3205	98	10
3206	98	3742
3207	98	3340
3208	98	3450
3209	98	3546
3210	98	3834
3211	98	3835
3212	98	3836
3213	98	3741
3214	98	3326
3215	96	3840
3216	96	3585
3217	96	3841
3218	96	3256
3219	96	3780
3220	96	3550
3221	96	3741
3222	96	10
3223	96	3742
3224	96	3340
3225	96	3450
3226	96	3546
3227	96	3224
3228	96	3326
3229	96	27
3230	96	3837
3231	96	3838
3232	96	3839
3233	94	3585
3234	94	3842
3235	94	3843
3236	94	3844
3237	94	3845
3238	94	3846
3239	94	3550
3240	94	3256
3241	94	3780
3242	94	10
3243	94	3742
3244	94	3340
3245	94	3546
3246	94	3224
3247	94	3450
3248	94	27
3249	94	3741
3250	94	3326
3251	544	3298
3252	544	3315
3253	544	3412
3254	544	3317
3255	545	3282
3256	545	3315
3257	545	3412
3258	545	3317
3259	545	3288
3260	546	3282
3261	546	3315
3262	546	3412
3263	546	3317
3264	546	3287
3265	547	3282
3266	547	3315
3267	547	3412
3268	547	3317
3269	547	3287
3270	548	3282
3271	548	3315
3272	548	3412
3273	548	3317
3274	548	3287
3275	549	3282
3276	549	3315
3277	549	3412
3278	549	3317
3279	549	3287
3280	550	3282
3281	550	3315
3282	550	3412
3283	550	3317
3284	550	3287
3285	551	3282
3286	551	3315
3287	551	3412
3288	551	3317
3289	551	3287
3290	552	3282
3291	552	3315
3292	552	3412
3293	552	3317
3294	552	3287
3295	553	3282
3296	553	3315
3297	553	3412
3298	553	3317
3299	553	3287
3300	554	3282
3301	554	3315
3302	554	3412
3303	554	3317
3304	554	3287
3305	555	3282
3306	555	3315
3307	555	3412
3308	555	3317
3309	555	3287
3310	556	3282
3311	556	3315
3312	556	3412
3313	556	3317
3314	556	3287
3315	557	3282
3316	557	3315
3317	557	3412
3318	557	3317
3319	557	3287
3320	558	3282
3321	558	3315
3322	558	3412
3323	558	3317
3324	558	3287
3325	559	3282
3326	559	3315
3327	559	3412
3328	559	3317
3329	559	3287
3330	560	3282
3331	560	3315
3332	560	3412
3333	560	3317
3334	560	3287
3335	561	3282
3336	561	3315
3337	561	3412
3338	561	3317
3339	561	3287
3340	562	3282
3341	562	3315
3342	562	3412
3343	562	3317
3344	562	3287
3345	563	3282
3346	563	3315
3347	563	3412
3348	563	3317
3349	563	3287
3350	564	3282
3351	564	3315
3352	564	3412
3353	564	3317
3354	564	3287
3355	565	3282
3356	565	3315
3357	565	3412
3358	565	3317
3359	565	3287
3360	566	3282
3361	566	3315
3362	566	3412
3363	566	3317
3364	566	3287
3365	567	3282
3366	567	3315
3367	567	3412
3368	567	3317
3369	567	3287
3370	568	3282
3371	568	3315
3372	568	3412
3373	568	3317
3374	568	3287
3375	569	3282
3376	569	3315
3377	569	3412
3378	569	3317
3379	569	3287
3380	570	3282
3381	570	3315
3382	570	3412
3383	570	3317
3384	570	3287
3385	571	3282
3386	571	3315
3387	571	3412
3388	571	3317
3389	571	3287
3390	572	3282
3391	572	3315
3392	572	3412
3393	572	3317
3394	572	3287
3395	573	3282
3396	573	3315
3397	573	3316
3398	573	3412
3399	573	3317
3400	574	3282
3401	574	3315
3402	574	3412
3403	574	3317
3404	574	3287
3405	575	3282
3406	575	3315
3407	575	3412
3408	575	3317
3409	575	3287
3410	576	3282
3411	576	3315
3412	576	3412
3413	576	3317
3414	576	3287
3415	577	3282
3416	577	3315
3417	577	3412
3418	577	3317
3419	577	3287
3420	578	3282
3421	578	3315
3422	578	3412
3423	578	3317
3424	578	3287
3425	579	3282
3426	579	3315
3427	579	3412
3428	579	3317
3429	579	3287
3430	580	3282
3431	580	3315
3432	580	3412
3433	580	3317
3434	580	3287
3435	581	3282
3436	581	3315
3437	581	3412
3438	581	3317
3439	581	3287
3440	582	3282
3441	582	3315
3442	582	3412
3443	582	3317
3444	582	3287
3445	583	3282
3446	583	3315
3447	583	3412
3448	583	3317
3449	583	3288
3450	584	3298
3451	584	3282
3452	584	3315
3453	584	3412
3454	584	3317
3455	585	3282
3456	585	3315
3457	585	3412
3458	585	3317
3459	585	3287
3460	586	3282
3461	586	3315
3462	586	3412
3463	586	3317
3464	586	3287
3465	587	3282
3466	587	3315
3467	587	3412
3468	587	3317
3469	587	3287
3470	588	3298
3471	588	3282
3472	588	3315
3473	588	3412
3474	588	3317
3475	589	3282
3476	589	3317
3477	590	3282
3478	590	3317
3479	591	3282
3480	591	3317
3481	592	3282
3482	592	3317
3483	593	3282
3484	593	3317
3485	594	3282
3486	594	3317
3487	595	3282
3488	595	3317
3489	595	3847
3490	596	3282
3491	596	3317
3492	596	3847
3493	597	3282
3494	597	3317
3495	597	3847
3496	535	3847
3497	540	3847
3498	594	3847
3499	589	3847
3503	192	3282
3504	194	3282
3505	195	3282
3507	458	3282
3508	196	3282
3509	519	3282
3510	452	3282
3511	501	3282
3512	199	3282
3513	169	3282
3514	200	3282
3515	207	3282
3516	209	3282
3517	211	3282
3518	213	3282
3519	229	3282
3520	232	3282
3521	413	3282
3522	234	3282
3523	237	3282
3524	239	3282
3525	259	3282
3526	265	3282
3527	286	3282
3528	484	3282
3529	210	3282
3530	116	3282
3531	360	3282
3532	361	3282
3533	340	3282
3534	336	3282
3535	444	3282
3536	446	3282
3537	598	3282
3538	598	3317
3539	598	3847
3540	599	3282
3541	599	3317
3542	599	3847
3543	600	3317
3544	600	3278
3545	600	3847
3546	601	3317
3547	601	3278
3548	601	3847
3549	602	3317
3550	602	3278
3551	602	3847
3552	603	3317
3553	603	3278
3554	603	3847
3555	604	3282
3556	604	3317
3557	604	3847
3558	605	3282
3559	605	3317
3560	605	3847
3561	606	3282
3562	606	3317
3563	606	3847
3564	607	3282
3565	607	3317
3566	607	3847
3567	608	3282
3568	608	3317
3569	608	3847
3570	609	3317
3571	609	3278
3572	609	3847
3573	544	3282
3574	527	3282
3575	490	3282
3576	510	3282
3577	530	3282
3578	485	3282
3579	524	3282
3580	488	3282
3581	487	3282
3582	610	3282
3583	610	3317
3584	610	3847
3585	611	3282
3586	611	3317
3587	611	3847
3588	612	3282
3589	612	3317
3590	612	3847
3591	613	3282
3592	613	3317
3593	613	3847
3594	614	3282
3595	614	3317
3596	614	3847
3597	615	3282
3598	615	3317
3599	615	3847
3600	616	3282
3601	616	3317
3602	616	3847
3603	617	3282
3604	617	3317
3605	617	3847
3606	618	3282
3607	618	3317
3608	618	3847
3609	619	3282
3610	619	3317
3611	619	3847
3612	620	3282
3613	620	3317
3614	620	3847
3615	621	3282
3616	621	3317
3617	621	3847
3618	622	3282
3619	622	3317
3620	622	3847
3621	623	3282
3622	623	3317
3623	623	3847
3624	624	3282
3625	624	3317
3626	624	3847
3627	625	3282
3628	625	3317
3629	625	3847
3630	626	3282
3631	626	3317
3632	626	3847
3633	627	3282
3634	627	3317
3635	627	3847
3636	628	3282
3637	628	3317
3638	628	3847
3639	629	3282
3640	629	3317
3641	629	3847
3642	630	3282
3643	630	3317
3644	630	3847
3645	631	3282
3646	631	3317
3647	631	3847
3648	367	3282
3649	339	3282
3650	344	3282
3651	289	3282
3652	463	3282
3653	433	3282
3654	82	3282
3655	436	3282
3656	469	3282
3657	365	3282
3658	337	3282
3659	467	3282
3660	439	3282
3661	632	3282
3662	632	3317
3663	632	3847
3664	633	3282
3665	633	3317
3666	633	3847
3667	600	3282
3668	609	3282
3669	601	3282
3670	634	3282
3671	634	3317
3672	634	3847
3673	635	3282
3674	635	3317
3675	635	3847
3676	503	3282
3677	514	3282
3678	513	3282
3679	515	3282
3680	509	3282
3681	516	3282
3682	492	3282
3683	504	3282
3684	518	3282
3685	523	3282
3686	526	3282
3687	522	3282
3688	520	3282
3689	521	3282
3690	525	3282
3691	486	3282
3692	529	3282
3693	528	3282
3694	414	3282
3695	415	3282
3696	416	3282
3697	418	3282
3698	417	3282
3699	419	3282
3700	420	3282
3701	462	3282
3702	461	3282
3703	422	3282
3731	511	3282
3732	517	3282
3733	512	3282
3734	491	3282
3735	441	3282
3736	470	3282
3737	483	3282
3738	468	3282
3739	457	3282
3740	473	3282
3741	456	3282
3742	471	3282
3743	459	3282
3744	464	3282
3745	366	3282
3746	440	3282
3747	359	3282
3748	362	3282
3749	476	3282
3750	479	3282
3751	438	3282
3752	443	3282
3753	442	3282
3754	460	3282
3755	364	3282
3756	363	3282
3757	636	3282
3758	636	3317
3759	636	3847
3760	637	3282
3761	637	3317
3762	637	3847
3763	466	3282
3764	638	3282
3765	638	3317
3766	638	3847
3767	314	3282
3768	202	3282
3769	243	3282
3770	342	3282
3771	204	3282
3772	205	3282
3773	206	3282
3774	343	3282
3775	345	3282
3776	201	3282
3777	338	3282
3778	214	3282
3779	203	3282
3780	290	3282
3781	356	3282
3782	291	3282
3783	212	3282
3784	292	3282
3785	341	3282
3786	167	3282
3787	155	3282
3797	661	20
3800	664	20
3801	665	20
3802	666	20
3803	667	20
3804	668	20
3806	669	20
3807	670	20
3809	671	20
3810	672	20
3811	673	20
3812	674	20
3813	675	20
3814	676	20
3815	677	20
3816	678	20
3817	679	20
3818	680	20
3819	681	20
3820	682	20
3821	683	20
3822	684	20
3824	686	20
3826	687	20
3827	688	20
3829	689	20
3830	690	20
3831	691	20
3833	692	3298
3834	692	20
3835	693	20
3837	694	20
3838	695	20
3839	696	2649
3840	696	20
3841	696	551
3842	697	20
3844	698	20
3845	699	20
3847	700	20
3849	701	3298
3850	701	20
3851	702	3298
3852	702	20
3853	703	3298
3854	703	20
3855	704	20
3857	705	3298
3858	705	20
3859	706	20
3861	707	20
3863	708	20
3865	709	20
3867	710	20
3869	711	20
3871	712	3298
3872	712	20
3873	713	3298
3874	713	20
3876	714	3298
3877	714	20
3880	715	3298
3881	715	20
3884	716	3298
3885	716	1339
3886	716	20
3888	717	3297
3889	717	3298
3892	717	20
3893	718	3298
3894	718	20
3897	719	3298
3898	719	20
3901	720	3298
3902	720	20
3904	721	24
3905	721	3298
3906	722	24
3907	722	3298
3909	723	3298
3910	723	21
3911	724	24
3912	724	3298
3913	725	24
3914	725	3298
3917	726	3298
3918	726	21
3921	727	3298
3924	727	20
3925	727	3285
3926	728	24
3927	728	3298
3930	729	24
3931	729	3298
3934	730	24
3935	730	3298
3938	731	3298
3939	731	20
3942	732	3298
3943	732	9
3946	732	20
3947	733	3298
3948	733	9
3951	733	20
3952	734	3298
3953	734	20
3956	735	3298
3957	735	20
3959	736	3298
3960	736	9
3963	736	20
3964	737	9
3965	737	20
3966	738	3298
3967	738	9
3970	738	20
3971	739	3297
3972	739	3298
3973	739	9
3976	739	20
3977	740	3298
3978	740	20
3981	741	3297
3982	741	3298
3983	741	9
3985	741	20
3986	742	3298
3987	742	9
3990	742	20
3991	73	3285
3992	73	3326
3993	743	9
3994	743	10
3995	743	11
3996	743	13
3997	743	3509
3998	743	3510
3999	743	3511
4000	743	3545
4001	743	3546
4002	743	3547
4003	743	3585
4004	743	3780
4005	743	3589
4006	743	3590
4007	743	3340
4008	743	3535
4009	743	3220
4010	743	3253
4011	743	3544
4012	743	3450
4013	743	27
4014	743	3549
4015	743	3326
4016	743	3848
4017	743	3849
4018	743	3850
4019	743	1163
4020	743	3851
4021	743	3852
4022	743	2812
4023	743	3594
4024	743	3537
4025	743	3538
4026	743	3539
4027	743	3540
4028	743	3612
4029	744	9
4030	744	10
4031	744	11
4032	744	13
4033	744	3509
4034	744	3510
4035	744	3511
4036	744	3545
4037	744	3546
4038	744	3547
4039	744	3780
4040	744	3589
4041	744	3590
4042	744	1163
4043	744	3340
4044	744	3853
4045	744	3854
4046	744	3855
4047	744	3856
4048	744	3857
4049	744	3858
4050	744	3859
4051	744	3860
4052	744	3861
4053	744	3862
4054	744	3535
4055	744	3544
4056	744	3611
4057	744	3585
4058	744	3220
4059	744	3253
4060	744	3450
4061	744	27
4062	744	3549
4063	744	3326
4064	744	3594
4065	744	3768
4066	744	3537
4067	744	3538
4068	744	3608
4069	744	3612
4070	744	3775
4071	745	3297
4072	745	3298
4073	745	20
4075	746	3297
4076	746	3298
4077	746	20
4079	747	3297
4080	747	3298
4081	747	9
4083	747	20
4084	748	3297
4085	748	3298
4086	748	9
4089	748	20
4090	749	3297
4091	749	3298
4094	749	20
4095	750	3297
4096	750	3298
4097	750	9
4100	750	20
4101	751	3297
4102	751	3298
4103	751	20
4105	752	3297
4106	752	3298
4107	752	20
4109	753	3297
4110	753	3298
4111	753	20
4113	754	3297
4114	754	3298
4115	754	20
4117	755	3282
4118	755	3315
4119	755	3412
4120	755	3317
4121	755	3288
4122	756	3282
4123	756	3315
4124	756	3412
4125	756	3317
4126	756	3288
4127	757	3282
4128	757	3315
4129	757	3412
4130	757	3317
4131	758	3282
4132	758	3315
4133	758	3412
4134	758	3317
4135	759	3297
4136	759	3298
4137	759	3317
4138	760	3298
4139	760	3282
4140	760	3315
4141	760	3412
4142	760	3317
4143	761	3298
4144	761	3282
4145	761	3315
4146	761	3412
4147	761	3317
4148	762	3297
4149	762	3298
4150	762	3317
4151	763	3282
4152	763	3315
4153	763	3316
4154	763	3412
4155	763	3317
4156	763	3288
4157	764	3282
4158	764	3315
4159	764	3316
4160	764	3412
4161	764	3317
4162	765	3288
4163	765	3297
4164	765	3316
4165	765	3317
4166	766	3288
4167	766	3297
4168	766	3316
4169	766	3317
4170	767	3288
4171	767	3297
4172	767	3316
4173	767	3317
4174	768	3298
4175	768	3282
4176	768	3315
4177	768	3412
4178	768	3317
4179	769	3297
4180	769	3317
4181	770	3282
4182	770	3315
4183	770	3316
4184	770	3412
4185	770	3317
4186	771	3282
4187	771	3317
4188	771	3847
4189	772	3282
4190	772	3315
4191	772	3316
4192	772	3412
4193	772	3317
4194	773	3282
4195	773	3317
4196	773	3847
4197	774	3282
4198	774	3315
4199	774	3316
4200	774	3412
4201	774	3317
4202	775	3298
4203	775	3282
4204	775	3315
4205	775	3412
4206	775	3317
4207	776	3298
4208	776	3282
4209	776	3315
4210	776	3412
4211	776	3317
4212	777	3298
4213	777	3282
4214	777	3315
4215	777	3412
4216	777	3317
4217	778	3298
4218	778	3282
4219	778	3315
4220	778	3412
4221	778	3317
4222	779	3298
4223	779	3282
4224	779	3315
4225	779	3412
4226	779	3317
4227	780	3298
4228	780	3282
4229	780	3315
4230	780	3412
4231	780	3317
4232	781	3282
4233	781	3315
4234	781	3412
4235	781	3317
4236	781	3288
4237	782	3298
4238	782	3282
4239	782	3315
4240	782	3412
4241	782	3317
4242	783	3298
4243	783	3282
4244	783	3315
4245	783	3412
4246	783	3317
4247	784	3298
4248	784	3282
4249	784	3315
4250	784	3412
4251	784	3317
4252	785	3298
4253	785	3282
4254	785	3315
4255	785	3412
4256	785	3317
4257	786	3298
4258	786	3282
4259	786	3315
4260	786	3412
4261	786	3317
4262	787	3282
4263	787	3315
4264	787	3316
4265	787	3412
4266	787	3317
4267	788	3298
4268	788	3282
4269	788	3315
4270	788	3412
4271	788	3317
4272	789	3298
4273	789	3282
4274	789	3315
4275	789	3412
4276	789	3317
4277	790	3282
4278	790	3315
4279	790	3316
4280	790	3412
4281	790	3317
4282	791	3282
4283	791	3315
4284	791	3316
4285	791	3412
4286	791	3317
4287	792	3298
4288	792	3282
4289	792	3315
4290	792	3412
4291	792	3317
4292	793	3282
4293	793	3315
4294	793	3316
4295	793	3412
4296	793	3317
4297	794	3298
4298	794	3282
4299	794	3315
4300	794	3412
4301	794	3317
4302	795	3298
4303	795	3282
4304	795	3315
4305	795	3412
4306	795	3317
4307	796	3298
4308	796	3282
4309	796	3315
4310	796	3412
4311	796	3317
4312	797	3282
4313	797	3315
4314	797	3316
4315	797	3412
4316	797	3317
4317	798	3298
4318	798	3282
4319	798	3315
4320	798	3412
4321	798	3317
4322	799	3298
4323	799	3282
4324	799	3315
4325	799	3412
4326	799	3317
4327	800	3298
4328	800	3282
4329	800	3315
4330	800	3412
4331	800	3317
4332	801	3298
4333	801	3282
4334	801	3315
4335	801	3412
4336	801	3317
4337	802	3282
4338	802	3315
4339	802	3316
4340	802	3412
4341	802	3317
4342	802	3288
4343	803	3282
4344	803	3315
4345	803	3412
4346	803	3317
4347	803	3288
4348	804	3282
4349	804	3315
4350	804	3316
4351	804	3412
4352	804	3317
4353	804	3288
4354	805	3282
4355	805	3315
4356	805	3316
4357	805	3412
4358	805	3317
4359	805	3288
4360	806	3282
4361	806	3315
4362	806	3412
4363	806	3317
4364	807	3282
4365	807	3315
4366	807	3412
4367	807	3317
4368	807	3288
4369	808	3282
4370	808	3315
4371	808	3412
4372	808	3317
4373	808	3287
4374	809	3282
4375	809	3315
4376	809	3316
4377	809	3412
4378	809	3317
4379	810	3282
4380	810	3315
4381	810	3316
4382	810	3412
4383	810	3317
4384	811	3282
4385	811	3506
4386	811	3315
4387	811	3412
4388	811	3317
4389	812	3282
4390	812	3506
4391	812	3315
4392	812	3412
4393	812	3317
4394	813	3282
4395	813	3506
4396	813	3315
4397	813	3412
4398	813	3317
4399	814	3282
4400	814	3506
4401	814	3315
4402	814	3412
4403	814	3317
4404	815	3282
4405	815	3506
4406	815	3315
4407	815	3412
4408	815	3317
4409	309	3847
4414	309	3414
4415	309	3415
4416	335	3847
4421	335	3414
4422	335	3415
4425	771	3315
4426	771	3412
4428	771	3414
4429	771	3415
4432	773	3315
4433	773	3412
4435	773	3414
4436	773	3415
4437	336	3847
4439	336	3315
4442	336	3414
4443	336	3415
4444	337	3847
4446	337	3315
4447	337	3412
4448	337	3317
4449	337	3414
4450	337	3415
4451	338	3847
4453	338	3315
4454	338	3412
4455	338	3317
4456	338	3414
4457	338	3415
4458	339	3847
4460	339	3315
4461	339	3412
4462	339	3317
4463	339	3414
4464	339	3415
4465	340	3847
4467	340	3315
4468	340	3412
4469	340	3317
4470	340	3414
4471	340	3415
4472	341	3847
4474	341	3315
4475	341	3412
4476	341	3317
4477	341	3414
4478	341	3415
4479	342	3847
4481	342	3315
4482	342	3412
4483	342	3317
4484	342	3414
4485	342	3415
4486	343	3847
4488	343	3315
4489	343	3412
4490	343	3317
4491	343	3414
4492	343	3415
4493	344	3847
4495	344	3315
4496	344	3412
4497	344	3317
4498	344	3414
4499	344	3415
4500	345	3847
4502	345	3315
4503	345	3412
4504	345	3317
4505	345	3414
4506	345	3415
4507	433	3847
4509	433	3315
4510	433	3412
4512	433	3414
4513	433	3415
4514	439	3847
4516	439	3315
4517	439	3412
4519	439	3414
4520	439	3415
4521	440	3847
4523	440	3315
4524	440	3412
4526	440	3414
4527	440	3415
4528	441	3847
4530	441	3315
4531	441	3412
4533	441	3414
4534	441	3415
4535	442	3847
4537	442	3315
4538	442	3412
4540	442	3414
4541	442	3415
4542	443	3847
4544	443	3315
4545	443	3412
4547	443	3414
4548	443	3415
4549	446	3847
4551	446	3315
4552	446	3412
4554	446	3414
4555	446	3415
4556	444	3847
4558	444	3315
4559	444	3412
4561	444	3414
4562	444	3415
4563	464	3847
4565	464	3315
4566	464	3412
4568	464	3414
4569	464	3415
4570	466	3847
4572	466	3315
4573	466	3412
4575	466	3414
4576	466	3415
4577	467	3847
4579	467	3315
4580	467	3412
4582	467	3414
4583	467	3415
4584	452	3847
4586	452	3315
4587	452	3412
4589	452	3414
4590	452	3415
4591	456	3847
4593	456	3315
4594	456	3412
4596	456	3414
4597	456	3415
4598	457	3847
4600	457	3315
4601	457	3412
4603	457	3414
4604	457	3415
4605	459	3847
4607	459	3315
4608	459	3412
4610	459	3414
4611	459	3415
4612	468	3847
4614	468	3315
4615	468	3412
4617	468	3414
4618	468	3415
4619	469	3847
4621	469	3315
4622	469	3412
4624	469	3414
4625	469	3415
4626	470	3847
4628	470	3315
4629	470	3412
4631	470	3414
4632	470	3415
4633	471	3847
4635	471	3315
4636	471	3412
4638	471	3414
4639	471	3415
4640	473	3847
4642	473	3315
4643	473	3412
4645	473	3414
4646	473	3415
4647	476	3847
4649	476	3315
4650	476	3412
4651	476	3317
4652	476	3414
4653	476	3415
4654	479	3847
4656	479	3315
4657	479	3412
4659	479	3414
4660	479	3415
4661	43	3847
4665	43	3317
4668	519	3847
4670	519	3315
4671	519	3412
4673	519	3414
4674	519	3415
4677	637	3315
4678	637	3412
4680	637	3414
4681	637	3415
4689	501	3847
4691	501	3315
4692	501	3412
4694	501	3414
4695	501	3415
4698	623	3315
4699	623	3412
4701	623	3414
4702	623	3415
4705	535	3315
4706	535	3412
4708	535	3414
4709	535	3415
4712	540	3315
4713	540	3412
4715	540	3414
4716	540	3415
4717	44	3847
4721	44	3317
4726	617	3315
4727	617	3412
4729	617	3414
4730	617	3415
4733	594	3315
4734	594	3412
4736	594	3414
4737	594	3415
4738	484	3847
4740	484	3315
4741	484	3412
4743	484	3414
4744	484	3415
4747	628	3315
4748	628	3412
4750	628	3414
4751	628	3415
4754	589	3315
4755	589	3412
4757	589	3414
4758	589	3415
4773	533	3847
4775	533	3315
4776	533	3412
4778	533	3414
4779	533	3415
4780	591	3847
4782	591	3315
4783	591	3412
4785	591	3414
4786	591	3415
4787	48	3847
4791	48	3317
4808	542	3847
4810	542	3315
4811	542	3412
4813	542	3414
4814	542	3415
4815	541	3847
4817	541	3315
4818	541	3412
4820	541	3414
4821	541	3415
4824	620	3315
4825	620	3412
4827	620	3414
4828	620	3415
4831	619	3315
4832	619	3412
4834	619	3414
4835	619	3415
4836	76	3847
4845	595	3315
4846	595	3412
4848	595	3414
4849	595	3415
4850	527	3847
4852	527	3315
4853	527	3412
4855	527	3414
4856	527	3415
4859	636	3315
4860	636	3412
4862	636	3414
4863	636	3415
4866	632	3315
4867	632	3412
4869	632	3414
4870	632	3415
4871	539	3847
4873	539	3315
4874	539	3412
4876	539	3414
4877	539	3415
4880	625	3315
4881	625	3412
4883	625	3414
4884	625	3415
4887	605	3315
4888	605	3412
4890	605	3414
4891	605	3415
4892	56	3847
4896	56	3317
4899	103	3847
4903	103	3317
4906	590	3847
4908	590	3315
4909	590	3412
4911	590	3414
4912	590	3415
4915	629	3315
4916	629	3412
4918	629	3414
4919	629	3415
4922	630	3315
4923	630	3412
4925	630	3414
4926	630	3415
4927	534	3847
4929	534	3315
4930	534	3412
4932	534	3414
4933	534	3415
4943	622	3315
4944	622	3412
4946	622	3414
4947	622	3415
4957	627	3315
4958	627	3412
4960	627	3414
4961	627	3415
4964	638	3315
4965	638	3412
4967	638	3414
4968	638	3415
4976	490	3847
4978	490	3315
4979	490	3412
4981	490	3414
4982	490	3415
4990	510	3847
4992	510	3315
4993	510	3412
4995	510	3414
4996	510	3415
4999	633	3315
5000	633	3412
5002	633	3414
5003	633	3415
5004	81	3847
5008	81	3317
5018	47	3847
5022	47	3317
5039	101	3847
5043	101	3317
5046	537	3847
5048	537	3315
5049	537	3412
5051	537	3414
5052	537	3415
5053	77	3847
5057	77	3317
5062	608	3315
5063	608	3412
5065	608	3414
5066	608	3415
5069	626	3315
5070	626	3412
5072	626	3414
5073	626	3415
5076	624	3315
5077	624	3412
5079	624	3414
5080	624	3415
5081	78	3847
5085	78	3317
5090	618	3315
5091	618	3412
5093	618	3414
5094	618	3415
5102	538	3847
5104	538	3315
5105	538	3412
5107	538	3414
5108	538	3415
5111	634	3315
5112	634	3412
5114	634	3414
5115	634	3415
5125	635	3315
5126	635	3412
5128	635	3414
5129	635	3415
5132	614	3315
5133	614	3412
5135	614	3414
5136	614	3415
5139	615	3315
5140	615	3412
5142	615	3414
5143	615	3415
5144	485	3847
5146	485	3315
5147	485	3412
5149	485	3414
5150	485	3415
5153	597	3315
5154	597	3412
5156	597	3414
5157	597	3415
5167	604	3315
5168	604	3412
5170	604	3414
5171	604	3415
5188	606	3315
5189	606	3412
5191	606	3414
5192	606	3415
5200	100	3847
5202	100	3315
5204	100	3317
5207	524	3847
5209	524	3315
5210	524	3412
5212	524	3414
5213	524	3415
5228	488	3847
5230	488	3315
5231	488	3412
5233	488	3414
5234	488	3415
5235	483	3847
5237	483	3315
5238	483	3412
5240	483	3414
5241	483	3415
5242	487	3847
5244	487	3315
5245	487	3412
5247	487	3414
5248	487	3415
5256	511	3847
5258	511	3315
5259	511	3412
5261	511	3414
5262	511	3415
5263	517	3847
5265	517	3315
5266	517	3412
5268	517	3414
5269	517	3415
5270	512	3847
5272	512	3315
5273	512	3412
5275	512	3414
5276	512	3415
5298	491	3847
5300	491	3315
5301	491	3412
5303	491	3414
5304	491	3415
5305	503	3847
5307	503	3315
5308	503	3412
5310	503	3414
5311	503	3415
5312	514	3847
5314	514	3315
5315	514	3412
5317	514	3414
5318	514	3415
5319	513	3847
5321	513	3315
5322	513	3412
5324	513	3414
5325	513	3415
5326	515	3847
5328	515	3315
5329	515	3412
5331	515	3414
5332	515	3415
5333	509	3847
5335	509	3315
5336	509	3412
5338	509	3414
5339	509	3415
5340	516	3847
5342	516	3315
5343	516	3412
5345	516	3414
5346	516	3415
5347	492	3847
5349	492	3315
5350	492	3412
5352	492	3414
5353	492	3415
5368	504	3847
5370	504	3315
5371	504	3412
5373	504	3414
5374	504	3415
5389	518	3847
5391	518	3315
5392	518	3412
5394	518	3414
5395	518	3415
5396	523	3847
5398	523	3315
5399	523	3412
5401	523	3414
5402	523	3415
5412	599	3315
5413	599	3412
5415	599	3414
5416	599	3415
5424	526	3847
5426	526	3315
5427	526	3412
5429	526	3414
5430	526	3415
5431	79	3847
5435	79	3317
5438	99	3847
5442	99	3317
5445	522	3847
5447	522	3315
5448	522	3412
5450	522	3414
5451	522	3415
5452	46	3847
5456	46	3317
5459	102	3847
5463	102	3317
5466	520	3847
5468	520	3315
5469	520	3412
5471	520	3414
5472	520	3415
5475	613	3315
5476	613	3412
5478	613	3414
5479	613	3415
5482	610	3315
5483	610	3412
5485	610	3414
5486	610	3415
5487	521	3847
5489	521	3315
5490	521	3412
5492	521	3414
5493	521	3415
5496	596	3315
5497	596	3412
5499	596	3414
5500	596	3415
5501	543	3847
5503	543	3315
5504	543	3412
5506	543	3414
5507	543	3415
5510	612	3315
5511	612	3412
5513	612	3414
5514	612	3415
5517	611	3315
5518	611	3412
5520	611	3414
5521	611	3415
5524	631	3315
5525	631	3412
5527	631	3414
5528	631	3415
5531	598	3315
5532	598	3412
5534	598	3414
5535	598	3415
5536	525	3847
5538	525	3315
5539	525	3412
5541	525	3414
5542	525	3415
5557	593	3847
5559	593	3315
5560	593	3412
5562	593	3414
5563	593	3415
5566	621	3315
5567	621	3412
5569	621	3414
5570	621	3415
5573	607	3315
5574	607	3412
5576	607	3414
5577	607	3415
5592	486	3847
5594	486	3315
5595	486	3412
5597	486	3414
5598	486	3415
5608	616	3315
5609	616	3412
5611	616	3414
5612	616	3415
5613	592	3847
5615	592	3315
5616	592	3412
5618	592	3414
5619	592	3415
5627	80	3847
5628	80	3282
5631	80	3317
5632	80	3414
5633	80	3415
5634	536	3847
5636	536	3315
5637	536	3412
5639	536	3414
5640	536	3415
5641	113	3278
5642	126	3278
5643	746	3284
5644	747	3284
5645	750	3284
5647	748	3284
5649	753	3284
5650	751	3284
5651	754	3284
5652	745	3284
5653	749	3284
5655	752	3284
5656	722	3284
5657	725	3284
5659	736	3284
5661	729	3284
5663	728	3284
5665	742	3284
5667	730	3284
5669	726	3284
5671	739	3284
5673	727	3284
5675	732	3284
5677	741	3284
5678	731	3284
5680	733	3284
5682	740	3284
5684	738	3284
5686	734	3284
5688	735	3284
5689	693	3284
5690	649	3284
5691	718	3284
5693	662	3284
5694	703	3284
5695	686	3284
5696	641	3284
5697	719	3284
5699	716	3284
5700	691	3284
5701	639	3284
5702	717	3284
5704	715	3284
5706	652	3284
5708	647	3284
5709	706	3284
5710	663	3284
5711	711	3284
5712	709	3284
5713	660	3284
5714	688	3284
5715	699	3284
5716	657	3284
5717	720	3284
5718	697	3284
5719	700	3284
5720	668	3284
5721	708	3284
5722	670	3284
5723	707	3284
5724	710	3284
5725	713	3284
5726	651	3284
5727	714	3284
5729	22	3285
5730	22	3297
5731	22	21
5732	22	13
5733	22	3229
5734	23	3285
5735	24	3285
5736	22	3284
5737	347	3284
5738	116	3284
5739	30	3284
5740	346	3284
5741	41	3284
5742	349	3284
5743	45	3284
5744	357	3284
5745	348	3284
5746	39	3284
5747	114	3284
5748	127	3284
5749	124	3284
5750	123	3284
5751	120	3284
5752	355	3284
5753	350	3284
5754	121	3284
5755	122	3284
5756	354	3284
5757	353	3284
5758	125	3284
5759	128	3284
5760	352	3284
5761	351	3284
5762	119	3284
5763	42	3284
5764	117	3284
5765	40	3284
5767	665	3284
5768	653	3284
5769	695	3284
5772	721	3284
5773	712	3284
5774	664	3284
5777	723	3284
5778	683	3284
5780	724	3284
5781	642	3284
5782	654	3284
5783	671	3284
5784	661	3284
5785	667	3284
5786	701	3284
5789	675	3284
5792	645	3284
5795	640	3284
5797	672	3284
5801	692	3284
5802	669	3284
5803	681	3284
5804	644	3284
5807	674	3284
5810	679	3284
5813	687	3284
5814	646	3284
5815	659	3284
5817	676	3284
5822	356	3284
5824	677	3284
5830	673	3284
5835	694	3284
5838	682	3284
5840	655	3284
5842	650	3284
5845	689	3284
5849	698	3284
5853	702	3284
5857	648	3284
5858	696	3284
5859	656	3284
5860	666	3284
5863	737	3284
5865	705	3284
5867	678	3284
5870	358	3284
5871	690	3284
5872	643	3284
5873	684	3284
5877	680	3284
5878	704	3284
5880	118	3284
5881	37	3284
5882	29	3284
5883	31	3284
5884	693	2818
5885	693	1519
5886	693	3185
5887	693	3867
5888	693	2430
5889	693	3868
5890	693	1371
5891	693	2507
5892	347	3080
5893	347	3079
5894	816	3780
5895	816	9
5896	816	10
5897	816	11
5898	816	3340
5899	816	13
5900	816	3577
5901	816	3535
5902	816	3509
5903	816	3510
5904	816	3511
5905	816	3544
5906	816	3545
5907	816	3546
5908	816	3547
5909	816	3548
5910	816	3872
5911	816	3585
5912	816	3873
5913	816	3874
5914	816	3550
5915	816	1837
5916	816	3220
5917	816	3450
5918	816	27
5919	816	3549
5920	816	3326
5921	817	3780
5922	817	9
5923	817	10
5924	817	11
5925	817	3340
5926	817	13
5927	817	3577
5928	817	3535
5929	817	3509
5930	817	3510
5931	817	3511
5932	817	3544
5933	817	3545
5934	817	3546
5935	817	3547
5936	817	3548
5937	817	3585
5938	817	3326
5940	817	3450
5941	817	27
5942	817	3549
5943	817	3550
5944	817	3872
5945	817	3875
5946	817	3876
5947	817	1837
5948	817	3220
5949	817	3874
5950	817	3877
5951	817	3878
5952	817	3879
5953	817	3880
5954	817	3881
5955	817	3690
5956	816	3880
5957	816	3881
5958	816	3877
5959	816	3879
5960	818	3780
5961	818	9
5962	818	10
5963	818	11
5964	818	3340
5965	818	13
5966	818	3577
5967	818	3535
5968	818	3509
5969	818	3510
5970	818	3511
5971	818	3544
5972	818	3545
5973	818	3546
5974	818	3547
5975	818	3548
5976	818	3585
5977	818	3220
5978	818	3450
5979	818	27
5980	818	3549
5981	818	3326
5982	818	3872
5983	818	3873
5984	818	3875
5985	818	3876
5986	818	3589
5987	818	3590
5988	818	3877
5989	818	3878
5990	818	3880
5991	818	3594
5992	818	3879
5993	818	3611
5994	818	3612
5995	819	13
5996	819	3585
5997	819	3590
5998	819	9
5999	819	10
6000	819	11
6001	819	3340
6002	819	3220
6003	819	3611
6004	819	27
6005	819	3875
6006	819	3876
6007	819	1837
6008	819	3509
6009	819	3510
6010	819	3511
6011	819	3780
6012	819	3535
6013	819	3544
6014	819	3545
6015	819	3546
6016	819	3547
6017	819	3548
6018	819	3549
6019	819	3689
6020	819	3577
6021	819	3450
6022	819	3326
6023	819	3873
6024	819	3874
6025	819	3877
6026	819	3880
6027	819	3594
6028	819	3690
6029	819	3883
6030	819	3612
6031	819	3884
6032	819	3885
6033	820	3585
6034	820	9
6035	820	10
6036	820	11
6037	820	3340
6038	820	13
6039	820	3220
6040	820	3864
6041	820	27
6042	820	3509
6043	820	3510
6044	820	3511
6045	820	3780
6046	820	3535
6047	820	3544
6048	820	3545
6049	820	3546
6050	820	3547
6051	820	3548
6052	820	3549
6053	820	3577
6054	820	3450
6055	820	3326
6056	820	3590
6057	820	3689
6058	820	3594
6059	820	1837
6060	820	3886
6061	820	3887
6062	820	3888
6063	820	3611
6064	820	3612
6065	820	3889
6066	820	3890
6067	820	3891
6068	820	3892
6069	820	3893
6070	820	3894
6071	820	3895
6072	820	3896
6073	820	3897
6074	820	3898
\.


--
-- Data for Name: backend_copyrightpermission; Type: TABLE DATA; Schema: public; Owner: postgres
--

COPY public.backend_copyrightpermission (id, date_contacted, granted, date_of_response, description, organization_id, user_id) FROM stdin;
16	2022-01-21	f	2022-01-21	Two resources: an introductory textbook on art history, and another introduction to architectural styles.	10	13
5	2022-01-21	t	2022-01-21	Let's Learn English/Let's Teach English content	3	4
7	2021-03-08	t	2021-03-15	Sikana educational and community videos	5	4
\.


--
-- Data for Name: backend_metadata; Type: TABLE DATA; Schema: public; Owner: postgres
--

COPY public.backend_metadata (id, name, type_id) FROM stdin;
9	Primary Student	17
10	Secondary Student	17
11	Instructor	17
12	Peace Corps Volunteer	17
13	Community Member	17
14	Nursing Student	17
15	Midwifery Student	17
16	Medical Student	17
17	Dentistry Student	17
18	Technician	17
19	Field Extension Agent	17
20	CC BY	19
21	CC BY NC	19
22	CC BY SA	19
23	CC BY ND	19
24	CC BY NC SA	19
25	CC BY NC ND	19
26	Public Domain	19
27	Open Access (does not specify terms)	19
28	All rights reserved - permission granted to share on SolarSPELL library.	19
29	Biochemistry	14
30	Biology	14
31	Cardiac System	14
32	Dermatology	14
33	Endocrinology	14
34	Epidemiology	14
35	Gastroinstestinal System	14
36	General Physiology	14
37	Genetics	14
38	Hematology	14
39	Immune System	14
40	Musculoskeletal System	14
41	Nervous System	14
42	Renal System	14
43	Reproductive System	14
44	Respiratory System	14
45	Case Studies in Primary Health Care	14
46	Environmental	14
47	Immunizations	14
48	Population Change and Public Health	14
49	Preventative Health and Primary Care	14
50	Smoking and Drug Use	14
51	Violence	14
52	Laboratory	14
53	Radiology	14
54	Digital Literacy Basics	14
55	Information Literacy Basics	14
56	Teaching & Assessment	14
57	Textbooks	14
58	WHO Guidelines	14
59	Communicable Diseases	14
60	Noncommunicable Diseases	14
61	Gastrointestinal	14
62	Gynecology	14
63	Musculoskeletal	14
64	Pre- and Post-Operation	14
65	Urology	14
66	Child/Adolescent Psychiatry	14
67	Psychiatry	14
68	Psychology	14
69	Substance Abuse	14
70	Adolescent Health and Development	14
71	Child Health and Development	14
72	Congenital Abnormalities	14
73	Emergency Medicine	14
74	Pediatrics Assessment	14
75	Analgesia and Anesthesia	14
76	Medication Class	14
77	Pharmacokinetics	14
78	Prescribing Considerations	14
79	Principles of Pharmacology	14
80	Psychopharmacology	14
81	Evidence-Based Practice	14
82	Statistics	14
83	Midwifery and Obstetrics	14
84	Women's Health	14
85	Community Health	14
86	Baby Health - Caregivers	14
87	Mothers	14
88	Newborn  Baby Care	14
89	Other Newborn  Topics	14
90	Health Workers	14
91	Breastfeeding	14
92	Newborn Care Skills	14
93	Newborn Problems	14
94	Childbirth	14
95	Bacterial, Fungal, and Parasitic	14
96	COVID-19	14
97	Sexual	14
98	Tropical	14
99	Viral	14
100	Autoimmune Diseases	14
101	Cardiovascular Diseases	14
102	Deficiency Diseases	14
103	Dermatology	14
104	Endocrinology	14
105	Gastrointestinal	14
106	Genetic	14
107	Hematology	14
108	Neurological	14
109	Oncology	14
110	Ophthalmology	14
111	Radiology	14
112	Reproductive Diseases	14
113	Respiratory	14
114	Urology	14
115	Birth Defects	14
116	Neurodevelopmental Disorders	14
117	Newborn Abnormalities	14
118	Nutrition Abnormalities	14
119	Chest and Cardiovascular Assessment	14
120	Children and Adolescent Assessment	14
121	Newborn Assessment	14
122	Fetal Medicine	14
123	Labor and Delivery	14
124	Postpartum	14
125	Pregnancy	14
126	Diagnostic Tests	14
127	Family Planning and Contraception	14
128	Health Promotion and Assessment	14
129	Reproductive Health	14
130	Women's Empowerment	14
131	Abnormalities	14
132	Fetal Development	14
133	Pregnancy	14
134	Abdomen	14
135	Abdominal	14
136	Abdominal Mass	14
137	Abnormal Labor	14
138	Abnormalities	14
139	Abortion	14
140	Abuse	14
141	Acute Disease	14
142	Acute Respiratory Distress Syndrome	14
143	Addiction	14
144	Adenomyosis	14
145	Adhesions	14
146	Adnexal Mass	14
147	Adolescent	14
148	Adolescent Contraception	14
149	Adolescent Health and Development	14
150	Adult	14
151	Adult Pharmacokinetics Companion	14
152	Advances in Fetal Medicine	14
153	Airway Management	14
154	Alcohol	14
155	Allografts	14
156	Alzheimer's Disease	14
157	Amnionicity	14
158	Analgesia	14
159	Anatomy	14
160	Androgens	14
161	Anemia	14
162	Anesthesia	14
163	Animal-borne	14
164	Antibiotics	14
165	Anxiety	14
166	Aortic Disease	14
167	Appendicitis	14
168	Arteries	14
169	Arthritis	14
170	Arthroscopic Surgery 	14
171	Arthroscopy	14
172	Assault	14
173	Assessment	14
174	Assessment	14
175	Asthma	14
176	Autism	14
177	Autism Spectrum Disorder	14
178	Autoimmune	14
179	Autoimmune Diseases	14
180	Autoimmune Disorder	14
181	Baby	14
182	Bacteria	14
183	Bacterial	14
184	Basic Sciences	14
185	Bedside Communication	14
186	Biochemistry	14
187	Bioeffects	14
188	Biology	14
189	Biopsy	14
190	Bleeding	14
191	Blood	14
192	Blood Borne Diseases	14
193	Blood Clot	14
194	Blood Pressure	14
195	Blunt Trauma	14
196	Body Systems	14
197	Body Systems Assessment	14
198	Brain	14
199	Brain Tumors	14
200	Breast Cancer	14
201	Breast Mass	14
202	Breastfeeding	14
203	Burns	14
204	C-Section	14
205	Cancer	14
206	Carcinoma	14
207	Cardiac Transplant	14
208	Cardinal Ligaments	14
209	Cardiovascular	14
210	Cardiovascular Diseases	14
211	Case Study	14
212	Catheter	14
213	Celiac Disease	14
214	Central Nervous System	14
215	Cerebrovascular	14
216	Cervical Cancer	14
217	Cervical Incompetence	14
218	Cervical Length	14
219	Cervical Neoplasia	14
220	Cesarean	14
221	Cesarean Section	14
222	Cestodes	14
223	Child	14
224	Child Development	14
225	Child Health	14
226	Child Trauma Treatment	14
227	Childbirth	14
228	Cholecystitis	14
229	Cholera	14
230	Cholesterol	14
231	Chorea Gravidarum	14
232	Chorionicity	14
233	Chromosomes	14
234	Chronic Diseases	14
235	Circulatory System	14
236	Cirrhosis	14
237	Clamping	14
238	Cleansing	14
239	Clinical Skills	14
240	Coagulation Disorder	14
241	Collagen Vascular Diseases	14
242	Colporrhaphy	14
243	Communicable Diseases	14
244	Community and Public Health	14
245	Community Health	14
246	Complementary and Alternative Medicine	14
247	Complications	14
248	Congenital Heart Disease	14
249	Connective Tissue	14
250	Consent	14
251	Constipation	14
252	Contraception	14
253	Contraceptives	14
254	Contraction Stress Test	14
255	Coronavirus disease-19	14
256	Cortical Necrosis	14
257	Counseling	14
258	COVID-19	14
259	Cranial Nerves	14
260	Crowning	14
261	Cryosurgical	14
262	CT scan	14
263	Cystocele Reduction	14
264	Cysts	14
265	Cytology	14
266	Deep Vein Thromosis	14
267	Deficiency Disease	14
268	Dehydration	14
269	Delerium	14
270	Delusional Disorder	14
271	Dementia	14
272	Dental	14
273	Dermatological Disorders	14
274	Dermatology	14
275	Dermatology	14
276	Developmental	14
277	Developmental Defects	14
278	Diabetes	14
279	Diabetes and Dental	14
280	Diabetes and Wellness	14
281	Diagnostic Tests	14
282	Diagnostics	14
283	Dialysis	14
284	Diarrhea	14
285	Diet	14
286	Disability	14
287	Disease	14
288	Disease and Diagnosis	14
289	Disseminated Intravascular Coagulation	14
290	Diverticulitis	14
291	DNA	14
292	DNA Sequencing	14
293	Documentation	14
294	Draping	14
295	Drug Resistance	14
296	Dysplasia	14
297	Dyspnea	14
298	Ears	14
299	Eating Disorder	14
300	Echo	14
301	Economics	14
302	Ectopic Pregnancy	14
303	Education	14
304	Elderly	14
305	Elderly Health Issues	14
306	Electrosurgical	14
307	Embolization	14
308	Embryonic	14
309	Emergency Medicine	14
310	Emphysema	14
311	Endocrine System	14
312	Endocrinology	14
313	Endometrium	14
314	Endoscopy	14
315	Entamoeba Histolytica Infection	14
316	Enterocele	14
317	Environmental	14
318	Environmental Exposures	14
319	Environmental Health	14
320	Epidemiology	14
321	Epilepsy	14
322	Episiotomy	14
323	Ethics	14
324	Evidence Based Practice	14
325	Eye	14
326	Eyes	14
327	Fact Sheet	14
328	Fall prevention	14
329	Families	14
330	Family Planning	14
331	Fetal Anomalies	14
332	Fetal Death	14
333	Fetal Infection	14
334	Fetal Medicine	14
335	Fetal Physiology	14
336	Fever	14
337	Fibroid Tumors	14
338	First Aid	14
339	Fistula	14
340	Folic Acid	14
341	Foodborne Illness	14
342	Foundational Knowledge	14
343	Fractures	14
344	Fungal	14
345	Fungus	14
346	Gas Exchange	14
347	Gastrointestinal System	14
348	Gender	14
349	Gender Identity	14
350	General Medicine	14
351	General Procedures	14
352	General Surgery	14
353	General Survey Assessment	14
354	Genetic	14
355	Genetic Disorders	14
356	Genetics	14
357	Genitourinary	14
358	Germs	14
359	Giardia Lamlia Infection	14
360	Global Health	14
361	Glomerulonephritis	14
362	Gonads	14
363	Gradual Hypoxia Model	14
364	Guillain-Barre Syndrome	14
365	Gunshot Wounds	14
366	Gynecology	14
367	Haemophilus influenzae	14
368	Hair	14
369	Head	14
370	Health Disparities	14
371	Health Informatics	14
372	Health Promotion	14
373	Healthy Living	14
374	Hearing Loss	14
375	Heart	14
376	Heart Disease	14
377	Heart Failure	14
378	Heart Sound	14
379	Hematology	14
380	Hemorrhage	14
381	Hemorrhoids	14
382	Hemostatic System	14
383	Hepatitis	14
384	Hernia	14
385	HIb	14
386	High Risk Obstetrics	14
387	High Risk Pregnancy	14
388	Hip	14
389	HIV	14
390	HIV/AIDS	14
391	Hormone Replacement Therapy	14
392	Hormones	14
393	Human Papillomavirus	14
394	Hydration	14
395	Hypoxia	14
396	Hysterectomy	14
397	Hysteroscopy	14
398	Hysterosonography	14
399	Hysterotomy	14
400	Imaging	14
401	Immune System	14
402	Immune System	14
403	Immunizations	14
404	Immunizations	14
405	Immunology	14
406	Implanon	14
407	In-vitro fertillization	14
408	Incision	14
409	Induced labor	14
410	Induction	14
411	Infection	14
412	Infection Control	14
413	Infectious Disease	14
414	Infertility	14
415	Infiltration	14
416	Inflammation	14
417	Influenza	14
418	Information	14
419	Injury	14
420	Instructor References	14
421	Interpartner Violence	14
422	Interstitial Nephritis	14
423	Intestinal Nematodes	14
424	Intestinal Obstruction	14
425	Intestines	14
426	Intracranial Hemorrhage	14
427	Intrauterine Device	14
428	Intravenous (IV) Insertion	14
429	Ischemic Heart Disease	14
430	IUDs	14
431	Kidney	14
432	Kidney Disease	14
433	Knee	14
434	Lab Work	14
435	Labor	14
436	Labor and Delivery	14
437	Laboratory	14
438	Laparoscopy	14
439	Laparotomy	14
440	Laser Surgery	14
441	Leadership	14
442	Leiomyoma	14
443	Leishmaniasis	14
444	Lice	14
445	Ligation	14
446	Listeria	14
447	Liver	14
448	Local Anesthetic	14
449	Lymphatic System	14
450	Lymphoma	14
451	Malaria	14
452	Malnutrition	14
453	Mammography	14
454	Maternal Morbidity	14
455	Maternal Mortality	14
456	Mechnisms of Action	14
457	Medical Communication	14
458	Medical Encyclopedia	14
459	Medical Records	14
460	Medical Student	14
461	Medical Student Reference	14
462	Medication Class	14
463	Medicine Side Effects	14
464	Men's Health	14
465	Menopause	14
466	Menses	14
467	Menstrual Health	14
468	Mental Health	14
469	Mental Retardation	14
470	Metastasis	14
471	Microbiology	14
472	Midwifery	14
473	Molecular Biology	14
474	Mood Disorder	14
475	Mosquito born diseases	14
476	MRI	14
477	Multiple Sclerosis	14
478	Murmur	14
479	Musculoskeletal System	14
480	Myasthenia Gravis	14
481	Myocardial Disease	14
482	Myoma	14
483	Myomectomy	14
484	Neonatal	14
485	Neonatal Birth Injuries	14
486	Neonatal Infection	14
487	Nephropathy	14
488	Nephrotic Syndrome	14
489	Nervous System	14
490	Neurectomy	14
491	Neurological	14
492	Neurology	14
493	Neuromuscular Disorder	14
494	Neuropathy	14
495	Newborn care	14
496	Non-Communicable Illnesses	14
497	Non-steroidal Anti-inflammatory Drugs	14
498	Noncommunicable Diseases	14
499	Nose	14
500	NSAIDs	14
501	Nursing	14
502	Nursing Instructors	14
503	Nursing Simulations	14
504	Nursing Student References	14
505	Nutrition	14
506	Obesity	14
507	Obstetric Critical Care Units	14
508	Obstetrics	14
509	Obstetrics/Gynecological Surgery	14
510	Ocular Trauma	14
511	Oncology	14
512	Ophthalmology	14
513	Oral	14
514	Organ System	14
515	Orthodontic	14
516	Orthopedics	14
517	Ovarian Cancer	14
518	Pain	14
519	Pancreatitis	14
520	Papillomavirus	14
521	Parasite	14
522	Parasitic	14
523	Parents	14
524	Parkinsons Disease	14
525	Pathology	14
526	Pathophysiology	14
527	Patient Counseling	14
528	Patient Education	14
529	Peace Corps	14
530	Pediatric Abnormalities	14
531	Pediatric Emergency Medicine	14
532	Pediatrics	14
533	Pediatrics Assessment	14
534	Pelvic Cavity	14
535	Pelvic Exam	14
536	Pelvic Inflammatory Disease	14
537	Perinatal	14
538	Perinatal Death	14
539	Perinatology	14
540	Peripheral Nervous System	14
541	Peritoneum	14
542	Personal Protective Equipment	14
543	Personality Disorder	14
544	Pertussis	14
545	Pharmacokinetics	14
546	Pharmacology	14
547	Pharmacology Mechanisms of Action	14
548	Pharmacology Medications	14
549	Physical Assessment	14
550	Physical Examination	14
551	Physics	14
552	Physiology	14
553	Placenta	14
554	Placenta Accreta	14
555	Placenta Previa	14
556	Platelet Poor Plasma	14
557	Policy	14
558	Polio	14
559	Population	14
560	Post Operation	14
561	Postpartum Care	14
562	Postpartum Depression	14
563	Postpartum Psychosis	14
564	Pre Operation	14
565	Precautions	14
566	Preconception	14
567	Preeclampsia	14
568	Pregnancy	14
569	Pregnancy Complications	14
570	Prenatal	14
571	Prenatal Death	14
572	Prescribing Considerations	14
573	Preventative Health	14
574	Primary Care	14
575	Principles of Pharmacology	14
576	Problem Solving	14
577	Procedures	14
578	Progesterone	14
579	Prostate	14
580	Protocology	14
581	Psychiatry	14
582	Psychology	14
583	Psychotic Disorders	14
584	Public Health	14
585	Puerperium	14
586	Pulmonary	14
587	Pulmonary Disease	14
588	Pulmonary Embolism	14
589	Pulmonology	14
590	Quality of Life	14
591	Radiation	14
592	Radiology	14
593	Radionuclide	14
594	Rash	14
595	Reconstruction	14
596	Rectum	14
597	Reference	14
598	Regeneration	14
599	Regonal Content	14
600	Renal	14
601	Renal Disease	14
602	Renal Insufficiency	14
603	Reproductive	14
604	Reproductive Health	14
605	Research	14
606	Research Methods	14
607	Resectoscopy	14
608	Resilence	14
609	Respiratory	14
610	Respiratory System	14
611	Resuscitation	14
612	Revision	14
613	Rheumatology	14
614	Risk Factor	14
615	Roentgenographic	14
616	Rural Care	14
617	Scabies	14
618	Seizure Disorder	14
619	Sepsis	14
620	Sex Education	14
621	Sex Hormones	14
622	Sexual	14
623	Sexual Health	14
624	Sexually Transmitted Infections	14
625	Shoulder Dystocia	14
626	Sickle Cell Anemia	14
627	Skin	14
628	Sleep	14
629	Smoking and Drug Use	14
630	Snakebite	14
631	Sonography	14
632	Speech	14
633	Stab Wounds	14
634	Standards of Practice	14
635	Statistics	14
636	Sterilization	14
637	Stillborn	14
638	Streptococcus	14
639	Stress Test	14
640	Substance Abuse	14
641	Substance use	14
642	Sugar and the brain	14
643	Suicide	14
644	Surgeries	14
645	Surgery Manual	14
646	Surgical Procedures	14
647	Suturing	14
648	Swab	14
649	Teenage Pregnancy Prevention	14
650	Teeth	14
651	Text Books	14
652	Throat	14
653	Thromboembolism	14
654	Thrombophlebitis	14
655	Thromoembolic Disease	14
656	Thyroid Disorder	14
657	Tissue Dwelling Nematodes	14
658	Tonsillectomy	14
659	Tonsils	14
660	Toxoplasmosis	14
661	Tracheotomy	14
662	Traditions	14
663	Transfusion	14
664	Transplant	14
665	Trauma	14
666	Treatment	14
667	Triage	14
668	Trichomonas Vaginalis Infection	14
669	Tropical  African Region	14
670	Tropical Disease	14
671	Tropical Disease	14
672	Trypanosomiasis	14
673	Tubal Ligation	14
674	Tuberculosis	14
675	Tubular Necrosis	14
676	Ultrasound	14
677	Umbilical Cord	14
678	Urinary Tract	14
679	Urinary Tract Infection	14
680	Urogynecology	14
681	Urological	14
682	Urology	14
683	Uterine Fibroids	14
684	Uterine Rupture	14
685	Vaccinations	14
686	Vaccine	14
687	Vaginal Cuff	14
688	Vaginal Delivery	14
689	Vaginal Mucosa	14
690	Vaginal Therapy	14
691	Vaginal Vault	14
692	Vascular Disease	14
693	Vascular System	14
694	Venous Thromboembolism	14
695	Ventilator	14
696	Violence	14
697	Violence Prevention	14
698	Viral	14
699	Virus	14
700	Vital Signs	14
701	Vitamins	14
702	Water and Sanitation	14
703	Waterborne Diseases	14
704	Weight Management	14
705	Wellness	14
706	WHO Guidelines	14
707	Women's Empowerment	14
708	Womens Health	14
709	Women's Health Assessment	14
710	Womens Empowerment	14
711	Wound	14
712	X-Ray	14
713	Xenografts	14
714	Youth Programs	14
715	Zygosity	14
716	O Le Pp PuE National Park (Samoa)	14
717	19th Century	14
718	20th Century	14
719	3D Modeling	14
720	Abandonment	14
721	Aboriginal	14
722	Aborigine	14
723	Absolute	14
724	Absolute Value	14
725	Abstinence	14
726	Abuse	14
727	Acacia Koa	14
728	Academic	14
729	Acceleration	14
730	Acceptance	14
731	Accessory	14
732	Accident Prevention	14
733	Achievement	14
734	Acid	14
735	Acidification	14
736	Acidity	14
737	Acquired Immunodeficiency Syndrome	14
738	Acting	14
739	Action	14
740	Active	14
741	Activist	14
742	Activity	14
743	Acute	14
744	Adaptability	14
745	Adaptable	14
746	Adaptation	14
747	Addiction	14
748	Addition	14
749	Adjective	14
750	Adolescent	14
751	Adoption	14
752	Adrenaline	14
753	Adult	14
754	Adulte	14
755	Advanced	14
756	Adventure	14
757	Adverb	14
758	Advertisement	14
759	Advice	14
760	AED	14
761	Arien	14
762	Aerodynamic	14
763	Affix	14
764	Affordability	14
765	Africa	14
766	Aftershock	14
767	Afternoon	14
768	Aggression	14
769	Agreement	14
770	Agriculture	14
771	Agrobiodiversity	14
772	Agroforestry	14
773	Agrume	14
774	Aid	14
775	AIDS	14
776	Air	14
777	Air Quality	14
778	Aircraft	14
779	Airplane	14
780	Airway	14
781	Alab	14
782	Alcohol	14
783	Alcoholism	14
784	Algebra	14
785	Alive	14
786	Alkol Dring	14
787	Allergen	14
788	Allergy	14
789	Alley Cropping	14
790	Alphabet	14
791	Alphabetical	14
792	Aluminium	14
793	Alveolar Sac	14
794	Alveoli	14
795	Amberfish	14
796	American Samoa	14
797	Amoeba	14
798	Analysis	14
799	Anatomy	14
800	Ancestor	14
801	Ancestry	14
802	Anchor	14
803	Andes Mountains	14
804	Anger	14
805	Angina	14
806	Anguar	14
807	Anguillule	14
808	Animal	14
809	Animal Kingdom	14
810	Animal Rights	14
811	Animal Testing	14
812	Animation	14
813	Annexation	14
814	Anorexia	14
815	Answer	14
816	Answer Key	14
817	Ant	14
818	Antarctica	14
819	Anthropod	14
820	Antibacterial	14
821	Antibiotic	14
822	Antibody	14
823	Antidepressant	14
824	Antioxidant	14
825	Antiviral	14
826	Antonym	14
827	Anxiety	14
828	Aorta	14
829	Apiculture	14
830	Appearance	14
831	Appendix	14
832	Appetite	14
833	Apple	14
834	Application	14
835	Appreciation	14
836	Arabic	14
837	Archaeology	14
838	Archeology	14
839	Architecture	14
840	Arctic	14
841	Area	14
842	Argument	14
843	Arithmetic	14
844	Arrangement	14
845	Arrival	14
846	Art	14
847	Artefact	14
848	Artery	14
849	Arthritis	14
850	Article	14
851	Artifact	14
852	Artok Island (Vanuatu)	14
853	Asia	14
854	Asian	14
855	Asking	14
856	Assault	14
857	Assembly	14
858	Assessment	14
859	Asset	14
860	Assistance	14
861	Asthma	14
862	Astronomy	14
863	Atlantic	14
864	Atlas	14
865	Atmosphere	14
866	Atmospheric Pressure	14
867	Atoll	14
868	Atom	14
869	Atrophic	14
870	Atrophy	14
871	Attack	14
872	Atteint	14
873	Audience	14
874	Audio	14
875	Audiobook	14
876	Auditory	14
877	Avalanche	14
878	Availability	14
879	Avocado	14
880	Award	14
881	Baby	14
882	Baciliforme	14
883	Backbone	14
884	Bacteria	14
885	Bacterial Infection	14
886	Balai De Sorciere	14
887	Balance	14
888	Bamboo	14
889	Banana	14
890	Bananier	14
891	Barbell	14
892	Bargaining	14
893	Barracuda	14
894	Barrier	14
895	Base	14
896	Basic	14
897	Bat	14
898	Battery	14
899	Beach	14
900	Bead	14
901	Bean	14
902	Beche-De-Mer	14
903	Bedrock	14
904	Bee	14
905	Beekeeping	14
906	Beeswax	14
907	Beginner	14
908	Behavior	14
909	Behavioral	14
910	Benefit	14
911	Berry	14
912	Beta-Blocker	14
913	Betel Nut	14
914	Betterave	14
915	Beverage	14
916	Bible	14
917	Bicycle	14
918	Big Bang	14
919	Bilingual	14
920	Biodegradable	14
921	Biodiversity	14
922	Biogas	14
923	Biography	14
924	Biological	14
925	Biologie	14
926	Biologique	14
927	Biology	14
928	Biomass	14
929	Bipolar	14
930	Bird	14
931	Bird Flu	14
932	Birth	14
933	Birth Defect	14
934	Birthday	14
935	Bisexual	14
936	Black	14
937	Bladder	14
938	Bleach	14
939	Bleeding	14
940	Blindness	14
941	Blister	14
942	Blood	14
943	Blood Pressure	14
944	Blurry	14
945	Boat	14
946	Boating	14
947	Bodily Fluid	14
948	Body	14
949	Body Of Water	14
950	Bond	14
951	Bonding	14
952	Bone	14
953	Bonen	14
954	Book	14
955	Borrowing	14
956	Botanic	14
957	Botany	14
958	Bottle	14
959	Boy	14
960	Brahmin	14
961	Brain	14
962	Brain Damage	14
963	Branch	14
964	Bread	14
965	Breadfruit	14
966	Breakfast	14
967	Breast	14
968	Breastfeeding	14
969	Breastmilk	14
970	Breathing	14
971	Breed	14
972	Bridge	14
973	British	14
974	British Isles	14
975	Brochure	14
976	Brother	14
977	Buddhism	14
978	Budget	14
979	Buffalo	14
980	Bug	14
981	Build	14
982	Building	14
983	Bulgaria	14
984	Bulimia	14
985	Bullying	14
986	Burden	14
987	Burial	14
988	Burial Site	14
989	Burn	14
990	Business	14
991	Butt	14
992	Butter	14
993	Butterfly	14
994	Buying	14
995	Bycatch	14
996	Cabbage	14
997	Cacao	14
998	Cacaoyer	14
999	Calcium	14
1000	Calendar	14
1001	Calorie	14
1002	Canberra (Australia)	14
1003	Cancer	14
1004	Candy	14
1005	Canela	14
1006	Cannibale	14
1007	Capitalisation	14
1008	Capitalization	14
1009	Capsule	14
1010	Car	14
1011	Car Crash	14
1012	Caracteristique	14
1013	Carbohydrate	14
1014	Carbon	14
1015	Carbon Dioxide	14
1016	Carbon Emission	14
1017	Carbon Footprint	14
1018	Carcinogen	14
1019	Cardio	14
1020	Cardiovascular	14
1021	Care	14
1022	Cargo	14
1023	Carnivore	14
1024	Carrot	14
1025	Cartography	14
1026	Cartoon	14
1027	Caste System	14
1028	Cat	14
1029	Catalogue	14
1030	Cataract	14
1031	Categorisation	14
1032	Categorization	14
1033	Caterpillar	14
1034	Cattle	14
1035	Cause	14
1036	Caution	14
1037	Cavity	14
1038	Cell	14
1039	Cell Phone	14
1040	Ceremony	14
1041	Cervical	14
1042	Cervical Cancer	14
1043	Cervix	14
1044	Challenge	14
1045	Champignon	14
1046	Change	14
1047	Character	14
1048	Characteristic	14
1049	Charade	14
1050	Charles Darwin	14
1051	Chart	14
1052	Check	14
1053	Checklist	14
1054	Cheese	14
1055	Cheetah	14
1056	Chemical	14
1057	Cherry	14
1058	Chest	14
1059	Chest Cold	14
1060	Chewing	14
1061	Chick	14
1062	Chicken	14
1063	Child	14
1064	Child Death	14
1065	Child Development	14
1066	Child Labor	14
1067	Child Prostitution	14
1068	Childbirth	14
1069	Childhood	14
1070	Children	14
1071	Children's Literature	14
1072	Chimique	14
1073	China	14
1074	Chlamydia	14
1075	Chloroplast	14
1076	Chocolate	14
1077	Choke	14
1078	Choking	14
1079	Cholesterol	14
1080	Chore	14
1081	Christianity	14
1082	Chromosome	14
1083	Chronic	14
1084	Chronology	14
1085	Church	14
1086	Chuuk State (Micronesia)	14
1087	Chuukese	14
1088	Cicadelle	14
1089	Cigarette	14
1090	Cinema	14
1091	Circle	14
1092	Circulaire Brune	14
1093	Circulation	14
1094	Circulatory System	14
1095	Circumference	14
1096	Citrus	14
1097	Civics	14
1098	Civil	14
1099	Civil War	14
1100	Civilisation	14
1101	Civilization	14
1102	Class	14
1103	Classification	14
1104	Classroom	14
1105	Clause	14
1106	Clean	14
1107	Cleaning	14
1108	Cleanliness	14
1109	Climate	14
1110	Climate Change	14
1111	Climbing	14
1112	Clock	14
1113	Clone	14
1114	Clot	14
1115	Cloth	14
1116	Clothing	14
1117	Cloud	14
1118	Coal	14
1119	Coast	14
1120	Coast Guard	14
1121	Coastal	14
1122	Coastal Erosion	14
1123	Coastline	14
1124	Cocoa	14
1125	Coconut	14
1126	Coffee	14
1127	Cognition	14
1128	Cognitive	14
1129	Cola	14
1130	Cold	14
1131	College	14
1132	Collision	14
1133	Colonisation	14
1134	Colonization	14
1135	Colony	14
1136	Color	14
1137	Colore	14
1138	Coloring	14
1139	Colour	14
1140	Colouring	14
1141	Combustion	14
1142	Comic	14
1143	Commerce	14
1144	Commercial	14
1145	Commitment	14
1146	Commonwealth of Australia	14
1147	Communicable Disease	14
1148	Communication	14
1149	Communion	14
1150	Community	14
1151	Comparative	14
1152	Compare	14
1153	Comparing	14
1154	Comparison	14
1155	Compass	14
1156	Competition	14
1157	Composition	14
1158	Composting	14
1159	Compound	14
1160	Compound Word	14
1161	Comprehension	14
1162	Compulsion	14
1163	Computer	14
1164	Concentration	14
1165	Condition	14
1166	Conditional	14
1167	Condom	14
1168	Conflict	14
1169	Confusion	14
1170	Congugation	14
1171	Conjunction	14
1172	Connotation	14
1173	Consequence	14
1174	Conservation	14
1175	Consonant	14
1176	Constitution	14
1177	Contact Lenses	14
1178	Contamination	14
1179	Context	14
1180	Continent	14
1181	Contour Farming	14
1182	Contour Hedgerow	14
1183	Contraception	14
1184	Contraction	14
1185	Contrast	14
1186	Control	14
1187	Controversy	14
1188	Convective	14
1189	Converting	14
1190	Cook	14
1191	Cook Islands	14
1192	Cooking	14
1193	Cooperation	14
1194	Coordinator	14
1195	Coral	14
1196	Coral Reef	14
1197	Corm	14
1198	Corn	14
1199	Cornea	14
1200	Coronavirus	14
1201	Corps	14
1202	Correspondence	14
1203	Cosmetic	14
1204	Cost	14
1205	Cot Death	14
1206	Cougar	14
1207	Cough	14
1208	Counseling	14
1209	Counselor	14
1210	Countable	14
1211	Counterfeit Goods	14
1212	Counting	14
1213	Country	14
1214	Couronne	14
1215	Course	14
1216	COVID-19	14
1217	Cow	14
1218	CPR	14
1219	Crab	14
1220	Craft	14
1221	Crash	14
1222	Create	14
1223	Creating	14
1224	Creation	14
1225	Creek	14
1226	Crevasse	14
1227	Crime	14
1228	Criminal	14
1229	Critical Reflection	14
1230	Crop	14
1231	Crop Damage	14
1232	Crop Yield	14
1233	Crossword	14
1234	Crustacean	14
1235	Cryotherapy	14
1236	Cucumber	14
1237	Culminating	14
1238	Cultivar	14
1239	Cultural	14
1240	Cultural Heritage	14
1241	Cultural Preservation	14
1242	Culturale	14
1243	Culture	14
1244	Cup	14
1245	Cure	14
1246	Currency	14
1247	Current	14
1248	Curriculum	14
1249	Cycle	14
1250	Cycle Biologique	14
1251	Cyclone	14
1252	Cytoplasm	14
1253	Dairy	14
1254	Damage	14
1255	Dance	14
1256	Danger	14
1257	Dangerous	14
1258	Data	14
1259	Database	14
1260	Date	14
1261	Dating	14
1262	Day	14
1263	Deafness	14
1264	Death	14
1265	Decay	14
1266	Dchet	14
1267	Dchirement	14
1268	Decimal	14
1269	Decision	14
1270	Decline	14
1271	Dcoloration	14
1272	Dcolor	14
1273	Decomposition	14
1274	Deductive Reasoning	14
1275	Deficiency	14
1276	Definition	14
1277	Deforestation	14
1278	Dgt	14
1279	Dehydration	14
1280	Dementia	14
1281	Democratic Republic of the Congo	14
1282	Democratic Republic of Timor-Leste	14
1283	Demographic	14
1284	Denominator	14
1285	Density	14
1286	Dental	14
1287	Dentist	14
1288	Dentistry	14
1289	Dependency	14
1290	Dependence	14
1291	Depression	14
1292	Describing	14
1293	Description	14
1294	Design	14
1295	Desert	14
1296	Desire	14
1297	Dessert	14
1298	Destruction	14
1299	Detection	14
1300	Deterioration	14
1301	Developing	14
1302	Developing Nation	14
1303	Development	14
1304	Diabetes	14
1305	Diabetic Retinopathy	14
1306	Diagnosis	14
1307	Diagnostic	14
1308	Diagram	14
1309	Dialogue	14
1310	Diarrhea	14
1311	Diarrhoea	14
1312	Diaspora	14
1313	Diastolic	14
1314	Dictionary	14
1315	Dieback	14
1316	Diet	14
1317	Digestion	14
1318	Digit	14
1319	Digital	14
1320	Dilation	14
1321	Dinner	14
1322	Dinosaur	14
1323	Diphthong	14
1324	Diplomacy	14
1325	Disability	14
1326	Disabled	14
1327	Disagreement	14
1328	Disaster	14
1329	Disaster Management	14
1330	Discussion	14
1331	Disease	14
1332	Disinfecting	14
1333	Dislike	14
1334	Disorder	14
1335	Distance	14
1336	Distribution	14
1337	Diverse	14
1338	Diversification	14
1339	Diversity	14
1340	Division	14
1341	DNA	14
1342	Doctor	14
1343	Documentary	14
1344	Dog	14
1345	Dolphin	14
1346	Dolphinfish	14
1347	Domestic	14
1348	Domestic Abuse	14
1349	Dommage	14
1350	Donkey	14
1351	Dose	14
1352	Dragon	14
1353	Drama	14
1354	Drawing	14
1355	Dream	14
1356	Drifting	14
1357	Drink	14
1358	Drinking	14
1359	Drinking Water	14
1360	Drought	14
1361	Drowning	14
1362	Drug	14
1363	Drug Abuse	14
1364	Drunk Driving	14
1365	Dry Season	14
1366	Duck	14
1367	Dynamite	14
1368	E. Coli	14
1369	Ear	14
1370	Early Childhood	14
1371	Early Reading	14
1372	Earth	14
1373	Earthquake	14
1374	Earth Science	14
1375	East	14
1376	Eastern Europe	14
1377	Eating	14
1378	Eating Habit	14
1379	E-Book	14
1380	Ecology	14
1381	Economic	14
1382	Economics	14
1383	Economising	14
1384	Economizing	14
1385	Economy	14
1386	Ecosystem	14
1387	Edible	14
1388	Editing	14
1389	Education	14
1390	Eel	14
1391	Efate Island (Vanuatu)	14
1392	Effect	14
1393	Effet	14
1394	Effort	14
1395	Egg	14
1396	Egypt	14
1397	Ejaculation	14
1398	El Nino	14
1399	Elderly	14
1400	Election	14
1401	Electrical Charge	14
1402	Electricity	14
1403	Electron	14
1404	Element	14
1405	Elementary	14
1406	Elephant	14
1407	Elevation	14
1408	Emergency	14
1409	Emission	14
1410	Emotion	14
1411	Emotional	14
1412	Employment	14
1413	Encouragement	14
1414	Endangered Species	14
1415	Energy	14
1416	Engineering	14
1417	English	14
1418	English Instruction	14
1419	Enroulement	14
1420	Entertainment	14
1421	Entrepreneurship	14
1422	Envaeromen	14
1423	Environment	14
1424	Environmental	14
1425	Environmental Impact	14
1426	Environnement	14
1427	Epicenter	14
1428	Epidemic	14
1429	Equal	14
1430	Equality	14
1431	Equation	14
1432	Equator	14
1433	Equipment	14
1434	Equivalent	14
1435	Erection	14
1436	Erosion	14
1437	ESL	14
1438	Essi	14
1439	tats fdrs de Micronsie	14
1440	Estrogen	14
1441	Ethical	14
1442	Ethics	14
1443	Ethnic Cleansing	14
1444	Eucalyptus	14
1445	Eukaryote	14
1446	Euphrates River	14
1447	Eurasia	14
1448	Europe	14
1449	European	14
1450	European Union	14
1451	Evaluation	14
1452	Even Number	14
1453	Evening	14
1454	Evolution	14
1455	Exam	14
1456	Examination	14
1457	Example	14
1458	Exercise	14
1459	Exoskeleton	14
1460	Experiment	14
1461	Explaining	14
1462	Explanation	14
1463	Exposure	14
1464	Expression	14
1465	Extinct	14
1466	Extinction	14
1467	Extract	14
1468	Extremism	14
1469	Eye	14
1470	Eyesight	14
1471	Fa'afine	14
1472	Fable	14
1473	Face	14
1474	Facebook	14
1475	Fact	14
1476	Factsheet	14
1477	Faeces	14
1478	Fafa	14
1479	Faidu	14
1480	Fale	14
1481	Falealupo	14
1482	Family	14
1483	Family History	14
1484	Famine	14
1485	Fan	14
1486	Fantasy	14
1487	Farm	14
1488	Farm Animal	14
1489	Farmer	14
1490	Farming	14
1491	Fashion	14
1492	Fat	14
1493	Father	14
1494	Fault	14
1495	Favorite	14
1496	Fear	14
1497	Feather	14
1498	Feathering	14
1499	Fecal Matter	14
1500	Feces	14
1501	Federal Democratic Republic of Ethiopia	14
1502	Federal Republic of Germany	14
1503	Federated States Of Micronesia	14
1504	Feed	14
1505	Feeding	14
1506	Feeling	14
1507	Female	14
1508	Femelle	14
1509	Feminism	14
1510	Feral	14
1511	Fern	14
1512	Fertiliser	14
1513	Fertilizer	14
1514	Fetus	14
1515	Feuille	14
1516	Fever	14
1517	Fiber	14
1518	Fibre	14
1519	Fiction	14
1520	Fig	14
1521	Fighting	14
1522	Figure	14
1523	Fill in the Blank	14
1524	Film	14
1525	Fin	14
1526	Finance	14
1527	Financial	14
1528	Fire	14
1529	Firefighter	14
1530	Firewood	14
1531	First Aid	14
1532	Fish	14
1533	Fisherman	14
1534	Fisherwoman	14
1535	Fishery	14
1536	Fishing	14
1537	Fishing Vessel	14
1538	Fitness	14
1539	Flammable	14
1540	Flement	14
1541	Flight	14
1542	Flood	14
1543	Flooding	14
1544	Floss	14
1545	Flotation	14
1546	Flower	14
1547	Flowering	14
1548	Flu	14
1549	Fluency	14
1550	Fluid	14
1551	Fluoride	14
1552	Fly	14
1553	Foetal Alcohol Syndrome	14
1554	Folktale	14
1555	Food	14
1556	Food Group	14
1557	Food Preservation	14
1558	Food Safety	14
1559	Food Security	14
1560	Foodborne Disease	14
1561	Foot	14
1562	Football	14
1563	Footprint	14
1564	Force	14
1565	Foreshock	14
1566	Foreigner	14
1567	Forest	14
1568	Forest Management	14
1569	Forestry	14
1570	Format	14
1571	Formula	14
1572	Fossil	14
1573	Fossil Fuel	14
1574	Fracking	14
1575	Fraction	14
1576	Freezing	14
1577	Frequency	14
1578	Fresh	14
1579	Freshwater	14
1580	Friend	14
1581	Friendship	14
1582	Frog	14
1583	Frost	14
1584	Fructose	14
1585	Fruit	14
1586	Fuel	14
1587	Fun	14
1588	Funding	14
1589	Fungicide	14
1590	Fungus	14
1591	Furniture	14
1592	Fusion	14
1593	Future	14
1594	Galaxy	14
1595	Game	14
1596	Ganges River	14
1597	Gangrene	14
1598	Garden	14
1599	Gardener	14
1600	Gardening	14
1601	Gas	14
1602	Gaseous	14
1603	Gastropode	14
1604	Gastropod	14
1605	Gecko	14
1606	Gender	14
1607	Gene	14
1608	Geneaology	14
1609	Generation	14
1610	Generator	14
1611	Genetic	14
1612	Genocide	14
1613	Geographical	14
1614	Geography	14
1615	Geology	14
1616	Geometry	14
1617	Geotextile	14
1618	Germ	14
1619	Germination	14
1620	Gerund	14
1621	Gestational	14
1622	Gill	14
1623	Girl	14
1624	Glass	14
1625	Glasses	14
1626	Glaucoma	14
1627	Global	14
1628	Global Warming	14
1629	Globalisation	14
1630	Globalization	14
1631	Glossary	14
1632	Glucose	14
1633	Glue	14
1634	Goal	14
1635	Goat	14
1636	God	14
1637	Goitre	14
1638	Goodbye	14
1639	Gourd	14
1640	Gout	14
1641	Government	14
1642	Grade	14
1643	Grading	14
1644	Grain	14
1645	Grammar	14
1646	Grandfather	14
1647	Grass	14
1648	Grassland	14
1649	Gravity	14
1650	Greece	14
1651	Greenhouse	14
1652	Greenhouse Effect	14
1653	Greenhouse Gas	14
1654	Greeting	14
1655	Grid	14
1656	Grief	14
1657	Grooming	14
1658	Grouper	14
1659	Groupwork	14
1660	Grow	14
1661	Growing	14
1662	Growth	14
1663	Guam	14
1664	Guessing	14
1665	Guest	14
1666	Guide	14
1667	Guidline	14
1668	Gum	14
1669	Gum Disease	14
1670	Habit	14
1671	Habitat	14
1672	Ham	14
1673	Hamburger	14
1674	Han Washinng	14
1675	Hand	14
1676	Handbook	14
1677	Hands-On	14
1678	Handwashing	14
1679	Happiness	14
1680	Harakeke	14
1681	Harbor	14
1682	Harm	14
1683	Harmful	14
1684	Harness	14
1685	Harvest	14
1686	Hatching	14
1687	Hau	14
1688	Hawaii (United States of America)	14
1689	Hawkfish	14
1690	Hazard	14
1691	Head	14
1692	Heal	14
1693	Health	14
1694	Health Benefit	14
1695	Health Care	14
1696	Health Education	14
1697	Healthy	14
1698	Hearing Impairment	14
1699	Hearing Loss	14
1700	Heart	14
1701	Heart Attack	14
1702	Heat	14
1703	Heating	14
1704	Hebdomadaire	14
1705	Hedgerow	14
1706	Hello	14
1707	Helmet	14
1708	Hemisphere	14
1709	Hepatitis	14
1710	Herb	14
1711	Hereditary	14
1712	Hermit	14
1713	Hermit Crab	14
1714	Heroin	14
1715	High Island	14
1716	Highland	14
1717	Hihifo	14
1718	Hiko	14
1719	Himalayan Mountains	14
1720	Hindi	14
1721	Hinduism	14
1722	Historical	14
1723	History	14
1724	HIV	14
1725	Hive	14
1726	Hobby	14
1727	Holiday	14
1728	Home	14
1729	Homeostasis	14
1730	Homesickness	14
1731	Homework	14
1732	Homograph	14
1733	Homophone	14
1734	Homosexual	14
1735	Honey	14
1736	Honor	14
1737	Honour	14
1738	Hoof	14
1739	Hopelessness	14
1740	Hormone	14
1741	Horror 	14
1742	Horse	14
1743	Horticulture	14
1744	Horticulturist	14
1745	Host	14
1746	Hot Air Balloon	14
1747	Hote	14
1748	House	14
1749	Household	14
1750	Housework	14
1751	Huaorani	14
1752	Huile	14
1753	Human	14
1754	Human Body	14
1755	Human Behavior	14
1756	Human Immunodeficiency Virus	14
1757	Human Right	14
1758	Humidit	14
1759	Humidity	14
1760	Humor 	14
1761	Hunger	14
1762	Hurricane	14
1763	Hybrid	14
1764	Hydration	14
1765	Hydrogen	14
1766	Hydropower	14
1767	Hygiene	14
1768	Hypertension	14
1769	Hypothesis	14
1770	Ice	14
1771	Ice Cap	14
1772	Icebreaker	14
1773	Identification	14
1774	Identifying	14
1775	Identity	14
1776	Idiom	14
1777	Igname	14
1778	Iik	14
1779	Illegal	14
1780	Imaginary	14
1781	Immigration	14
1782	Immune Disorder	14
1783	Immune Response	14
1784	Immune System	14
1785	Immunity	14
1786	Impact	14
1787	Impaired	14
1788	Improper	14
1789	Improving	14
1790	Inca	14
1791	Income	14
1792	Independence	14
1793	Independent State of Papua New Guinea	14
1794	Independent State of Samoa	14
1795	India	14
1796	Indian	14
1797	Indigenous	14
1798	Indigenous Culture	14
1799	Indigenous Land	14
1800	Indigenous People	14
1801	Indus River	14
1802	Industrial Revolution	14
1803	Industrialisation	14
1804	Industrialization	14
1805	Industry	14
1806	Inertia	14
1807	Infection	14
1808	Infestation	14
1809	Infinity	14
1810	Inflamation	14
1811	Inflammatory	14
1812	Influence	14
1813	Information	14
1814	Injury	14
1815	Ink	14
1816	Innovation	14
1817	Insect	14
1818	Insecte	14
1819	Insomnia	14
1820	Inspection	14
1821	Inspiration	14
1822	Instruction	14
1823	Instructional	14
1824	Insulin	14
1825	Insura	14
1826	Insurance	14
1827	Integer	14
1828	Integration	14
1829	Intelligence	14
1830	Interactive	14
1831	Interest	14
1832	International	14
1833	International Affairs	14
1834	International Education	14
1835	International Trade	14
1836	International Travel	14
1837	Internet	14
1838	Intervention	14
1839	Interview	14
1840	Intoxication	14
1841	Introduction	14
1842	Inutnut	14
1843	Invasian	14
1844	Invasive Species	14
1845	Invention	14
1846	Invertebrate	14
1847	Investigation	14
1848	Investment	14
1849	Ion	14
1850	Irrational	14
1851	Irregular	14
1852	Irrigation	14
1853	Islam	14
1854	Island	14
1855	Island State	14
1856	Islander	14
1857	Islet	14
1858	Isolation	14
1859	Japan	14
1860	Japanese	14
1861	Jaw	14
1862	Jazz	14
1863	Job	14
1864	Jobfish	14
1865	Joint	14
1866	Joint Pain	14
1867	Jour	14
1868	Journal	14
1869	Journalism	14
1870	Joy	14
1871	Judaism	14
1872	Judicial	14
1873	Juggling	14
1874	Juice	14
1875	Junior	14
1876	Justice	14
1877	Juvenile	14
1878	Kanokupolu	14
1879	Kaukau	14
1880	Kava	14
1881	Kidney	14
1882	Kiln	14
1883	Kindergarden	14
1884	Kinesthetic	14
1885	Kinetic Energy	14
1886	King	14
1887	Kingdom of Tonga	14
1888	Kite	14
1889	Klinlines	14
1890	Knife	14
1891	Knowledge	14
1892	Koka Tree	14
1893	Komunikebol Disis	14
1894	Korel	14
1895	Koror State (Palau)	14
1896	Kosrae State (Micronesia)	14
1897	Kosraean	14
1898	Kuiper Belt	14
1899	K	14
1900	La Nina	14
1901	Labor	14
1902	Laboratory	14
1903	Labour	14
1904	Lagoon	14
1905	Lake	14
1906	Land	14
1907	Land Management	14
1908	Land Mass	14
1909	Landfill	14
1910	Landscape	14
1911	Landscaping	14
1912	Landslide	14
1913	Language	14
1914	Language Arts	14
1915	Larva	14
1916	Larve	14
1917	Latin America	14
1918	Latino	14
1919	Latitude	14
1920	Latmikaik	14
1921	Lattice	14
1922	Laugh	14
1923	Lavatory	14
1924	Law	14
1925	Leaching	14
1926	Leader	14
1927	Leadership	14
1928	Leaf	14
1929	Leaflet	14
1930	Learner	14
1931	Learning	14
1932	Learning Sequence	14
1933	Leash	14
1934	Leg	14
1935	Legal	14
1936	Legal Right	14
1937	Legal System	14
1938	Legend	14
1939	Legislative	14
1940	Legislature	14
1941	Legume	14
1942	Lele Ruin	14
1943	Lelepa Island (Vanuatu)	14
1944	Lend	14
1945	Lens	14
1946	Lentil	14
1947	Leopard	14
1948	Leper	14
1949	Leprosi	14
1950	Lesion	14
1951	Lsion	14
1952	Lesson	14
1953	Lesson Plan	14
1954	Lesson Planning	14
1955	Letter	14
1956	Lettuce	14
1957	Level 01	14
1958	Level 02	14
1959	Level 03	14
1960	LGBTQ+	14
1961	Library	14
1962	Life	14
1963	Life Cycle	14
1964	Life Expectancy	14
1965	Life Raft	14
1966	Life Science	14
1967	Lifestyle	14
1968	Light	14
1969	Lightning	14
1970	Like	14
1971	Limbe	14
1972	Limit	14
1973	Linguistic Structure	14
1974	Lion	14
1975	Lipid	14
1976	Liquid	14
1977	Liquide	14
1978	List	14
1979	Listening	14
1980	Literacy	14
1981	Literature	14
1982	Liter	14
1983	Lithosphre	14
1984	Liver	14
1985	Livestock	14
1986	Lizard	14
1987	Llouchel	14
1988	Loan	14
1989	Local	14
1990	Local Economy	14
1991	Location	14
1992	Logic	14
1993	Longitude	14
1994	Loss	14
1995	Love	14
1996	Low Island	14
1997	Lowland	14
1998	Lunch	14
1999	Lung	14
2000	Lutte	14
2001	Lychee	14
2002	Lynx	14
2003	Lyrics	14
2004	My	14
2005	Macular Degeneration	14
2006	Macule Brune	14
2007	Maggot	14
2008	Magic	14
2009	Main Island	14
2010	Mainshock	14
2011	Maize	14
2012	Majuro (Marshall Islands)	14
2013	Makeup	14
2014	Making	14
2015	Maladie	14
2016	Malaria	14
2017	Male	14
2018	Mle	14
2019	Malnutrition	14
2020	Mammal	14
2021	Mammogram	14
2022	Management	14
2023	Mango	14
2024	Mangosteen	14
2025	Mangrove	14
2026	Manta Ray	14
2027	Mantis	14
2028	Manual	14
2029	Manure	14
2030	Map	14
2031	Mapping	14
2032	Marin	14
2033	Marine	14
2034	Market	14
2035	Marketing	14
2036	Marlin	14
2037	Marriage	14
2038	Marrow	14
2039	Marsupial	14
2040	Martial Art	14
2041	Maru	14
2042	Masculinity	14
2043	Mass	14
2044	Matching	14
2045	Material	14
2046	Maternal	14
2047	Math	14
2048	Mathematiques	14
2049	Matter	14
2050	Mature	14
2051	Maturing	14
2052	Maturit	14
2053	Maturity	14
2054	Meal	14
2055	Meal Preparation	14
2056	Measurement	14
2057	Meat	14
2058	Mecanisme	14
2059	Media	14
2060	Medical	14
2061	Medicine	14
2062	Mgot	14
2063	Melbourne (Australia)	14
2064	Meloidogyne	14
2065	Melting	14
2066	Membrane	14
2067	Memorisation	14
2068	Memorization	14
2069	Men	14
2070	Menace	14
2071	Meningitis	14
2072	Menstruation	14
2073	Mental	14
2074	Mental Disorder	14
2075	Mental Health	14
2076	Mesopotamia	14
2077	Metabolism	14
2078	Metal	14
2079	Metamorphosis	14
2080	Meteorology	14
2081	Methamphetamine	14
2082	Methane	14
2083	Method	14
2084	Microbe	14
2085	Microorganism	14
2086	Middle Ages	14
2087	Middle School	14
2088	Midwifery	14
2089	Migrant	14
2090	Migration	14
2091	Military	14
2092	Milk	14
2093	Milling	14
2094	Mine	14
2095	Mineral	14
2096	Minimisation	14
2097	Minimization	14
2098	Mining	14
2099	Minor	14
2100	Minute	14
2101	Misconception	14
2102	Missionary	14
2103	Mitosis	14
2104	Mixed	14
2105	Moisture	14
2106	Mold	14
2107	Molecule	14
2108	Mollusque	14
2109	Money	14
2110	Monitor	14
2111	Monkey	14
2112	Monocrop	14
2113	Monsoon	14
2114	Monster	14
2115	Month	14
2116	Mood	14
2117	Moon	14
2118	Morality	14
2119	Moringa	14
2120	Morning	14
2121	Mortality	14
2122	Mosquito	14
2123	Mother	14
2124	Motion	14
2125	Motion Sickness	14
2126	Motivation	14
2127	Mountain	14
2128	Mouth	14
2129	Movement	14
2130	Movie	14
2131	Mucus	14
2132	Mule	14
2133	Mullet	14
2134	Multiplication	14
2135	Muscle	14
2136	Muscular Dystrophy	14
2137	Music	14
2138	Mwein Kawa	14
2139	Mwein Nahnmwarki	14
2140	Mwein Saudeler	14
2141	Mycoplasmique	14
2142	Mystery	14
2143	Naflak	14
2144	Nanismee	14
2145	Narrative Text	14
2146	Nation	14
2147	Nationalism	14
2148	Native	14
2149	Natural	14
2150	Natural Disaster	14
2151	Natural Gas	14
2152	Natural Resource	14
2153	Nature	14
2154	Nausea	14
2155	Nautical	14
2156	Navigation	14
2157	Navy	14
2158	Nearshore Fish Aggregating Device	14
2159	Neck	14
2160	Needle	14
2161	Negation	14
2162	Negative	14
2163	Neighbor	14
2164	Neighborhood	14
2165	Nmatode	14
2166	Nematode	14
2167	Nerve	14
2168	Nervous System	14
2169	Nervousness	14
2170	Nervure	14
2171	Nesting	14
2172	Neural	14
2173	Neuron	14
2174	Neuropathy	14
2175	Neuroscience	14
2176	New Zealand	14
2177	News	14
2178	Newspaper	14
2179	NGO	14
2180	Nicotine	14
2181	Nile River	14
2182	Nipple	14
2183	Nitrogen	14
2184	Niue	14
2185	Noise	14
2186	Nomenclature	14
2187	Nonfiction	14
2188	Nonkomunikebol Disis	14
2189	Nontimber	14
2190	North	14
2191	North America	14
2192	Nose	14
2193	Noun	14
2194	Nourishment	14
2195	Nourriture	14
2196	Novel	14
2197	Nuclear	14
2198	Nucleus	14
2199	Number	14
2200	Number Line	14
2201	Numbness	14
2202	Numerator	14
2203	Nursery	14
2204	Nursing	14
2205	Nut	14
2206	Nutrient	14
2207	Nutrition	14
2208	Nymph	14
2209	Nymphe	14
2210	Obesity	14
2211	Observation	14
2212	Obsession	14
2213	Obstacle	14
2214	Occupation	14
2215	Ocean	14
2216	Ocean Acidification	14
2217	Oceania	14
2218	Octopus	14
2219	Odd Number	14
2220	uf	14
2221	Office	14
2222	Offshore	14
2223	Oil	14
2224	Oloshopa	14
2225	Olosihpa	14
2226	Olympic	14
2227	Onset and Rime	14
2228	Opportunity	14
2229	Opposite	14
2230	Optic Nerve	14
2231	Oral	14
2232	Oral Hygiene	14
2233	Orator	14
2234	Orbit	14
2235	Order	14
2236	Organ	14
2237	Organe	14
2238	Organic	14
2239	Organism	14
2240	Organisation	14
2241	Organization	14
2242	Organizing	14
2243	Orycte	14
2244	Osmosis	14
2245	Outer Island	14
2246	Overdose	14
2247	Overeating	14
2248	Ovule	14
2249	Oxidation	14
2250	Oxygen	14
2251	Ozone	14
2252	Pachaa	14
2253	Pacific	14
2254	Pacific Island	14
2255	Pacific Nation	14
2256	Pacific Ocean	14
2257	Paddle	14
2258	Pago Pago (American Samoa)	14
2259	Pain	14
2260	Paint	14
2261	Painting	14
2262	Palm	14
2263	Palme	14
2264	Pam	14
2265	Panama	14
2266	Pancreas	14
2267	Pangai	14
2268	Panther	14
2269	Pantropical	14
2270	Papaya	14
2271	Paper	14
2272	Parabolic	14
2273	Parasite	14
2274	Parent	14
2275	Park	14
2276	Parliament	14
2277	Part Of Speech	14
2278	Participating	14
2279	Participatory	14
2280	Participle	14
2281	Particle	14
2282	Partner	14
2283	Partnership	14
2284	Party	14
2285	Passive Tense	14
2286	Past	14
2287	Patch Reef	14
2288	Patent	14
2289	Pathogen	14
2290	Pattern	14
2291	Paying	14
2292	Payment	14
2293	Pe'a	14
2294	Pea	14
2295	Peace	14
2296	Pee	14
2297	Peer	14
2298	Pelagic Fish	14
2299	Peleliu	14
2300	People	14
2301	Pepper	14
2302	Percent	14
2303	Percentage	14
2304	Perennial	14
2305	Performance	14
2306	Periodic Table	14
2307	Periodical	14
2308	Permaculture	14
2309	Personal Haejin	14
2310	Personality	14
2311	Perspective	14
2312	Perte De Recolte	14
2313	Pertussis	14
2314	Pest	14
2315	Pest Control	14
2316	Pesticide	14
2317	Pet	14
2318	Pharaoh	14
2319	Phoneme	14
2320	Phonemic Awareness	14
2321	Phonetic	14
2322	Phonics	14
2323	Phonological Awareness	14
2324	Phosphate	14
2325	Photograph	14
2326	Photon	14
2327	Photosanitaire	14
2328	Photosynthesis	14
2329	Phrase	14
2330	Physical	14
2331	Physical Education	14
2332	Physical Science	14
2333	Physics	14
2334	Physiology	14
2335	Physique	14
2336	Phytosanitaire	14
2337	Picture	14
2338	Piercing	14
2339	Pig	14
2340	Pigment	14
2341	Place	14
2342	Plan	14
2343	Planet	14
2344	Plankton	14
2345	Planner	14
2346	Planning	14
2347	Plant	14
2348	Plantain	14
2349	Plantation	14
2350	Plante	14
2351	Planting	14
2352	Plaque	14
2353	Plasma	14
2354	Plastic	14
2355	Plastique	14
2356	Plat	14
2357	Plate Boundary	14
2358	Plate Tectonics	14
2359	Plateau	14
2360	Platier Rcifal	14
2361	Play	14
2362	Pleasure	14
2363	Plot	14
2364	Plume	14
2365	Plural	14
2366	Pluto	14
2367	Pneumonia	14
2368	Poaching	14
2369	Poem	14
2370	Poetry	14
2371	Pohn Kedira	14
2372	Pohnpei State (Micronesia)	14
2373	Pohnpeian	14
2374	Poison	14
2375	Poland	14
2376	Police	14
2377	Policy	14
2378	Political	14
2379	Politics	14
2380	Pollen	14
2381	Pollination	14
2382	Pollinator	14
2383	Pollution	14
2384	Polyphage	14
2385	Pondre	14
2386	Pool	14
2387	Poor	14
2388	Popular	14
2389	Population	14
2390	Population Density	14
2391	Population Distribution	14
2392	Populous	14
2393	Pore	14
2394	Pork	14
2395	Portrait	14
2396	Positive	14
2397	Positivity	14
2398	Possessive	14
2399	Poster	14
2400	Postpartum	14
2401	Post Traumatic Stress Disorder	14
2402	Potassium	14
2403	Potato	14
2404	Potential Energy	14
2405	Poultry	14
2406	Pourri	14
2407	Pourriture	14
2408	Pousser	14
2409	Poverty	14
2410	Powder	14
2411	Power	14
2412	Powerplant	14
2413	Practice	14
2414	Precaution	14
2415	Prefix	14
2416	Pregnancy	14
2417	Prehistoric Animal	14
2418	Prehistory	14
2419	Premature	14
2420	Prenatal	14
2421	Preparation	14
2422	Preparing	14
2423	Preposition	14
2424	Present	14
2425	Presentation	14
2426	Presenting	14
2427	Preservation	14
2428	Pressure	14
2429	Prevention	14
2430	Primary School	14
2431	Prime	14
2432	Prime Minister	14
2433	Privacy	14
2434	Probability	14
2435	Problem	14
2436	Procedure	14
2437	Processing	14
2438	Produce	14
2439	Product	14
2440	Production	14
2441	Professional	14
2442	Professional Development	14
2443	Proficiency	14
2444	Profile	14
2445	Profit	14
2446	Progesterone	14
2447	Progressive	14
2448	Project	14
2449	Pronoun	14
2450	Pronunciation	14
2451	Proof	14
2452	Propagation	14
2453	Proper	14
2454	Property	14
2455	Propogation	14
2456	Proportion	14
2457	Proposal	14
2458	Protection	14
2459	Protective	14
2460	Protein	14
2461	Protocol	14
2462	Proton	14
2463	Proverb	14
2464	Psychological	14
2465	Puberty	14
2466	Public	14
2467	Public Transportation	14
2468	Pulp	14
2469	Puma	14
2470	Pump	14
2471	Punctuation	14
2472	Pupate	14
2473	Pupe	14
2474	Pupil	14
2475	Purification	14
2476	Purpose	14
2477	Puzzle	14
2478	Pythagorean	14
2479	Quality	14
2480	Quantity	14
2481	Quarantine	14
2482	Question	14
2483	Questionaire	14
2484	Quirk	14
2485	Quiz	14
2486	Quote	14
2487	Quotient	14
2488	Rabbit	14
2489	Racine	14
2490	Radar	14
2491	Radiation	14
2492	Radio	14
2493	Raft	14
2494	Rain	14
2495	Rainfall	14
2496	Rainforest	14
2497	Rainwater	14
2498	Ralik	14
2499	Rape	14
2500	Rash	14
2501	Rat	14
2502	Ratak	14
2503	Rational	14
2504	Ravageur	14
2505	Reaction	14
2506	Read Along	14
2507	Reading	14
2508	Real Number	14
2509	Reciprocal	14
2510	Reclamation	14
2511	Recommendation	14
2512	Reconstruction	14
2513	Record	14
2514	Recovery	14
2515	Recycling	14
2516	Reduction	14
2517	Reed	14
2518	Reef	14
2519	Reference Tool	14
2520	Reflect	14
2521	Reflection	14
2522	Reforestation	14
2523	Reform	14
2524	Region	14
2525	Regional	14
2526	Regionalism	14
2527	Regrouping	14
2528	Regrowth	14
2529	Regulation	14
2530	Rehabilitation	14
2531	Rehearsal	14
2532	Reincarnation	14
2533	Relation	14
2534	Relationship	14
2535	Relative	14
2536	Relaxation	14
2537	Relic	14
2538	Religion	14
2539	Religious Practice	14
2540	Relocation	14
2541	Remainder	14
2542	Remedy	14
2543	Renewable	14
2544	Renewable Energy	14
2545	Repair	14
2546	Repeat	14
2547	Represent	14
2548	Representation	14
2549	Reproduction	14
2550	Reproductive Health	14
2551	Republic of Fiji	14
2552	Republic of Kenya	14
2553	Republic of Kiribati	14
2554	Republic of the Marshall Islands	14
2555	Republic of Nauru	14
2556	Republic of Palau	14
2557	Republic of Rwanda	14
2558	Republic of Seychelles	14
2559	Republic of South Sudan	14
2560	Republic of Vanuatu	14
2561	Rescue	14
2562	Research	14
2563	Resilience	14
2564	Resolution	14
2565	Resource	14
2566	Resource Guide	14
2567	Respect	14
2568	Respiratory	14
2569	Response	14
2570	Responsibility	14
2571	Restlessness	14
2572	Restoration	14
2573	Result	14
2574	Retina	14
2575	Return	14
2576	Revenue	14
2577	Review	14
2578	Revolution	14
2579	Reward	14
2580	Rheumatism	14
2581	Rhizome	14
2582	Rhyming	14
2583	Ribosome	14
2584	Rice	14
2585	Rich	14
2586	Right	14
2587	Ring	14
2588	Ripe	14
2589	Riprodaktiv Helt	14
2590	Rise	14
2591	Rising	14
2592	Risk	14
2593	Risk Factor	14
2594	Risk Management	14
2595	Ritual	14
2596	River	14
2597	RNA	14
2598	Road	14
2599	Robbery	14
2600	Rock	14
2601	Rock Island	14
2602	Rocket	14
2603	Role Play	14
2604	Romance	14
2605	Rome	14
2606	Room	14
2607	Root	14
2608	Rope	14
2609	Rose	14
2610	Rot	14
2611	Rotten	14
2612	Rounding	14
2613	Routine	14
2614	Row	14
2615	Royalty	14
2616	Rubbish	14
2617	Rubric	14
2618	Ruin	14
2619	Ruler	14
2620	Ruminant	14
2621	Rumination	14
2622	Rumor	14
2623	Running	14
2624	Runoff	14
2625	Rural	14
2626	Rusting	14
2627	Sac	14
2628	Sacred Place	14
2629	Sacrifice	14
2630	Sad	14
2631	Sadness	14
2632	Safety	14
2633	Saharan Desert	14
2634	Saine	14
2635	Salamasina	14
2636	Salesperson	14
2637	Saliva	14
2638	Salt	14
2639	Sand	14
2640	Sandalwood	14
2641	Sanitation	14
2642	Sap	14
2643	Satelite	14
2644	Scale	14
2645	Schedule	14
2646	Schizophrenia	14
2647	School	14
2648	School Fee	14
2649	Science	14
2650	Science Fiction	14
2651	Scientific	14
2652	Scientific Method	14
2653	Screening	14
2654	Screenplay	14
2655	Sea	14
2656	Sea Cucumber	14
2657	Sea Level	14
2658	Sea Level Rise	14
2659	Seafood	14
2660	Seagrass	14
2661	Season	14
2662	Seasonal	14
2663	Seaweed	14
2664	Second Language Instruction	14
2665	Secondary	14
2666	Secondary School	14
2667	Second-Hand Smoke	14
2668	Secrecy	14
2669	Secular	14
2670	Security	14
2671	Sediment	14
2672	Seed	14
2673	Seismic Wave	14
2674	Seismograph	14
2675	Self Harm	14
2676	Self-Defense	14
2677	Self-Esteem	14
2678	Self-Evaluate	14
2679	Self-Sufficiency	14
2680	Semaine	14
2681	Semiconductor	14
2682	Sense	14
2683	Sensitivity	14
2684	Sentence	14
2685	Sentence Structure	14
2686	Sequence	14
2687	Sewage	14
2688	Sewer	14
2689	Sex	14
2690	Sex Education	14
2691	Sexism	14
2692	Sexual	14
2693	Sexual Assault	14
2694	Sexual Intercourse	14
2695	Sexuality	14
2696	Sexually Transmitted Disease	14
2697	Sexually Transmitted Infection	14
2698	Seychelle	14
2699	Shade	14
2700	Shape	14
2701	Shark	14
2702	Sheep	14
2703	Sheet	14
2704	Shell	14
2705	Shelter	14
2706	Shore	14
2707	Shoreline	14
2708	Short	14
2709	Shortfilm	14
2710	Show	14
2711	Shrimp	14
2712	Shyness	14
2713	Sick	14
2714	Sign	14
2715	Signal	14
2716	Signe	14
2717	Silicon	14
2718	Silver	14
2719	Silverware	14
2720	Singing	14
2721	Singular	14
2722	Singularity	14
2723	Sister	14
2724	Size	14
2725	Skeletal System	14
2726	Skeleton	14
2727	Skill	14
2728	Skin	14
2729	Skull	14
2730	Slavery	14
2731	Sleep	14
2732	Sleeping	14
2733	Slideshow	14
2734	Smell	14
2735	Smoke	14
2736	Smoker	14
2737	Smoking	14
2738	Snail	14
2739	Snapper	14
2740	Snow	14
2741	Soap	14
2742	Soccer	14
2743	Social	14
2744	Social Interaction	14
2745	Social Isolation	14
2746	Social Issue	14
2747	Social Media	14
2748	Social Science	14
2749	Society	14
2750	Socioeconomic	14
2751	Soda	14
2752	Sodium	14
2753	Soil	14
2754	Soil Fertility	14
2755	Soil Horizon	14
2756	Soil Quality	14
2757	Solar	14
2758	Solar Radiation	14
2759	SolarSPELL	14
2760	Solar System	14
2761	Solid	14
2762	Solomon Islands	14
2763	Solute	14
2764	Solution	14
2765	Solvent	14
2766	Song	14
2767	Sore	14
2768	Sorrow	14
2769	Sound	14
2770	Source	14
2771	South	14
2772	South Africa	14
2773	South America	14
2774	South Pacific	14
2775	Sow	14
2776	Space	14
2777	Spain	14
2778	Spanish	14
2779	Speaking	14
2780	Species	14
2781	Speech	14
2782	Spelling	14
2783	Sphere	14
2784	Spoken	14
2785	Spore	14
2786	Sport	14
2787	Squash	14
2788	Stage	14
2789	Stamen	14
2790	Stand	14
2791	Staple	14
2792	Star	14
2793	Starch	14
2794	State	14
2795	Statement	14
2796	Statistic	14
2797	Steam	14
2798	Stellar	14
2799	Stem	14
2800	STEM Education	14
2801	Sterilisation	14
2802	Sterilization	14
2803	Stick	14
2804	Sticker	14
2805	Stiffness	14
2806	Stigma	14
2807	Stimulus	14
2808	Stingray	14
2809	Stock	14
2810	Stock Market	14
2811	Stop	14
2812	Storage	14
2813	Storing	14
2814	Storm Surge	14
2815	Storm	14
2816	Story	14
2817	Storyboard	14
2818	Storybook	14
2819	Storytelling	14
2820	Strategy	14
2821	Stratosphere	14
2822	Street	14
2823	Strength	14
2824	Stress	14
2825	Stressor	14
2826	Stroke	14
2827	Structure	14
2828	Student	14
2829	Student Engagement	14
2830	Study	14
2831	Studying	14
2832	Sub-Saharan Africa	14
2833	Subdue	14
2834	Subject	14
2835	Subsistance Farming	14
2836	Subsistance Fishing	14
2837	Subsistance Living	14
2838	Subsoil	14
2839	Substance Abuse	14
2840	Subtraction	14
2841	Subtropic	14
2842	Succession	14
2843	Sugar	14
2844	Sugarloaf	14
2845	Suicide	14
2846	Summary	14
2847	Summation	14
2848	Sun	14
2849	Sunflower	14
2850	Sunlight	14
2851	Superlative	14
2852	Supply Kit	14
2853	Support	14
2854	Survey	14
2855	Survival	14
2856	Sustainability	14
2857	Sustainable	14
2858	Suva City (Fiji)	14
2859	Swamp	14
2860	Sweat	14
2861	Sweet	14
2862	Swelling	14
2863	Sydney (Australia)	14
2864	Syllable	14
2865	Symptom	14
2866	Symptme	14
2867	Synapse	14
2868	Synergy	14
2869	Synonym	14
2870	Synthesis	14
2871	System	14
2872	Systolic	14
2873	Taboo	14
2874	Tache	14
2875	Tadpole	14
2876	Tafa	14
2877	Tail	14
2878	Tale	14
2879	Talking	14
2880	Tama-A-Le-Lagi	14
2881	Tamarind	14
2882	Tap	14
2883	Tapu	14
2884	Taro	14
2885	Taste	14
2886	Tattoo	14
2887	Taualunga	14
2888	Tax	14
2889	Taxonomy	14
2890	Te Fale	14
2891	Tea	14
2892	Teacher	14
2893	Teaching	14
2894	Teaching Resource	14
2895	Teamwork	14
2896	Tear	14
2897	Teatfish	14
2898	Technical	14
2899	Technique	14
2900	Technology	14
2901	Tectonic Plate	14
2902	Teenager	14
2903	Teeth	14
2904	Telephone	14
2905	Television	14
2906	Temperature	14
2907	Tendon	14
2908	Tense	14
2909	Term	14
2910	Territory of the Wallis and Futuna Islands (France)	14
2911	Terror	14
2912	Terrorism	14
2913	Textbook	14
2914	Textile	14
2915	Texting	14
2916	Thailand	14
2917	The Taue Fupiu	14
2918	Theme	14
2919	Therapeutic	14
2920	Therapy	14
2921	Thermodynamic	14
2922	Thinking	14
2923	Thunder	14
2924	Tidal Surge	14
2925	Tide	14
2926	Tiger	14
2927	Tigris River	14
2928	Timber	14
2929	Time	14
2930	Time Zone	14
2931	Tissue	14
2932	Tobacco	14
2933	Toddler	14
2934	Toe	14
2935	Togusra	14
2936	Toilet	14
2937	Toimata Fakafitifenua	14
2938	Toki	14
2939	Tokosra	14
2940	Tomate	14
2941	Tomato	14
2942	Tomorrow	14
2943	Tongatapu	14
2944	Tool	14
2945	Tooth	14
2946	Toothpaste	14
2947	Tornado	14
2948	Torture	14
2949	Tourism	14
2950	Toxic	14
2951	Toxin	14
2952	Toy	14
2953	Trachea	14
2954	Trade	14
2955	Trade Winds	14
2956	Tradition	14
2957	Traditional	14
2958	Traditional Custom	14
2959	Training	14
2960	Trait	14
2961	Transfer	14
2962	Transgender	14
2963	Translation	14
2964	Transmission	14
2965	Transport	14
2966	Transportation	14
2967	Trauma	14
2968	Travel	14
2969	Treat	14
2970	Treatable	14
2971	Treating	14
2972	Treatment	14
2973	Tree	14
2974	Trend	14
2975	Triage	14
2976	Triangle	14
2977	Trigonometry	14
2978	Trilithon	14
2979	Trilothon	14
2980	Tronc	14
2981	Tropic	14
2982	Tropical	14
2983	Trou	14
2984	Truancy	14
2985	Trunk	14
2986	Tsunami	14
2987	Tuber	14
2988	Tubercule	14
2989	Tuberculosis	14
2990	Tu'i Ha'atakalaua	14
2991	Tuna	14
2992	Tunnel	14
2993	Turbine	14
2994	Turmeric	14
2995	Turtle	14
2996	Tuvalu	14
2997	Type 1	14
2998	Type 2	14
2999	Type	14
3000	Typhoid	14
3001	Typhoon	14
3002	Uab	14
3003	Uchererak	14
3004	Ultraviolet Radiation	14
3005	Uncountable	14
3006	Understanding	14
3007	Underwater	14
3008	Unemployment	14
3009	Unhealthy	14
3010	Unit	14
3011	United Kingdom	14
3012	United Nations	14
3013	United Republic of Tanzania	14
3014	United States of America	14
3015	Universe	14
3016	Unprotected Sex	14
3017	Upolu	14
3018	Urban	14
3019	Urbanisation	14
3020	Urbanization	14
3021	Urethra	14
3022	Urinary	14
3023	Urine	14
3024	Usage	14
3025	Utility	14
3026	Utilisation	14
3027	Utilization	14
3028	Vaccination	14
3029	Vaccine	14
3030	Value	14
3031	Vanilla	14
3032	Vapor	14
3033	Variability	14
3034	Vector	14
3035	Veganism	14
3036	Vegetable	14
3037	Vegetal	14
3038	Vegetarianism	14
3039	Vegetation	14
3040	Vegetative	14
3041	Vegetaux	14
3042	Vein	14
3043	Ventilation	14
3044	Verb	14
3045	Verre	14
3046	Vertebrae	14
3047	Vessel	14
3048	Veterinarian	14
3049	Veterinary Medicine	14
3050	Vibration	14
3051	Video	14
3052	Village	14
3053	Violation	14
3054	Violence	14
3055	Virus	14
3056	Vision	14
3057	Vision Loss	14
3058	Visual	14
3059	Visual Impairment	14
3060	Vitamin	14
3061	Vocabulary	14
3062	Vocational	14
3063	Voice	14
3064	Volcanic Eruption	14
3065	Volcano	14
3066	Vomiting	14
3067	Vowel	14
3068	Voyage	14
3069	Vulnerable	14
3070	Walking	14
3071	Wallet	14
3072	Walu Bay (Fiji)	14
3073	War	14
3074	Warming	14
3075	Warning	14
3076	Warrior	14
3077	Wash	14
3078	Washing	14
3079	Waste	14
3080	Waste Management	14
3081	Water	14
3082	Waterborne Disease	14
3083	Water Cycle	14
3084	Water Management	14
3085	Water Quality	14
3086	Water Security	14
3087	Water Treatment	14
3088	Watering	14
3089	Watershed	14
3090	Waterway	14
3091	Wave	14
3092	Wealth	14
3093	Weapon	14
3094	Weather	14
3095	Weeding	14
3096	Week	14
3097	Weevil	14
3098	Weight	14
3099	Welcome	14
3100	Wellbeing	14
3101	Well	14
3102	Wellness	14
3103	West	14
3104	West Pacific	14
3105	Western Europe	14
3106	Wet Season	14
3107	Wetland	14
3108	Wheat	14
3109	Whole	14
3110	Whole Grain	14
3111	Widow	14
3112	Wild	14
3113	Wilderness	14
3114	Wildlife	14
3115	Wind	14
3116	Wind Power	14
3117	Windbreak	14
3118	Women	14
3119	Wood	14
3120	Word	14
3121	Word Problem	14
3122	Word Skill	14
3123	Wordbank	14
3124	Workbook	14
3125	Worker	14
3126	Workforce	14
3127	Working	14
3128	Workout	14
3129	Workplace	14
3130	Worksheet	14
3131	World	14
3132	World Heritage	14
3133	Worm	14
3134	Wound	14
3135	Wrasse	14
3136	Writer	14
3137	Writing	14
3138	Yam	14
3139	Yap State (Micronesia)	14
3140	Yapese	14
3141	Yield	14
3142	Young	14
3143	Youth	14
3144	Zone	14
3145	Zoning	14
3146	Zoo	14
3147	Activity	14
3148	Article	14
3149	Audio	14
3150	Audio Book	14
3151	Book	14
3152	Curriculum	14
3153	Fact Sheet	14
3154	Guide	14
3155	Lesson Plan	14
3156	Map	14
3157	Presentation	14
3158	Lecture	14
3159	Syllabus	14
3160	Test	14
3161	Textbook	14
3162	Video	14
3163	Song	14
3164	Report	14
3165	Manual	14
3166	Image(s)	14
3167	Primary Student	14
3168	Secondary Student	14
3169	Instructor	14
3170	Peace Corps Volunteer	14
3171	Community Member	14
3172	Nursing Student	14
3173	Midwifery Student	14
3174	Medical Student	14
3175	Dentistry Student	14
3176	Chuukese	14
3177	Spanish	14
3178	French	14
3179	Amharic	14
3180	Kiswahili	14
3181	Bislama	14
3182	Chuukese	14
3183	Nuer	14
3184	Arabic	14
3185	English	14
3186	Feed	14
3187	Fisheries	14
3188	Large Animal	14
3189	Paravet Training	14
3190	Small Animal	14
3191	Agroforestry	14
3192	Cultivation	14
3193	Irrigation	14
3194	Soil	14
3195	Food processing & storage	14
3196	Nutrition	14
3197	Business Management	14
3198	Gender	14
3199	Postharvest	14
3200	Aquaculture	14
3201	Capture Fisheries	14
3202	Pre-production Practices	14
3203	Climate-Smart Practices	14
3204	Crops	14
3205	Disease Identification	14
3206	Pests	14
3207	Fertilizer	14
3208	Practices	14
3209	Beekeeping	14
3210	Mushrooms	14
3211	Permaculture	14
3212	Tillage Techniques	14
3213	Transplanting & Bed Making	14
3214	Poultry	14
3215	Goats	14
3216	Rabbits	14
3217	Arts	18
3218	Educational Tools	18
3219	Health and Safety	18
3220	Information Literacy and Digital Literacy	18
3221	Language and Reading	18
3222	Local Resources	18
3223	Math	18
3224	Science	18
3225	Social Studies	18
3226	Animal Health	18
3227	Coffee Production	18
3228	Educational Tools	18
3229	Environmental Health	18
3230	Human Health	18
3231	Rural Income Generating Activities	18
3232	Basic Sciences and Anatomy/Physiology	18
3233	Community and Public Health	18
3234	Country Specific Information	18
3235	Dentistry	18
3236	Diagnostic Tests and Laboratory	18
3237	Emergency Care	18
3238	General Medicine	18
3239	General Surgery	18
3240	Mental Health	18
3241	Pediatrics	18
3242	Pharmacology	18
3243	Research Methods, Guidelines, and Protocols	18
3244	Standards of Practice and Patient Care	18
3245	Women's Health and Midwifery	18
3246	Education	18
3247	Manuals	18
3248	References	18
3249	Training	18
3250		18
3251	 	18
3252	 	18
3253	     	18
3254		18
3255	 	18
3256		18
3257	 	18
3258	 	18
3259	Les arts	18
3260	Les mathmatiques	18
3261	Outils scolaire	18
3262	La sant et la scurit	18
3263	Langue et lecture	18
3264	Ressources locales	18
3265	Histoire et gographie	18
3266	Matrise du numrique et de l'information	18
3267	Artes	18
3268	Ciencia	18
3269	Matemticas	18
3270	Estudios sociales	18
3271	Lenguaje y lectura	18
3272	Recursos locales	18
3273	Alfabetizacin informacional y digital	18
3274	Sustentabilidad	18
3275	Salud y seguridad	18
3276	Recursos educativos	18
3277	Academia	14
3278	Pacific Islands Collection	20
3279	East Africa Collection	20
3280	Voice of America	15
3281	Voice of America	21
3283	Latin America Collection	20
3282	French Educational Collection	20
3284	English Educational Collection	20
3285	Agricultural Collection	20
3287	Activity	16
3289	Blue	14
3290	Bleu	14
3291	SIL Cameroon	21
3292	Chou Kain Godfrey	15
3293	Kristine Roth Trammell	15
3294	Anna Galant	15
3295	MBANJI Bawe Ernest	15
3296	Trash	14
3297	English	13
3298	Book	16
3299	Sustainability	18
3300	Environmental Sustainability	14
3301	MissionAssist	21
3302	milk	14
3303	Seedling	14
3304	World Bank	21
3306	Watering Seeds	14
3307	SIL International	21
3308	Hen	14
3309	Eggs	14
3310	small animal	14
3312	Image	16
3313	Andreas Schmidttner	21
3315	French	13
3316	Article	16
3317	Can be shared for educational purposes only.	19
3318	Li Hongwen	15
3319	Xie Mei	15
3320	He Jin	15
3322	Wepal	21
3323	Wepal	15
3324		14
3325		14
3326	Arabic	13
3327	Nepal	21
3328	Nepal	15
3329		14
3330		14
3332	SlideShow	16
3335	   	15
3336	question letters	14
3337	question words	14
3338	Saudi OER Network	21
3340	Middle East Collection	20
3341	Letters	14
3342	    	18
3343	    	14
3344	    	14
3345		14
3346	 	14
3347		14
3348	   	15
3349	Public Education Administration in Al Ahsa province	21
3354		14
3355		14
3361	.  	15
3311	Frederick K. Lutgens	15
3362	.  	15
3363	.  	15
3364	.  	15
3288	Fact Sheet	16
3356	Caitlin Finlayson	15
3357	Hannah Ritchie and Max Roser	15
3358	wepal	21
3360	 	15
3365	.  	15
3366	  	14
3367	 	14
3368	Technology book for 9th Grade    	18
3369	Technology	18
3370		18
3371	   	14
3372		14
3373		14
3374	Grade 9	14
3375	.  	15
3376	   	14
3377	Grade 9 Exam	14
3378	.  	15
3379	. 	15
3380	.  	15
3381	Math Exam	14
3382	.  	15
3383	Secondary Students	14
3385	Lenkeit-Meezan	15
3388	   	14
3389		14
3390		14
3391	.   	15
3392	  	15
3393	  	15
3394	 	15
3395	Cherlet, M., Hutchinson, C., Reynolds, J., Hill, J., Sommer, S., von Maltitz, G.	15
3396	Ti Lam	15
3397	Philosophy	14
3398	Religious Studies	14
3399	Metaphysics	14
3400	K. Allison Lenkeit-Meezan	15
3401	Physical Geography	14
3402	University of Minnesota	15
3403	Olga Nka	15
3404	Ivanova Fotso	15
3405	Abby Grace	15
3406	David Nka	15
3407	Nelly Krist	15
3408	Sant	14
3409	Scurit	14
3410	sant communautaire et publique	14
3411	Sant et dveloppement des adolescents	14
3412	Franais	13
3414	lve du secondaire	17
3415	lve du primaire	17
3416	Hazel Large	15
3417	Jacob Guindo	15
3419	SIL LEAD	21
3420	Matthew J. Van Cleave	15
3421	Sunando C	15
3422	Adolescent and Community Health	18
3423	Adolescent and Community Health	14
3424	le ministre de la Sant de La Ribera	15
3425	violence sexiste	14
3426	violence sexuelle	14
3427	prvention de la violence	14
3428	Sant des adolescents et de la communaut	14
3429	SIL Cameroun	21
3430	Carol Smith	15
3431	Chloe Liang	15
3432	Shelby Smith	15
3433	Confrence Intercantonale de l'Instruction Publique de la Suisse Romande et du Tessin (CIIP)	21
3434	Confrence Intercantonale de l'Instruction Publique de la Suisse Romande et du Tessin (CIIP)	15
3435	La Dcolonisation	14
3436	Decolonization	14
3437	20e sicle	14
3438	19e sicle	14
3440	new Creator	15
3443	new new creator	15
3444	art	14
3445	science	14
3446	Pratham Books	21
3447	Kanchan Bannerjee	15
3448	Northeast Syria Collection	20
3449	Grade 09	14
3450	Video	16
3451	Chemistry Book For 10th Grade	14
3452	Chemistry	14
3453	Human Body Parts	14
3454	body	14
3455	 	14
3456		14
3457		14
3458	Technology book for 9th Grade	14
3459	.  	15
3460	    	14
3461	 	14
3462	Arabic Language	14
3463	Math Book for First Grade	14
3464	   	14
3465	math	14
3466	.  	15
3467	.  	15
3468	.  	15
3469	.  	15
3470	.  	15
3471	.  	15
3472	. 	15
3473	English for Palestine for First Grade	14
3474	    	14
3475	  	14
3476	 	14
3477	Ministry of Education in Palestine	15
3478	Birzeit University	15
3479	Bethlehem University	15
3481	Aarthi Parthasarathy	15
3482	Rai	15
3483	Nouda Nasser	15
3484	motorcycle	14
3485	 	14
3486	 	14
3487	bicycle	14
3488	new new new creator	15
3489	The mode	14
3490	bata	14
3491	Ursula Nafula	15
3492	Jesse Pietersen	15
3493	Heba Tesheh	15
3494	Plants	14
3495		14
3496		14
3497	Trees	14
3498		14
3499		14
3500	school	14
3501		14
3502		14
3503	story	18
3504		18
3505	Level 04	14
3506	Textbook	16
3509		17
3510	 	17
3511	 	17
3512	Palm Tree	14
3513		14
3514		14
3515	Ministry of Education of the Kindgdom of Bahrain	21
3516	Asmaa Mahmoud	15
3517	Qadriyah Abdullah	15
3518	 	18
3519	 	18
3523	 	14
3524		14
3525	Arabic letters	14
3526	 	14
3527	 	14
3528	 	14
3529		14
3530	 	14
3531	 	14
3533	 	14
3534		14
3535	Microsoft	21
3536		14
3537		14
3538		14
3539		14
3540		14
3541	 	14
3542	 	14
3543	Grade 01	14
3544	Microsoft	15
3545		17
3546	 	17
3547		17
3548		17
3549	 	13
3550		16
3551	third grade	14
3552	   	14
3553		14
3554		14
3555	.   	15
3556	.  	15
3557	.  	15
3558	.  	15
3559	.  	15
3560	.  	15
3561	.  	15
3562	L'cole de l'galit	21
3563	L'cole de l'galit	15
3564	.    	15
3565	  ..  	15
3566	.  	15
3567	.  	15
3568	.  	15
3569	 	14
3570	 	14
3571	 	14
3572	Islamic Education	14
3573	Islamic	14
3574	Franais	14
3575	Les sciences humaines	18
3576	La science de la nature	18
3577		17
3583	Secondary Education	14
3584	Digital Literacy	14
3585		13
3586	 	14
3587	 	14
3588	linux	14
3589	Microsoft	14
3590	Microsoft Windows	14
3591	Mac	14
3592	Mac OS	14
3593		14
3594		14
3595	Operating System	14
3596	Files	14
3597	Folders	14
3598	Create Folder	14
3599		14
3600		14
3601		14
3602		14
3603	right click	14
3604	left click	14
3605	click	14
3606		14
3607		14
3608		14
3609	mouse	14
3610	 	14
3611	Windows	14
3612		14
3613	United Nations Entity for Gender Equality and the Empowerment of Women	15
3614	Manuela Molina	15
3615	Ministre charg de lducation nationale	15
3616	La violence sexiste	18
3617	la violence sexuelle	18
3618	la sant et la scurit	18
3619	Egalit Femmes Hommes	15
3620	JeDene Reeder	15
3621	Agbok Foussni	15
3622	SIL West Africa	21
3623	sant et scurite	18
3624	l'alimentation et la nutrition	18
3625	sant et scurit	18
3628	la prvention des maladies	14
3629	sant	14
3630	sant publique	14
3631	la violence sexuelle	14
3632	la violence de genre	14
3633	la prvention	14
3634	sant et scurit	14
3635	la violence de genre	18
3636	alimentation	14
3637	l'alimentation	14
3638	la nutrition	14
3639	les fruits	14
3640	les lgumes	14
3641	la sant d'enfants	14
3642	pandmie	14
3643	la violence	14
3644	ducation	18
3645	History and Geography	18
3646	Ecology	18
3647	cologie	18
3648	cologie	14
3649	Confrence intercantonale de l'instructionpublique de laSuisse romande et duTessin (CIIP)	15
3650	Confrence intercantonale de l'instructionpublique de laSuisse romande et duTessin (CIIP)	21
3651	Nandita Jayaraj	15
3652	Upamanyu Bhattacharyya	15
3653	Maysan Elmaandy	15
3654		14
3655		14
3656		14
3657	Trip	14
3658		14
3659	story	14
3660	Sarat Talluri Rao	15
3661	Aratrika Choudhury	15
3662	Yasmeen Aboujabal	15
3663		14
3664	Friends	14
3665		14
3666	Menaka Raman	15
3667	Anjora Noronha	15
3668	Osama Al-Ajarmeh	15
3669		14
3670		14
3671	level 04	14
3672	Atoms	14
3673	Black Hole	14
3674	 	14
3675		14
3676		14
3677		14
3678	space	14
3679	planets	14
3680		14
3681		14
3682	Ananya Dasgupta	15
3683	Chaaya Prabhat	15
3684	Alyaa Alhetmi	15
3685	Madhurima Chakraborty	15
3686	Kris Stokes	15
3687	Gaurav Wakankar	15
3688	Abolhajjaj Bashir	15
3689	internet	14
3690		14
3691	 	14
3692	Science fiction	14
3693	phone	14
3694		14
3695	Bad	14
3696	Jeyanthi Manokaran	15
3697	Chipko	14
3698		14
3699		14
3700	trees	14
3701	forests	14
3702		14
3703		14
3704	Eiman BuJassom	15
3706	Vani Vasudev	15
3707	Samidha Gunjal	15
3708		14
3709	sewage	14
3710	adventure	14
3711	underground	14
3712	 	14
3713	  	14
3714		14
3715		14
3716	Olivia Fraser	15
3717	Sarah Abuhejleh	15
3718		14
3719	 	14
3720		14
3721	Doaa Mohaisen	15
3722	flying	14
3723	cockpit	14
3724	 	14
3725		14
3726		14
3727	Anil Menon	15
3728	necklace	14
3729	science fiction	14
3730	magic	14
3731		14
3732		14
3733	Anna Gallant	15
3734	les enfants	14
3735	Bawe Ernest	15
3736	l'exercise	14
3737	l'exercice	14
3738	l'activit physique	14
3739	l'eau potable	14
3740	hydratation	14
3741	MIT	21
3742	MIT	15
3744	       	14
3745	 	14
3746	 	14
3747	Classifying animals by appearance vs dna sequence	14
3748	350.org	21
3749	350.org	15
3750	PDF	33
3751	background	14
3752	color	14
3753	change background	14
3754		14
3755	 	14
3756		14
3757		14
3758		14
3760	Cortana	14
3761	Perosnal Assistant	14
3762		14
3763	App	14
3764		14
3765		14
3766		14
3767		14
3768		14
3769	Settings	14
3770		14
3771		14
3772		14
3773		14
3774		14
3775	 	14
3776	keyboard	14
3777	Brightness	14
3778	Adjust	14
3779	Mouse	14
3780	MP4	33
3781	MP3	33
3782	sucre	14
3783	les sucres	14
3784	les graisses	14
3785	Agence Sanitaire et Sociale de la Nouvelle-Caldonie	15
3786	sel cache	14
3787	Ministre de la Sant	15
3788	Orange Foundation	21
3789	Orange Foundation	15
3790	 	17
3791	medicines	14
3792		14
3793		14
3794	Discovering	14
3795	robots	14
3796		14
3797		14
3798	fr	16
3799	fr	20
3800	mic	21
3801	Microsoft Store	14
3802	 	14
3803	Painter	14
3804	Microsft Word	14
3805	Microsoft Word	14
3806		14
3807		14
3808	 	14
3809	Notepad	14
3810	biotechnology	14
3811	 	14
3812	 	14
3813	clean up the environment	14
3814	environment	14
3815	Methods for protein purification	14
3816	  	14
3817	 	14
3818	protein	14
3819	purification	14
3820	  	14
3821	environmental resources	14
3822	plants	14
3823	 	14
3824		14
3825		14
3826	Roots shoots	14
3827	wood	14
3828	 	14
3829	The construction of proteins	14
3830	proteins	14
3831		14
3832	 	14
3833	diabetes	14
3834	 	14
3835		14
3836	olive	14
3837	  	14
3838		14
3839	 	14
3840	The respiratory system of birds	14
3841	birds	14
3842	 	14
3843	sand	14
3844	wind	14
3845		14
3846		14
3847	Educapasifika	21
3848	USB	14
3849	Flash Drive	14
3850	 	14
3851	  	14
3852	  	14
3853	Wireless	14
3854	Wireless Headphone	14
3855	Wireless mouse	14
3856	Wireless keyboard	14
3857	Bluetooth	14
3858		14
3859		14
3860	 	14
3861	 	14
3862	  	14
3863	Corona	14
3864	instructor	17
3865	instruction	14
3866	coronavirus	14
3867	Anglihel Books	14
3868	English Literature	14
3869	Eutrophication	14
3870	OpenLearn	14
3871	People Skills	14
3872	Wifi	14
3873		14
3874		14
3875	Connection	14
3876	Connecting	14
3877		14
3878		14
3879		14
3880		14
3881	 	14
3882	Deaccession	18
3883		14
3884		14
3885		14
3886	Online Shopping	14
3887	Shopping	14
3888	Safe Shopping	14
3889	 	14
3890		14
3891		14
3892		14
3893	 	14
3894	 	14
3895	  	14
3896	  	14
3897		14
3898		14
\.


--
-- Data for Name: backend_metadatatype; Type: TABLE DATA; Schema: public; Owner: postgres
--

COPY public.backend_metadatatype (id, name) FROM stdin;
13	Language
14	Keywords
15	Creator
16	Resource Type
17	Audience
18	Subject
19	Rights Statement
20	Collection Type
21	Copyright Holder
33	Format
\.


--
-- Data for Name: backend_organization; Type: TABLE DATA; Schema: public; Owner: postgres
--

COPY public.backend_organization (id, name, email, website) FROM stdin;
3	Voice of America	voa@voa.org	www.voa.org
5	Sikana	simon@sikana.tv	https://www.sikana.tv/en
8	Saudi OER Network	nelc.sm@elc.edu.sa	https://shms.sa/
9	L'cole de l'galit	contact@egalite.ch	https://egalite.ch/
10	Canop	partenariats@reseau-canope.fr	https://www.reseau-canope.fr/
11	Dr Erma Hermens	N/A	https://www.researchgate.net/profile/Erma-Hermens
13	Fachwerk	denkmalpflege@be.ch	https://www.fachwerk.erz.be.ch/plattform-fuer-unterrichtsmaterialien-und-publikationen-der-kantonalen-denkmalpflege/
15	Confrence intercantonale de l'instruction publique de la Suisse romande et du Tessin (CIIP)	Jacques.Deboeuf@ne.ch	https://www.ciip.ch/
18	Sant Publique Ottawa	N/A	https://www.lelienottawa.ca/fr/mental-health/mental-health.aspx
20	Pan African Conservation Education - PACE	PACE@tusk.org	https://www.paceproject.net/
\.


--
-- Data for Name: backend_profile; Type: TABLE DATA; Schema: public; Owner: postgres
--

COPY public.backend_profile (id, user_id) FROM stdin;
2	2
21	21
22	22
20	20
14	14
3	3
4	4
1	1
10	10
13	13
5	5
19	19
18	18
12	12
7	7
9	9
15	15
16	16
17	17
8	8
\.


--
-- Data for Name: django_admin_log; Type: TABLE DATA; Schema: public; Owner: postgres
--

COPY public.django_admin_log (id, action_time, object_id, object_repr, action_flag, change_message, content_type_id, user_id) FROM stdin;
1	2022-01-12 13:14:41.698024-07	1	Google OAuth	1	[{"added": {}}]	11	1
2	2022-01-12 13:15:23.975495-07	2	pavithra_devi	2	[{"changed": {"fields": ["Groups", "User permissions"]}}]	4	1
3	2022-01-12 15:13:07.714185-07	3	zeinab	2	[{"changed": {"fields": ["Groups", "User permissions"]}}]	4	1
4	2022-01-21 15:51:36.520441-07	4	sara	2	[{"changed": {"fields": ["Groups"]}}]	4	1
5	2022-02-02 13:02:59.386818-07	6	benjamin	3		4	1
6	2022-02-02 13:04:02.155942-07	7	benjamin_harvey	2	[{"changed": {"fields": ["Groups"]}}]	4	1
7	2022-02-02 13:04:27.36028-07	7	benjamin_harvey	2	[]	4	1
8	2022-02-02 13:04:30.84229-07	7	benjamin_harvey	2	[]	4	1
9	2022-02-02 13:04:42.413513-07	5	katie	2	[{"changed": {"fields": ["Groups"]}}]	4	1
10	2022-02-04 15:35:39.584258-07	8	colby	2	[{"changed": {"fields": ["Groups"]}}]	4	1
11	2022-02-04 15:52:03.417653-07	8	colby	2	[]	4	1
12	2022-02-04 15:52:09.75827-07	7	benjamin_harvey	2	[]	4	1
13	2022-02-04 15:52:49.12491-07	8	colby	2	[]	4	1
14	2022-02-08 15:46:35.840108-07	3	zeinab	2	[{"changed": {"fields": ["Groups"]}}]	4	1
15	2022-02-08 15:50:41.896771-07	3	zeinab	2	[{"changed": {"fields": ["User permissions"]}}]	4	1
16	2022-02-08 16:06:52.937901-07	3	zeinab	2	[{"changed": {"fields": ["Groups", "User permissions"]}}]	4	1
17	2022-02-09 13:22:47.184843-07	10	christopher	2	[{"changed": {"fields": ["Groups"]}}]	4	1
18	2022-02-09 15:24:46.939219-07	11	mohamad	2	[{"changed": {"fields": ["Groups"]}}]	4	1
19	2022-02-09 15:24:53.876454-07	11	mohamad	2	[]	4	1
20	2022-02-09 15:25:03.872397-07	9	mosab	2	[{"changed": {"fields": ["Groups"]}}]	4	1
21	2022-02-09 17:05:36.813789-07	10	christopher	2	[]	4	1
22	2022-02-09 17:05:48.346977-07	12	mohamad1	2	[{"changed": {"fields": ["Groups"]}}]	4	1
23	2022-02-09 17:05:56.644309-07	11	mohamad	3		4	1
24	2022-02-09 17:06:03.88652-07	9	mosab	2	[]	4	1
25	2022-02-15 10:24:54.326099-07	9	mosab	2	[]	4	1
26	2022-02-15 13:28:47.453611-07	15	christine	2	[{"changed": {"fields": ["Groups"]}}]	4	1
27	2022-02-15 13:48:31.142207-07	15	christine	2	[]	4	1
28	2022-02-21 10:59:50.067088-07	15	christine	2	[]	4	1
29	2022-02-21 14:33:06.20795-07	13	pavithra_devi8	2	[{"changed": {"fields": ["Groups"]}}]	4	1
30	2022-02-24 18:39:18.416329-07	16	mary	2	[{"changed": {"fields": ["Groups"]}}]	4	1
31	2022-03-07 10:26:57.659125-07	17	marwa	2	[{"changed": {"fields": ["Groups"]}}]	4	1
32	2022-04-14 18:48:39.192185-07	13	pavithra_devi8	2	[{"changed": {"fields": ["Groups"]}}]	4	1
33	2022-04-18 11:02:36.593202-07	13	pavithra_devi8	2	[{"changed": {"fields": ["Groups"]}}]	4	1
34	2022-05-24 10:54:59.401071-07	22	hugo	2	[{"changed": {"fields": ["Groups"]}}]	4	1
35	2022-06-08 20:58:24.45702-07	13	pavithra_devi8	2	[{"changed": {"fields": ["Groups"]}}]	4	1
\.


--
-- Data for Name: django_content_type; Type: TABLE DATA; Schema: public; Owner: postgres
--

COPY public.django_content_type (id, app_label, model) FROM stdin;
1	admin	logentry
2	auth	permission
3	auth	group
4	auth	user
5	contenttypes	contenttype
6	sessions	session
7	sites	site
8	account	emailaddress
9	account	emailconfirmation
10	socialaccount	socialaccount
11	socialaccount	socialapp
12	socialaccount	socialtoken
13	backend	metadatatype
14	backend	metadata
15	backend	content
16	backend	profile
17	backend	organization
18	backend	copyrightpermission
\.


--
-- Data for Name: django_migrations; Type: TABLE DATA; Schema: public; Owner: postgres
--

COPY public.django_migrations (id, app, name, applied) FROM stdin;
1	contenttypes	0001_initial	2022-01-12 12:52:11.217445-07
2	auth	0001_initial	2022-01-12 12:52:11.297081-07
3	account	0001_initial	2022-01-12 12:52:11.437708-07
4	account	0002_email_max_length	2022-01-12 12:52:11.482891-07
5	admin	0001_initial	2022-01-12 12:52:11.515935-07
6	admin	0002_logentry_remove_auto_add	2022-01-12 12:52:11.546276-07
7	admin	0003_logentry_add_action_flag_choices	2022-01-12 12:52:11.562735-07
8	contenttypes	0002_remove_content_type_name	2022-01-12 12:52:11.593908-07
9	auth	0002_alter_permission_name_max_length	2022-01-12 12:52:11.603947-07
10	auth	0003_alter_user_email_max_length	2022-01-12 12:52:11.62058-07
11	auth	0004_alter_user_username_opts	2022-01-12 12:52:11.637389-07
12	auth	0005_alter_user_last_login_null	2022-01-12 12:52:11.656857-07
13	auth	0006_require_contenttypes_0002	2022-01-12 12:52:11.661208-07
14	auth	0007_alter_validators_add_error_messages	2022-01-12 12:52:11.676456-07
15	auth	0008_alter_user_username_max_length	2022-01-12 12:52:11.700789-07
16	auth	0009_alter_user_last_name_max_length	2022-01-12 12:52:11.717415-07
17	auth	0010_alter_group_name_max_length	2022-01-12 12:52:11.733463-07
18	auth	0011_update_proxy_permissions	2022-01-12 12:52:11.750154-07
19	backend	0001_initial	2022-01-12 12:52:11.813632-07
20	backend	0002_auto_20210629_1242	2022-01-12 12:52:11.963481-07
21	backend	0003_content_reviewed	2022-01-12 12:52:11.976186-07
22	backend	0004_auto_20210713_1440	2022-01-12 12:52:12.005838-07
23	backend	0005_content_hash	2022-01-12 12:52:12.019043-07
24	backend	0006_auto_20210719_1214	2022-01-12 12:52:12.047176-07
25	backend	0007_auto_20210721_1421	2022-01-12 12:52:12.063456-07
26	backend	0008_auto_20210728_1328	2022-01-12 12:52:12.104401-07
27	backend	0009_remove_content_reviewed	2022-01-12 12:52:12.123377-07
28	backend	0010_auto_20210730_1535	2022-01-12 12:52:12.17329-07
29	backend	0011_auto_20210730_1632	2022-01-12 12:52:12.219997-07
30	backend	0012_profile	2022-01-12 12:52:12.256004-07
31	backend	0013_create_profiles	2022-01-12 12:52:12.281715-07
32	backend	0014_update_reviewed_on	2022-01-12 12:52:12.304796-07
33	backend	0015_auto_20210921_1628	2022-01-12 12:52:12.377664-07
34	backend	0016_content_copyright	2022-01-12 12:52:12.416453-07
35	backend	0017_content_display_title	2022-01-12 12:52:12.442917-07
36	sessions	0001_initial	2022-01-12 12:52:12.46455-07
37	sites	0001_initial	2022-01-12 12:52:12.492425-07
38	sites	0002_alter_domain_unique	2022-01-12 12:52:12.511764-07
39	socialaccount	0001_initial	2022-01-12 12:52:12.678725-07
40	socialaccount	0002_token_max_lengths	2022-01-12 12:52:12.762985-07
41	socialaccount	0003_extra_data_default_dict	2022-01-12 12:52:12.777285-07
42	backend	0018_content_reviewed_by	2022-04-18 08:57:16.718254-07
43	backend	0019_content_original_source	2022-05-08 05:32:58.250353-07
\.


--
-- Data for Name: django_session; Type: TABLE DATA; Schema: public; Owner: postgres
--

COPY public.django_session (session_key, session_data, expire_date) FROM stdin;
3q9kbym5lwnjhcl4ustqxuxu6dqpfusk	YjVmZDkzOTQ1YzA0NzQwYTYwZWNmYWU0YWY4MmFhODg1NzhjZWFmNDp7InNvY2lhbGFjY291bnRfc3RhdGUiOlt7InByb2Nlc3MiOiJsb2dpbiIsInNjb3BlIjoiIiwiYXV0aF9wYXJhbXMiOiIifSwiNnRXU3JEd0FFV3lzIl19	2022-04-15 06:34:12.260604-07
mfkg68ppqa8tk4vs5v4ktznq5szckaw3	YmE3ZmE0NTQxNTcxMjM1YTFkMDk1NDMyODlhOTgzMGNkNDQ1NzI1OTp7Il9hdXRoX3VzZXJfaWQiOiI3IiwiX2F1dGhfdXNlcl9iYWNrZW5kIjoiYWxsYXV0aC5hY2NvdW50LmF1dGhfYmFja2VuZHMuQXV0aGVudGljYXRpb25CYWNrZW5kIiwiX2F1dGhfdXNlcl9oYXNoIjoiZDVkMTQ1NmM1YjVkNjc4NmMxNWIwMThkNDhjZGIxYzJhMWRlNzU2NCJ9	2022-03-01 15:38:29.666942-07
uyqmrdgufghl4s6dbt8octbz497u3sk0	MTBiNGI1MWEyNGU2NmM3ZTM2NjYwYTBhZjRiNDE3ODFjZTBjMGJmMDp7Il9hdXRoX3VzZXJfaWQiOiIxMiIsIl9hdXRoX3VzZXJfYmFja2VuZCI6ImFsbGF1dGguYWNjb3VudC5hdXRoX2JhY2tlbmRzLkF1dGhlbnRpY2F0aW9uQmFja2VuZCIsIl9hdXRoX3VzZXJfaGFzaCI6Ijg1MGFkNGUzZGQ2NDk5MjZhM2IxNjI2ZTExNmNhMjBhOWY2NjEzYTMifQ==	2022-04-02 09:17:45.02324-07
1ghykdfe6p4r11z7ggk35kaw7ryidf0n	MTBiNGI1MWEyNGU2NmM3ZTM2NjYwYTBhZjRiNDE3ODFjZTBjMGJmMDp7Il9hdXRoX3VzZXJfaWQiOiIxMiIsIl9hdXRoX3VzZXJfYmFja2VuZCI6ImFsbGF1dGguYWNjb3VudC5hdXRoX2JhY2tlbmRzLkF1dGhlbnRpY2F0aW9uQmFja2VuZCIsIl9hdXRoX3VzZXJfaGFzaCI6Ijg1MGFkNGUzZGQ2NDk5MjZhM2IxNjI2ZTExNmNhMjBhOWY2NjEzYTMifQ==	2022-02-23 15:07:46.494785-07
p5fe6izre5wk0l9albw5679ujddacm23	NGZlMTk5M2I0OWRhNDIxMmVkM2JhNjYyYzE5ZGI5ZTRiY2ZhMmUwZjp7Il9hdXRoX3VzZXJfaWQiOiI1IiwiX2F1dGhfdXNlcl9iYWNrZW5kIjoiYWxsYXV0aC5hY2NvdW50LmF1dGhfYmFja2VuZHMuQXV0aGVudGljYXRpb25CYWNrZW5kIiwiX2F1dGhfdXNlcl9oYXNoIjoiZDY3NDE3MGEyMGVkZDA4Y2E3Nzc3N2ZhODk5ZjlhOWU1OGIyZWE4MyJ9	2022-03-02 09:10:47.345508-07
pqs3w9w532he08a3xmu5oj74fblyvi3n	YzQzMGFkNmNlNmFlNWE5M2U5ZTJhNGI3NGZlMDdkZWQ4NzAxZTMxOTp7Il9hdXRoX3VzZXJfaWQiOiI0IiwiX2F1dGhfdXNlcl9iYWNrZW5kIjoiYWxsYXV0aC5hY2NvdW50LmF1dGhfYmFja2VuZHMuQXV0aGVudGljYXRpb25CYWNrZW5kIiwiX2F1dGhfdXNlcl9oYXNoIjoiY2JiNWRlNDQzZDQxOTQ0OGQyZDI4ZTVhNGIzODZjNjRjOGEzNjQwMCJ9	2022-03-26 09:04:56.895963-07
xwjijkrkjo53pidxzqww9o9b1do0e64e	NGZlMTk5M2I0OWRhNDIxMmVkM2JhNjYyYzE5ZGI5ZTRiY2ZhMmUwZjp7Il9hdXRoX3VzZXJfaWQiOiI1IiwiX2F1dGhfdXNlcl9iYWNrZW5kIjoiYWxsYXV0aC5hY2NvdW50LmF1dGhfYmFja2VuZHMuQXV0aGVudGljYXRpb25CYWNrZW5kIiwiX2F1dGhfdXNlcl9oYXNoIjoiZDY3NDE3MGEyMGVkZDA4Y2E3Nzc3N2ZhODk5ZjlhOWU1OGIyZWE4MyJ9	2022-02-14 17:11:56.124412-07
98q0a6riyhphnaleuldjgpkqizae4h51	YzQzMGFkNmNlNmFlNWE5M2U5ZTJhNGI3NGZlMDdkZWQ4NzAxZTMxOTp7Il9hdXRoX3VzZXJfaWQiOiI0IiwiX2F1dGhfdXNlcl9iYWNrZW5kIjoiYWxsYXV0aC5hY2NvdW50LmF1dGhfYmFja2VuZHMuQXV0aGVudGljYXRpb25CYWNrZW5kIiwiX2F1dGhfdXNlcl9oYXNoIjoiY2JiNWRlNDQzZDQxOTQ0OGQyZDI4ZTVhNGIzODZjNjRjOGEzNjQwMCJ9	2022-02-21 11:09:40.274941-07
h5im17odqax68w36zpmcxzjpinx29yzx	ZTA2ZjIyOWRmNDA4YWQ3MGVkMDc1ZDJhOWYxZDFhODAyM2IxNjEwNzp7InNvY2lhbGFjY291bnRfc3RhdGUiOlt7InByb2Nlc3MiOiJsb2dpbiIsInNjb3BlIjoiIiwiYXV0aF9wYXJhbXMiOiIifSwiM1pmRTJ6N3kyRzhXIl19	2022-02-21 11:34:55.278972-07
7ssawu08fhxpuy8d9d4qjipt2d70qa0e	MDIyNzM5NjFkYzYzZTA4YjIzNTlmMDM0NTU3ZTFiMzljMzA5YjFmOTp7Il9hdXRoX3VzZXJfaWQiOiIxMCIsIl9hdXRoX3VzZXJfYmFja2VuZCI6ImFsbGF1dGguYWNjb3VudC5hdXRoX2JhY2tlbmRzLkF1dGhlbnRpY2F0aW9uQmFja2VuZCIsIl9hdXRoX3VzZXJfaGFzaCI6ImIzODRmNWY5MjMwNGI5OWMyM2Q3MDFiM2FlYmQ0ZjZjZGE0N2FmODgifQ==	2022-02-23 11:54:01.10944-07
3svjtx22zm1mja6o71aohfgj3n9sfsy1	MWQxZDljM2U4MTg5MjhhYjIwZDQ4YmRkZjc2YTdhZDE2ZjJiZDgwZDp7Il9hdXRoX3VzZXJfaWQiOiIyIiwiX2F1dGhfdXNlcl9iYWNrZW5kIjoiYWxsYXV0aC5hY2NvdW50LmF1dGhfYmFja2VuZHMuQXV0aGVudGljYXRpb25CYWNrZW5kIiwiX2F1dGhfdXNlcl9oYXNoIjoiNWVkNmMzNjgxN2M4NjEwMGFmOWIyMzkxYzM4NTY1OWFhODI5YjZjNiJ9	2022-01-26 15:59:15.109785-07
wblggt19a1g0anyixq29j9a5gj4ck862	YzQzMGFkNmNlNmFlNWE5M2U5ZTJhNGI3NGZlMDdkZWQ4NzAxZTMxOTp7Il9hdXRoX3VzZXJfaWQiOiI0IiwiX2F1dGhfdXNlcl9iYWNrZW5kIjoiYWxsYXV0aC5hY2NvdW50LmF1dGhfYmFja2VuZHMuQXV0aGVudGljYXRpb25CYWNrZW5kIiwiX2F1dGhfdXNlcl9oYXNoIjoiY2JiNWRlNDQzZDQxOTQ0OGQyZDI4ZTVhNGIzODZjNjRjOGEzNjQwMCJ9	2022-03-08 13:58:46.028488-07
grla12k2yngn8f9ioi3wq6s8qcrb5wuh	YjkyODc3OWQwNzk2ZGRlNmZjN2MwOTYyMjYwYmNkNmVkY2U2ZGFhMzp7InNvY2lhbGFjY291bnRfc3RhdGUiOlt7InByb2Nlc3MiOiJsb2dpbiIsInNjb3BlIjoiIiwiYXV0aF9wYXJhbXMiOiIifSwiVG0zakpUWWhac1c4Il19	2022-02-23 13:15:48.417913-07
9kord8efcmq8ygvrdfp17lwg79ag2ovu	NGZlOGJkYWEyMjcyNjY1NTU3YmFmMjgyYTgyZDM1OGVhZDc3NDJmZjp7ImFjY291bnRfdmVyaWZpZWRfZW1haWwiOm51bGwsIl9hdXRoX3VzZXJfaWQiOiIxMSIsIl9hdXRoX3VzZXJfYmFja2VuZCI6ImFsbGF1dGguYWNjb3VudC5hdXRoX2JhY2tlbmRzLkF1dGhlbnRpY2F0aW9uQmFja2VuZCIsIl9hdXRoX3VzZXJfaGFzaCI6ImE2OGU1YTAzNWY2NTE1YmFiMjc1NzFhM2Q4YjQ0ZTE2MjZjZTU1ZDkifQ==	2022-02-23 13:16:08.37258-07
h6ljdzboe0qvb3a484jdcr3bqq4gvfp8	OWVhOGZlMGI2Yzg0YmRlZjk2OTU4OGNjMTcxMGQyY2ZkZjg0ZmI1Mzp7Il9hdXRoX3VzZXJfaWQiOiI5IiwiX2F1dGhfdXNlcl9iYWNrZW5kIjoiYWxsYXV0aC5hY2NvdW50LmF1dGhfYmFja2VuZHMuQXV0aGVudGljYXRpb25CYWNrZW5kIiwiX2F1dGhfdXNlcl9oYXNoIjoiMzZiNGI3Yzg1NmM1YzI0NDk2MWI5MmM3OWM4ZjhiNmFmOWRkN2JmNSJ9	2022-02-25 15:11:51.613853-07
iq4pzhtyc8dakntp8g2rolz2gl4104lx	YzgwZWFkMzgxZWVhNzdjNGE4OTViYjg5OGRjM2JkZmNjMzczNTNmZTp7Il9hdXRoX3VzZXJfaWQiOiIxIiwiX2F1dGhfdXNlcl9iYWNrZW5kIjoiZGphbmdvLmNvbnRyaWIuYXV0aC5iYWNrZW5kcy5Nb2RlbEJhY2tlbmQiLCJfYXV0aF91c2VyX2hhc2giOiIwYjI3YmJmZDkyZWVmNTRlMTQ0Y2Y2OWNkM2UzZTBjZDQxZTZkZjY1In0=	2022-02-28 11:27:50.909583-07
1mza5b7vzyuicd8f45aq8akko6yd6mur	MDg4MDMyMDllNDgyMTRjMmRlNGNiOGIzZTQ2OWNjODMwMjQzNDFhYzp7Il9hdXRoX3VzZXJfaWQiOiIzIiwiX2F1dGhfdXNlcl9iYWNrZW5kIjoiYWxsYXV0aC5hY2NvdW50LmF1dGhfYmFja2VuZHMuQXV0aGVudGljYXRpb25CYWNrZW5kIiwiX2F1dGhfdXNlcl9oYXNoIjoiYzQ5YzAyYTE3NGNjYmY3ZjkzZmNmZGY2Zjc5OWVjZTUyN2I3MzdiYiJ9	2022-02-22 15:51:37.54632-07
iak6j7tbj39irzoyynk4uyigur2c909e	YzgwZWFkMzgxZWVhNzdjNGE4OTViYjg5OGRjM2JkZmNjMzczNTNmZTp7Il9hdXRoX3VzZXJfaWQiOiIxIiwiX2F1dGhfdXNlcl9iYWNrZW5kIjoiZGphbmdvLmNvbnRyaWIuYXV0aC5iYWNrZW5kcy5Nb2RlbEJhY2tlbmQiLCJfYXV0aF91c2VyX2hhc2giOiIwYjI3YmJmZDkyZWVmNTRlMTQ0Y2Y2OWNkM2UzZTBjZDQxZTZkZjY1In0=	2022-02-11 14:11:22.214132-07
p1hfv6rbb5jmir20xmlo0p6w1p94eudp	NDk5MDNiMTliZWU3ZTNkOGE0NzJlYjg3MzE1OTI2OTU4NWI4MTIyMzp7Il9hdXRoX3VzZXJfaWQiOiIxNCIsIl9hdXRoX3VzZXJfYmFja2VuZCI6ImFsbGF1dGguYWNjb3VudC5hdXRoX2JhY2tlbmRzLkF1dGhlbnRpY2F0aW9uQmFja2VuZCIsIl9hdXRoX3VzZXJfaGFzaCI6ImM4NzYxMDBlNmRiMDk3YWVjNjVlNGI4YjkwMzQ3ZjhlYjY2MGY0ZTUifQ==	2022-02-28 18:53:49.524031-07
q4ub1loyxoo7nnr2a8majozyxiph1eem	YzE2MjY1N2JlZTAzYWQ3M2EwMmIzNDk2NjM3NjI3ZDBmZTI5ZDQ3MTp7Il9hdXRoX3VzZXJfaWQiOiI4IiwiX2F1dGhfdXNlcl9iYWNrZW5kIjoiYWxsYXV0aC5hY2NvdW50LmF1dGhfYmFja2VuZHMuQXV0aGVudGljYXRpb25CYWNrZW5kIiwiX2F1dGhfdXNlcl9oYXNoIjoiOWRhYmEwNWZhNDEwOGIyMTQzMGU3MTczNDRiMDkyMjE4YWM2NmRjYSJ9	2022-02-18 15:35:27.755211-07
gt2hs1nyluyjpvcs74zvt8ptbmi6zbx7	MDRkZmFhNjAxYzkxOTk0Mzc1ZTE4YjU0ZGM2NDIwMjkzYTllYzMxNzp7ImFjY291bnRfdmVyaWZpZWRfZW1haWwiOm51bGwsIl9hdXRoX3VzZXJfaWQiOiIxNSIsIl9hdXRoX3VzZXJfYmFja2VuZCI6ImFsbGF1dGguYWNjb3VudC5hdXRoX2JhY2tlbmRzLkF1dGhlbnRpY2F0aW9uQmFja2VuZCIsIl9hdXRoX3VzZXJfaGFzaCI6Ijc4OTE3ZWUwMGI3YmQ0Y2JlYTdmMTI2OGZhMDdjYTI5NDg2MDg4NjYifQ==	2022-03-01 13:28:33.576222-07
0ef44fevo6twi8jrv8natz2vxcurwets	NWUyOTA5ZjhlY2E2YzM4YWM5NDk1NjViNzNkNTAwZmM2M2E4MmIxNDp7ImFjY291bnRfdmVyaWZpZWRfZW1haWwiOm51bGwsIl9hdXRoX3VzZXJfaWQiOiI2IiwiX2F1dGhfdXNlcl9iYWNrZW5kIjoiYWxsYXV0aC5hY2NvdW50LmF1dGhfYmFja2VuZHMuQXV0aGVudGljYXRpb25CYWNrZW5kIiwiX2F1dGhfdXNlcl9oYXNoIjoiZjE1ZDJhOGZlZjY4YjFkZTUzNzI3OTE4ZTlmMzVlMzQ3MmEyMjI4OSJ9	2022-02-14 15:30:53.727781-07
qr50328pdrrk3pqb8amywvzevrtrfdj4	MTA2ODRiZmYyOGRmNzBkYWJkNWE1NDFiMDQ2MmY1YmQ5NGY3Y2NkZDp7ImFjY291bnRfdmVyaWZpZWRfZW1haWwiOm51bGwsIl9hdXRoX3VzZXJfaWQiOiI3IiwiX2F1dGhfdXNlcl9iYWNrZW5kIjoiYWxsYXV0aC5hY2NvdW50LmF1dGhfYmFja2VuZHMuQXV0aGVudGljYXRpb25CYWNrZW5kIiwiX2F1dGhfdXNlcl9oYXNoIjoiZDVkMTQ1NmM1YjVkNjc4NmMxNWIwMThkNDhjZGIxYzJhMWRlNzU2NCJ9	2022-02-14 15:31:02.456122-07
r2fxf1jarinza8er4uqfww1fj703io3d	MDA3OWM4ZWRiZjNmM2YwOTBkNDM0OWNiYTg5NTRhZWUxNTFmOWI0Yjp7Il9hdXRoX3VzZXJfaWQiOiIxMyIsIl9hdXRoX3VzZXJfYmFja2VuZCI6ImFsbGF1dGguYWNjb3VudC5hdXRoX2JhY2tlbmRzLkF1dGhlbnRpY2F0aW9uQmFja2VuZCIsIl9hdXRoX3VzZXJfaGFzaCI6ImJhOThlMWUwYWQ1MGNjNjkyYzU0ODYxMGE5NWU4NDZkOTNjZGEwN2IifQ==	2022-03-28 10:52:08.03332-07
h2paipzg5lsx70ny0gwccj15lomr3g8s	NGEwNDZjYjhmNDljNTQyMGJlOWFmZjhhYzYwOWQ1YmNmMTZkN2M2Nzp7Il9hdXRoX3VzZXJfaWQiOiIxOSIsIl9hdXRoX3VzZXJfYmFja2VuZCI6ImFsbGF1dGguYWNjb3VudC5hdXRoX2JhY2tlbmRzLkF1dGhlbnRpY2F0aW9uQmFja2VuZCIsIl9hdXRoX3VzZXJfaGFzaCI6IjljNDRmY2I5MGExM2MzOTAzYTJhZjg2ZTUxNjczZmZmMjM5NWYxOWIifQ==	2022-04-26 14:00:03.818926-07
y14xbf9ze8vzadt5euwk5q2fp4zcti62	NzFkYzU1ZWMyN2QyYmY2YmUyYmY0MTFkY2UyM2Q1YTNhYTYxNWUzMTp7Il9hdXRoX3VzZXJfaWQiOiIxNyIsIl9hdXRoX3VzZXJfYmFja2VuZCI6ImFsbGF1dGguYWNjb3VudC5hdXRoX2JhY2tlbmRzLkF1dGhlbnRpY2F0aW9uQmFja2VuZCIsIl9hdXRoX3VzZXJfaGFzaCI6ImE2ZjQzYzljZWJmMTYzMWNkNjI2YWE1ZTI5NDBhYWQ5MTIwODQ3NTAifQ==	2022-04-05 22:08:17.827532-07
4kfjpzoly41302f7yd84fr94k2rqsn4z	OWVhOGZlMGI2Yzg0YmRlZjk2OTU4OGNjMTcxMGQyY2ZkZjg0ZmI1Mzp7Il9hdXRoX3VzZXJfaWQiOiI5IiwiX2F1dGhfdXNlcl9iYWNrZW5kIjoiYWxsYXV0aC5hY2NvdW50LmF1dGhfYmFja2VuZHMuQXV0aGVudGljYXRpb25CYWNrZW5kIiwiX2F1dGhfdXNlcl9oYXNoIjoiMzZiNGI3Yzg1NmM1YzI0NDk2MWI5MmM3OWM4ZjhiNmFmOWRkN2JmNSJ9	2022-03-12 11:07:01.106674-07
ftna39grcqjryu5s8hjxmw8f60vararl	MDIyNzM5NjFkYzYzZTA4YjIzNTlmMDM0NTU3ZTFiMzljMzA5YjFmOTp7Il9hdXRoX3VzZXJfaWQiOiIxMCIsIl9hdXRoX3VzZXJfYmFja2VuZCI6ImFsbGF1dGguYWNjb3VudC5hdXRoX2JhY2tlbmRzLkF1dGhlbnRpY2F0aW9uQmFja2VuZCIsIl9hdXRoX3VzZXJfaGFzaCI6ImIzODRmNWY5MjMwNGI5OWMyM2Q3MDFiM2FlYmQ0ZjZjZGE0N2FmODgifQ==	2022-04-11 10:53:49.94336-07
vbzm7igdjumpty266xtgsagjjdjjjd85	NzNmMmNmN2U4YjhhOGFkMDdhZDBhNjY3ZDI1ZjNhMWIwOWIyZTYxZTp7Il9hdXRoX3VzZXJfaWQiOiIxNSIsIl9hdXRoX3VzZXJfYmFja2VuZCI6ImFsbGF1dGguYWNjb3VudC5hdXRoX2JhY2tlbmRzLkF1dGhlbnRpY2F0aW9uQmFja2VuZCIsIl9hdXRoX3VzZXJfaGFzaCI6Ijc4OTE3ZWUwMGI3YmQ0Y2JlYTdmMTI2OGZhMDdjYTI5NDg2MDg4NjYifQ==	2022-03-15 13:29:18.399849-07
g8isrcy9p67metftp6qkmiz4ft8zed09	OWVhOGZlMGI2Yzg0YmRlZjk2OTU4OGNjMTcxMGQyY2ZkZjg0ZmI1Mzp7Il9hdXRoX3VzZXJfaWQiOiI5IiwiX2F1dGhfdXNlcl9iYWNrZW5kIjoiYWxsYXV0aC5hY2NvdW50LmF1dGhfYmFja2VuZHMuQXV0aGVudGljYXRpb25CYWNrZW5kIiwiX2F1dGhfdXNlcl9oYXNoIjoiMzZiNGI3Yzg1NmM1YzI0NDk2MWI5MmM3OWM4ZjhiNmFmOWRkN2JmNSJ9	2022-04-11 11:11:12.623044-07
z12uepjkcje1h6pufg6dggevu2ci7110	NzFkYzU1ZWMyN2QyYmY2YmUyYmY0MTFkY2UyM2Q1YTNhYTYxNWUzMTp7Il9hdXRoX3VzZXJfaWQiOiIxNyIsIl9hdXRoX3VzZXJfYmFja2VuZCI6ImFsbGF1dGguYWNjb3VudC5hdXRoX2JhY2tlbmRzLkF1dGhlbnRpY2F0aW9uQmFja2VuZCIsIl9hdXRoX3VzZXJfaGFzaCI6ImE2ZjQzYzljZWJmMTYzMWNkNjI2YWE1ZTI5NDBhYWQ5MTIwODQ3NTAifQ==	2022-04-21 05:41:40.33527-07
bluhvq3h2na7xm88fkybn9z7mkcpmzeg	MDA3OWM4ZWRiZjNmM2YwOTBkNDM0OWNiYTg5NTRhZWUxNTFmOWI0Yjp7Il9hdXRoX3VzZXJfaWQiOiIxMyIsIl9hdXRoX3VzZXJfYmFja2VuZCI6ImFsbGF1dGguYWNjb3VudC5hdXRoX2JhY2tlbmRzLkF1dGhlbnRpY2F0aW9uQmFja2VuZCIsIl9hdXRoX3VzZXJfaGFzaCI6ImJhOThlMWUwYWQ1MGNjNjkyYzU0ODYxMGE5NWU4NDZkOTNjZGEwN2IifQ==	2022-04-11 18:59:22.051754-07
xm5r9tslaw1i37lavy9ud366yaa4lb29	YjA5YTRmNDQyZDk4MjY1Y2MyY2Y5MGM3Yjg3Y2RkYjYxODU1YjA1ZTp7InNvY2lhbGFjY291bnRfc3RhdGUiOlt7InByb2Nlc3MiOiJsb2dpbiIsInNjb3BlIjoiIiwiYXV0aF9wYXJhbXMiOiIifSwid1htUmlZYUtXd08xIl19	2022-05-02 11:23:59.107532-07
eb5uit9l37m8weu27biisfw1kahztny0	YzQzMGFkNmNlNmFlNWE5M2U5ZTJhNGI3NGZlMDdkZWQ4NzAxZTMxOTp7Il9hdXRoX3VzZXJfaWQiOiI0IiwiX2F1dGhfdXNlcl9iYWNrZW5kIjoiYWxsYXV0aC5hY2NvdW50LmF1dGhfYmFja2VuZHMuQXV0aGVudGljYXRpb25CYWNrZW5kIiwiX2F1dGhfdXNlcl9oYXNoIjoiY2JiNWRlNDQzZDQxOTQ0OGQyZDI4ZTVhNGIzODZjNjRjOGEzNjQwMCJ9	2022-06-07 16:11:11.511378-07
nzra3vzf3qtqo91xmeog5o9ape4dxuit	MDA3OWM4ZWRiZjNmM2YwOTBkNDM0OWNiYTg5NTRhZWUxNTFmOWI0Yjp7Il9hdXRoX3VzZXJfaWQiOiIxMyIsIl9hdXRoX3VzZXJfYmFja2VuZCI6ImFsbGF1dGguYWNjb3VudC5hdXRoX2JhY2tlbmRzLkF1dGhlbnRpY2F0aW9uQmFja2VuZCIsIl9hdXRoX3VzZXJfaGFzaCI6ImJhOThlMWUwYWQ1MGNjNjkyYzU0ODYxMGE5NWU4NDZkOTNjZGEwN2IifQ==	2022-06-22 21:10:29.513368-07
81rshir8gb279obrh2x5qe7f1wksgfni	YmE3ZmE0NTQxNTcxMjM1YTFkMDk1NDMyODlhOTgzMGNkNDQ1NzI1OTp7Il9hdXRoX3VzZXJfaWQiOiI3IiwiX2F1dGhfdXNlcl9iYWNrZW5kIjoiYWxsYXV0aC5hY2NvdW50LmF1dGhfYmFja2VuZHMuQXV0aGVudGljYXRpb25CYWNrZW5kIiwiX2F1dGhfdXNlcl9oYXNoIjoiZDVkMTQ1NmM1YjVkNjc4NmMxNWIwMThkNDhjZGIxYzJhMWRlNzU2NCJ9	2022-05-10 15:29:42.91764-07
ygrc0n12psc272mdzwsmm2zmi2m9o5e5	NGFkNTQwZTFiMTg3ZmU0NWRmZmY5MmQxYWU2ODAyMGNhYzgzNTUyNTp7InNvY2lhbGFjY291bnRfc3RhdGUiOlt7InByb2Nlc3MiOiJsb2dpbiIsInNjb3BlIjoiIiwiYXV0aF9wYXJhbXMiOiIifSwiMmtjeUVyZkpTRGxvIl19	2022-05-17 08:56:12.964662-07
asgq61dqxah2k0yrnza4kk75eosje1cs	NzFkYzU1ZWMyN2QyYmY2YmUyYmY0MTFkY2UyM2Q1YTNhYTYxNWUzMTp7Il9hdXRoX3VzZXJfaWQiOiIxNyIsIl9hdXRoX3VzZXJfYmFja2VuZCI6ImFsbGF1dGguYWNjb3VudC5hdXRoX2JhY2tlbmRzLkF1dGhlbnRpY2F0aW9uQmFja2VuZCIsIl9hdXRoX3VzZXJfaGFzaCI6ImE2ZjQzYzljZWJmMTYzMWNkNjI2YWE1ZTI5NDBhYWQ5MTIwODQ3NTAifQ==	2022-05-30 07:30:25.845753-07
4z7z86auyghqrm4e2y8isnn7jy4n1bge	YmE3ZmE0NTQxNTcxMjM1YTFkMDk1NDMyODlhOTgzMGNkNDQ1NzI1OTp7Il9hdXRoX3VzZXJfaWQiOiI3IiwiX2F1dGhfdXNlcl9iYWNrZW5kIjoiYWxsYXV0aC5hY2NvdW50LmF1dGhfYmFja2VuZHMuQXV0aGVudGljYXRpb25CYWNrZW5kIiwiX2F1dGhfdXNlcl9oYXNoIjoiZDVkMTQ1NmM1YjVkNjc4NmMxNWIwMThkNDhjZGIxYzJhMWRlNzU2NCJ9	2022-04-26 13:26:12.010042-07
2mp7ci3ji4ng2w8jk0ljzj3hbwzdawvz	YmE3ZmE0NTQxNTcxMjM1YTFkMDk1NDMyODlhOTgzMGNkNDQ1NzI1OTp7Il9hdXRoX3VzZXJfaWQiOiI3IiwiX2F1dGhfdXNlcl9iYWNrZW5kIjoiYWxsYXV0aC5hY2NvdW50LmF1dGhfYmFja2VuZHMuQXV0aGVudGljYXRpb25CYWNrZW5kIiwiX2F1dGhfdXNlcl9oYXNoIjoiZDVkMTQ1NmM1YjVkNjc4NmMxNWIwMThkNDhjZGIxYzJhMWRlNzU2NCJ9	2022-04-05 13:37:20.830102-07
w7l35s98sien3zqjgf3e4vff1ruofurx	MDg4MDMyMDllNDgyMTRjMmRlNGNiOGIzZTQ2OWNjODMwMjQzNDFhYzp7Il9hdXRoX3VzZXJfaWQiOiIzIiwiX2F1dGhfdXNlcl9iYWNrZW5kIjoiYWxsYXV0aC5hY2NvdW50LmF1dGhfYmFja2VuZHMuQXV0aGVudGljYXRpb25CYWNrZW5kIiwiX2F1dGhfdXNlcl9oYXNoIjoiYzQ5YzAyYTE3NGNjYmY3ZjkzZmNmZGY2Zjc5OWVjZTUyN2I3MzdiYiJ9	2022-06-01 13:37:26.737854-07
5jlp8azb72oosgbpp9gu3l52d7fv41rv	MWU1YmExMDgyNGQyNDQ1MjJhNzQ4NTIzNWJlNzAwMmRmMWFmZTMzZTp7Il9hdXRoX3VzZXJfaWQiOiIxNiIsIl9hdXRoX3VzZXJfYmFja2VuZCI6ImFsbGF1dGguYWNjb3VudC5hdXRoX2JhY2tlbmRzLkF1dGhlbnRpY2F0aW9uQmFja2VuZCIsIl9hdXRoX3VzZXJfaGFzaCI6IjgxM2Q3NGY1MGI2ZTdkYjM2MmZiMjZjYzJmMWQ2MWQ3ZTMxYjI0MjEifQ==	2022-03-10 18:35:39.791568-07
j6ncghpka0nb93426dn7ud5wd7b33kbi	YTIyMTkxYTlhODQ0OGRkMDYyY2ZmMWZkZmQ1ODhhNjEzMmQwODg2Mzp7InNvY2lhbGFjY291bnRfc3RhdGUiOlt7InByb2Nlc3MiOiJsb2dpbiIsInNjb3BlIjoiIiwiYXV0aF9wYXJhbXMiOiIifSwiZ3ZuRjlmNktRNUJ0Il19	2022-03-12 11:30:21.968-07
txqxtwxn2cfcbzbphwvyvvkaz5ylthxl	NzNmMmNmN2U4YjhhOGFkMDdhZDBhNjY3ZDI1ZjNhMWIwOWIyZTYxZTp7Il9hdXRoX3VzZXJfaWQiOiIxNSIsIl9hdXRoX3VzZXJfYmFja2VuZCI6ImFsbGF1dGguYWNjb3VudC5hdXRoX2JhY2tlbmRzLkF1dGhlbnRpY2F0aW9uQmFja2VuZCIsIl9hdXRoX3VzZXJfaGFzaCI6Ijc4OTE3ZWUwMGI3YmQ0Y2JlYTdmMTI2OGZhMDdjYTI5NDg2MDg4NjYifQ==	2022-04-18 21:52:34.892836-07
snka4icm9da2tky5mbud87m7s8vysdz9	OTFlMTViNmQwMDBlY2UwYWRiODg5NDBhODlhNzE0YjRkZjE3MGMzODp7InNvY2lhbGFjY291bnRfc3RhdGUiOlt7InByb2Nlc3MiOiJsb2dpbiIsInNjb3BlIjoiIiwiYXV0aF9wYXJhbXMiOiIifSwiaVJMNXpMYXB4VWVuIl19	2022-04-22 10:25:34.097399-07
77013kzibql24b9991a5awuezti2zq2z	MDg4MDMyMDllNDgyMTRjMmRlNGNiOGIzZTQ2OWNjODMwMjQzNDFhYzp7Il9hdXRoX3VzZXJfaWQiOiIzIiwiX2F1dGhfdXNlcl9iYWNrZW5kIjoiYWxsYXV0aC5hY2NvdW50LmF1dGhfYmFja2VuZHMuQXV0aGVudGljYXRpb25CYWNrZW5kIiwiX2F1dGhfdXNlcl9oYXNoIjoiYzQ5YzAyYTE3NGNjYmY3ZjkzZmNmZGY2Zjc5OWVjZTUyN2I3MzdiYiJ9	2022-03-21 10:40:33.65445-07
en9lfm15nd65r63aomffrktd95in90ga	MDIyNzM5NjFkYzYzZTA4YjIzNTlmMDM0NTU3ZTFiMzljMzA5YjFmOTp7Il9hdXRoX3VzZXJfaWQiOiIxMCIsIl9hdXRoX3VzZXJfYmFja2VuZCI6ImFsbGF1dGguYWNjb3VudC5hdXRoX2JhY2tlbmRzLkF1dGhlbnRpY2F0aW9uQmFja2VuZCIsIl9hdXRoX3VzZXJfaGFzaCI6ImIzODRmNWY5MjMwNGI5OWMyM2Q3MDFiM2FlYmQ0ZjZjZGE0N2FmODgifQ==	2022-03-28 09:23:24.416283-07
8lrc11ehltuj69fxizasklhbbeqwsyvb	YzgwZWFkMzgxZWVhNzdjNGE4OTViYjg5OGRjM2JkZmNjMzczNTNmZTp7Il9hdXRoX3VzZXJfaWQiOiIxIiwiX2F1dGhfdXNlcl9iYWNrZW5kIjoiZGphbmdvLmNvbnRyaWIuYXV0aC5iYWNrZW5kcy5Nb2RlbEJhY2tlbmQiLCJfYXV0aF91c2VyX2hhc2giOiIwYjI3YmJmZDkyZWVmNTRlMTQ0Y2Y2OWNkM2UzZTBjZDQxZTZkZjY1In0=	2022-04-12 15:24:17.250007-07
0li710me72qcom5m2jcdcvaec9bn6565	YzQzMGFkNmNlNmFlNWE5M2U5ZTJhNGI3NGZlMDdkZWQ4NzAxZTMxOTp7Il9hdXRoX3VzZXJfaWQiOiI0IiwiX2F1dGhfdXNlcl9iYWNrZW5kIjoiYWxsYXV0aC5hY2NvdW50LmF1dGhfYmFja2VuZHMuQXV0aGVudGljYXRpb25CYWNrZW5kIiwiX2F1dGhfdXNlcl9oYXNoIjoiY2JiNWRlNDQzZDQxOTQ0OGQyZDI4ZTVhNGIzODZjNjRjOGEzNjQwMCJ9	2022-04-25 11:09:13.673002-07
kudlpa0y6qmcv2ertwv6q0qaa0ptu4ql	MDIyNzM5NjFkYzYzZTA4YjIzNTlmMDM0NTU3ZTFiMzljMzA5YjFmOTp7Il9hdXRoX3VzZXJfaWQiOiIxMCIsIl9hdXRoX3VzZXJfYmFja2VuZCI6ImFsbGF1dGguYWNjb3VudC5hdXRoX2JhY2tlbmRzLkF1dGhlbnRpY2F0aW9uQmFja2VuZCIsIl9hdXRoX3VzZXJfaGFzaCI6ImIzODRmNWY5MjMwNGI5OWMyM2Q3MDFiM2FlYmQ0ZjZjZGE0N2FmODgifQ==	2022-04-26 00:35:30.498698-07
kkfmus46xa902nd8e6iwb4bsvv7dj3uf	MDg4MDMyMDllNDgyMTRjMmRlNGNiOGIzZTQ2OWNjODMwMjQzNDFhYzp7Il9hdXRoX3VzZXJfaWQiOiIzIiwiX2F1dGhfdXNlcl9iYWNrZW5kIjoiYWxsYXV0aC5hY2NvdW50LmF1dGhfYmFja2VuZHMuQXV0aGVudGljYXRpb25CYWNrZW5kIiwiX2F1dGhfdXNlcl9oYXNoIjoiYzQ5YzAyYTE3NGNjYmY3ZjkzZmNmZGY2Zjc5OWVjZTUyN2I3MzdiYiJ9	2022-06-16 15:29:36.797539-07
lmsax8dyzrdtbt4d4jlvlku2cajnl6z1	NzNmMmNmN2U4YjhhOGFkMDdhZDBhNjY3ZDI1ZjNhMWIwOWIyZTYxZTp7Il9hdXRoX3VzZXJfaWQiOiIxNSIsIl9hdXRoX3VzZXJfYmFja2VuZCI6ImFsbGF1dGguYWNjb3VudC5hdXRoX2JhY2tlbmRzLkF1dGhlbnRpY2F0aW9uQmFja2VuZCIsIl9hdXRoX3VzZXJfaGFzaCI6Ijc4OTE3ZWUwMGI3YmQ0Y2JlYTdmMTI2OGZhMDdjYTI5NDg2MDg4NjYifQ==	2022-05-02 23:03:44.10455-07
zsvopwfzxb24o9j597kj2cjt5fjj5qyb	MDA3OWM4ZWRiZjNmM2YwOTBkNDM0OWNiYTg5NTRhZWUxNTFmOWI0Yjp7Il9hdXRoX3VzZXJfaWQiOiIxMyIsIl9hdXRoX3VzZXJfYmFja2VuZCI6ImFsbGF1dGguYWNjb3VudC5hdXRoX2JhY2tlbmRzLkF1dGhlbnRpY2F0aW9uQmFja2VuZCIsIl9hdXRoX3VzZXJfaGFzaCI6ImJhOThlMWUwYWQ1MGNjNjkyYzU0ODYxMGE5NWU4NDZkOTNjZGEwN2IifQ==	2022-05-23 10:18:05.796707-07
ja45cnmavqzs2jsju0m65a3t61uq871l	MDA3OWM4ZWRiZjNmM2YwOTBkNDM0OWNiYTg5NTRhZWUxNTFmOWI0Yjp7Il9hdXRoX3VzZXJfaWQiOiIxMyIsIl9hdXRoX3VzZXJfYmFja2VuZCI6ImFsbGF1dGguYWNjb3VudC5hdXRoX2JhY2tlbmRzLkF1dGhlbnRpY2F0aW9uQmFja2VuZCIsIl9hdXRoX3VzZXJfaGFzaCI6ImJhOThlMWUwYWQ1MGNjNjkyYzU0ODYxMGE5NWU4NDZkOTNjZGEwN2IifQ==	2022-05-30 10:50:32.628464-07
wqaw1q60z7125s6vx1ykk4hlhxqw8jp3	MDA3OWM4ZWRiZjNmM2YwOTBkNDM0OWNiYTg5NTRhZWUxNTFmOWI0Yjp7Il9hdXRoX3VzZXJfaWQiOiIxMyIsIl9hdXRoX3VzZXJfYmFja2VuZCI6ImFsbGF1dGguYWNjb3VudC5hdXRoX2JhY2tlbmRzLkF1dGhlbnRpY2F0aW9uQmFja2VuZCIsIl9hdXRoX3VzZXJfaGFzaCI6ImJhOThlMWUwYWQ1MGNjNjkyYzU0ODYxMGE5NWU4NDZkOTNjZGEwN2IifQ==	2022-03-07 14:38:30.749619-07
r2dwgf79t14p8p41gm98ez9iqm9hme68	YmE3ZmE0NTQxNTcxMjM1YTFkMDk1NDMyODlhOTgzMGNkNDQ1NzI1OTp7Il9hdXRoX3VzZXJfaWQiOiI3IiwiX2F1dGhfdXNlcl9iYWNrZW5kIjoiYWxsYXV0aC5hY2NvdW50LmF1dGhfYmFja2VuZHMuQXV0aGVudGljYXRpb25CYWNrZW5kIiwiX2F1dGhfdXNlcl9oYXNoIjoiZDVkMTQ1NmM1YjVkNjc4NmMxNWIwMThkNDhjZGIxYzJhMWRlNzU2NCJ9	2022-04-26 14:07:05.726617-07
n1dnz41qpfqysj5g7r9sg09n7bbz137x	MDA3OWM4ZWRiZjNmM2YwOTBkNDM0OWNiYTg5NTRhZWUxNTFmOWI0Yjp7Il9hdXRoX3VzZXJfaWQiOiIxMyIsIl9hdXRoX3VzZXJfYmFja2VuZCI6ImFsbGF1dGguYWNjb3VudC5hdXRoX2JhY2tlbmRzLkF1dGhlbnRpY2F0aW9uQmFja2VuZCIsIl9hdXRoX3VzZXJfaGFzaCI6ImJhOThlMWUwYWQ1MGNjNjkyYzU0ODYxMGE5NWU4NDZkOTNjZGEwN2IifQ==	2022-06-08 00:11:16.645351-07
6w29szl69rfuoz8k9bz8354vhgw2xqed	YzQzMGFkNmNlNmFlNWE5M2U5ZTJhNGI3NGZlMDdkZWQ4NzAxZTMxOTp7Il9hdXRoX3VzZXJfaWQiOiI0IiwiX2F1dGhfdXNlcl9iYWNrZW5kIjoiYWxsYXV0aC5hY2NvdW50LmF1dGhfYmFja2VuZHMuQXV0aGVudGljYXRpb25CYWNrZW5kIiwiX2F1dGhfdXNlcl9oYXNoIjoiY2JiNWRlNDQzZDQxOTQ0OGQyZDI4ZTVhNGIzODZjNjRjOGEzNjQwMCJ9	2022-06-17 10:22:07.436796-07
ssgzdxd2l7lr8jrcp6rav5awcxxhj5aj	OGZmMGEzYjk5ZTk1NmY0ZDYyZjMyNmM2NzUyMDFlZmM5YTIyMGFjYTp7Il9hdXRoX3VzZXJfaWQiOiIyMCIsIl9hdXRoX3VzZXJfYmFja2VuZCI6ImFsbGF1dGguYWNjb3VudC5hdXRoX2JhY2tlbmRzLkF1dGhlbnRpY2F0aW9uQmFja2VuZCIsIl9hdXRoX3VzZXJfaGFzaCI6ImUwZDc4OWEyZGVlZDM0OTdlOWUwYjM3ODNjYTEwNDE0NDBkZDYzNWUiLCJzb2NpYWxhY2NvdW50X3N0YXRlIjpbeyJwcm9jZXNzIjoibG9naW4iLCJzY29wZSI6IiIsImF1dGhfcGFyYW1zIjoiIn0sIkZ0RHBQdTRvV0xaMSJdfQ==	2022-04-20 06:52:25.783501-07
m8mdqt6kdq3n4z8qgrobj4nry86l74ny	MDA3OWM4ZWRiZjNmM2YwOTBkNDM0OWNiYTg5NTRhZWUxNTFmOWI0Yjp7Il9hdXRoX3VzZXJfaWQiOiIxMyIsIl9hdXRoX3VzZXJfYmFja2VuZCI6ImFsbGF1dGguYWNjb3VudC5hdXRoX2JhY2tlbmRzLkF1dGhlbnRpY2F0aW9uQmFja2VuZCIsIl9hdXRoX3VzZXJfaGFzaCI6ImJhOThlMWUwYWQ1MGNjNjkyYzU0ODYxMGE5NWU4NDZkOTNjZGEwN2IifQ==	2022-05-02 11:24:00.268339-07
c0e14ax22nd06lddzcr6a6h5u917tfpr	ZWYwMTVlZTlhYzkyNjViYWJmZDI5ZDk4YjA1OWNlMzVjODI3MmU2Njp7InNvY2lhbGFjY291bnRfc3RhdGUiOlt7InByb2Nlc3MiOiJsb2dpbiIsInNjb3BlIjoiIiwiYXV0aF9wYXJhbXMiOiIifSwieU9iOUZ1YnpGNXl5Il19	2022-03-28 09:36:31.33052-07
3apfuv4ked1nmil59iy3ud00njk1d3dt	MDA3OWM4ZWRiZjNmM2YwOTBkNDM0OWNiYTg5NTRhZWUxNTFmOWI0Yjp7Il9hdXRoX3VzZXJfaWQiOiIxMyIsIl9hdXRoX3VzZXJfYmFja2VuZCI6ImFsbGF1dGguYWNjb3VudC5hdXRoX2JhY2tlbmRzLkF1dGhlbnRpY2F0aW9uQmFja2VuZCIsIl9hdXRoX3VzZXJfaGFzaCI6ImJhOThlMWUwYWQ1MGNjNjkyYzU0ODYxMGE5NWU4NDZkOTNjZGEwN2IifQ==	2022-06-22 20:58:42.297562-07
khn9y6a6nvi475ra2nzipsnst3v6flke	OWVhOGZlMGI2Yzg0YmRlZjk2OTU4OGNjMTcxMGQyY2ZkZjg0ZmI1Mzp7Il9hdXRoX3VzZXJfaWQiOiI5IiwiX2F1dGhfdXNlcl9iYWNrZW5kIjoiYWxsYXV0aC5hY2NvdW50LmF1dGhfYmFja2VuZHMuQXV0aGVudGljYXRpb25CYWNrZW5kIiwiX2F1dGhfdXNlcl9oYXNoIjoiMzZiNGI3Yzg1NmM1YzI0NDk2MWI5MmM3OWM4ZjhiNmFmOWRkN2JmNSJ9	2022-05-12 14:31:54.709289-07
xgic06onvhohljh82vvmix3tfs6z9pbi	YzQzMGFkNmNlNmFlNWE5M2U5ZTJhNGI3NGZlMDdkZWQ4NzAxZTMxOTp7Il9hdXRoX3VzZXJfaWQiOiI0IiwiX2F1dGhfdXNlcl9iYWNrZW5kIjoiYWxsYXV0aC5hY2NvdW50LmF1dGhfYmFja2VuZHMuQXV0aGVudGljYXRpb25CYWNrZW5kIiwiX2F1dGhfdXNlcl9oYXNoIjoiY2JiNWRlNDQzZDQxOTQ0OGQyZDI4ZTVhNGIzODZjNjRjOGEzNjQwMCJ9	2022-04-11 10:57:53.617021-07
0d8crl3bkrn9emrcbzl0f5bd27jfpkdf	MmFkMmYwN2Q0OTVlNGFlYTcwN2UyY2FkZWNkMGQ2MWExZDcyZjM4ODp7InNvY2lhbGFjY291bnRfc3RhdGUiOlt7InByb2Nlc3MiOiJsb2dpbiIsInNjb3BlIjoiIiwiYXV0aF9wYXJhbXMiOiIifSwiSnpZZ2NHQVVzZ1g0Il19	2022-04-26 12:35:38.305596-07
0vm3qfx2v209ktk3cizai934er9qoql1	NzNmMmNmN2U4YjhhOGFkMDdhZDBhNjY3ZDI1ZjNhMWIwOWIyZTYxZTp7Il9hdXRoX3VzZXJfaWQiOiIxNSIsIl9hdXRoX3VzZXJfYmFja2VuZCI6ImFsbGF1dGguYWNjb3VudC5hdXRoX2JhY2tlbmRzLkF1dGhlbnRpY2F0aW9uQmFja2VuZCIsIl9hdXRoX3VzZXJfaGFzaCI6Ijc4OTE3ZWUwMGI3YmQ0Y2JlYTdmMTI2OGZhMDdjYTI5NDg2MDg4NjYifQ==	2022-05-17 08:57:08.360475-07
kaifo1ngujo63qiop3sire9ad7om6bqz	NzNmMmNmN2U4YjhhOGFkMDdhZDBhNjY3ZDI1ZjNhMWIwOWIyZTYxZTp7Il9hdXRoX3VzZXJfaWQiOiIxNSIsIl9hdXRoX3VzZXJfYmFja2VuZCI6ImFsbGF1dGguYWNjb3VudC5hdXRoX2JhY2tlbmRzLkF1dGhlbnRpY2F0aW9uQmFja2VuZCIsIl9hdXRoX3VzZXJfaGFzaCI6Ijc4OTE3ZWUwMGI3YmQ0Y2JlYTdmMTI2OGZhMDdjYTI5NDg2MDg4NjYifQ==	2022-03-31 21:49:45.981835-07
t2qpeta5yf247ncfn1cpmipo2jslmge0	NjMyM2M2ZTZiYjhlNDM3ZDE0ZWI5ZTc4MDJkNzM0Yzk0N2NjMzhhYTp7Il9hdXRoX3VzZXJfaWQiOiIyMiIsIl9hdXRoX3VzZXJfYmFja2VuZCI6ImFsbGF1dGguYWNjb3VudC5hdXRoX2JhY2tlbmRzLkF1dGhlbnRpY2F0aW9uQmFja2VuZCIsIl9hdXRoX3VzZXJfaGFzaCI6ImNmYmUwZWJjMDFmOTcwNTk4ZjcyNGM4YzU0OGFhNTIyN2ViMjcwYzMifQ==	2022-06-07 10:55:13.662737-07
oor6guhun0r7vareyfwk3rvh3jaomxcs	MWM0ZTZlNWM4ODk0Yjg5MzE5NDU0MWRhODM3YTJkYTIxODc4ODkxNDp7InNvY2lhbGFjY291bnRfc3RhdGUiOlt7InByb2Nlc3MiOiJsb2dpbiIsInNjb3BlIjoiIiwiYXV0aF9wYXJhbXMiOiIifSwiWGw2cnZzOWJtd3RuIl19	2022-04-21 05:41:32.31246-07
tyghad1y0pcmfg1fa6b7exsyl964hszz	NTIxYWYzZGI5ZDRmYWNhYWM4NmNhODJiZTgxYWMzNTZmNThkYmVmODp7InNvY2lhbGFjY291bnRfc3RhdGUiOlt7InByb2Nlc3MiOiJsb2dpbiIsInNjb3BlIjoiIiwiYXV0aF9wYXJhbXMiOiIifSwiNUFaN1JBUkZOUnBuIl19	2022-04-11 11:11:02.892348-07
572s83p538cnc8hc9oeyhujhaco9w4tp	MDA3OWM4ZWRiZjNmM2YwOTBkNDM0OWNiYTg5NTRhZWUxNTFmOWI0Yjp7Il9hdXRoX3VzZXJfaWQiOiIxMyIsIl9hdXRoX3VzZXJfYmFja2VuZCI6ImFsbGF1dGguYWNjb3VudC5hdXRoX2JhY2tlbmRzLkF1dGhlbnRpY2F0aW9uQmFja2VuZCIsIl9hdXRoX3VzZXJfaGFzaCI6ImJhOThlMWUwYWQ1MGNjNjkyYzU0ODYxMGE5NWU4NDZkOTNjZGEwN2IifQ==	2022-03-25 07:54:31.645996-07
tqnsfeqlwyhl8fuzftoq1mfrzjabt8cy	MTBiNGI1MWEyNGU2NmM3ZTM2NjYwYTBhZjRiNDE3ODFjZTBjMGJmMDp7Il9hdXRoX3VzZXJfaWQiOiIxMiIsIl9hdXRoX3VzZXJfYmFja2VuZCI6ImFsbGF1dGguYWNjb3VudC5hdXRoX2JhY2tlbmRzLkF1dGhlbnRpY2F0aW9uQmFja2VuZCIsIl9hdXRoX3VzZXJfaGFzaCI6Ijg1MGFkNGUzZGQ2NDk5MjZhM2IxNjI2ZTExNmNhMjBhOWY2NjEzYTMifQ==	2022-03-12 11:30:37.450338-07
62g8kdhf84o5p9m6ajtcuwgx8ifjojvw	ODRmZTAxNmVkZmQ1NTFkZjk0ZjVjNWQ5OGViZGExNWM2OTViNDg3OTp7InNvY2lhbGFjY291bnRfc3RhdGUiOlt7InByb2Nlc3MiOiJsb2dpbiIsInNjb3BlIjoiIiwiYXV0aF9wYXJhbXMiOiIifSwibFlSdk01cVhlOWlsIl19	2022-03-19 07:49:04.140952-07
l7sn7q2541cgsgegl5hnbf4ipc6pwp7b	NDBhMWZhYmI3NDIwYjcwZjMyYTJmYTEwYjc5Y2FiYzFjOGJhMjU5Nzp7InNvY2lhbGFjY291bnRfc3RhdGUiOlt7InByb2Nlc3MiOiJsb2dpbiIsInNjb3BlIjoiIiwiYXV0aF9wYXJhbXMiOiIifSwiVVVFU0ZJbVVIVXk1Il19	2022-05-02 23:03:22.866742-07
8sx2jtx07vh8wg63pe6qusoptzg2wady	OWVmNGRkMjExOGVlY2Y0MDEzYjUzOGMyZTVkNzE5YTgzMjYxZGUyNzp7InNvY2lhbGFjY291bnRfc3RhdGUiOlt7InByb2Nlc3MiOiJsb2dpbiIsInNjb3BlIjoiIiwiYXV0aF9wYXJhbXMiOiIifSwiOGxEa3o5VGEyVFY1Il19	2022-06-22 21:10:26.870821-07
ue82rq0i7518l4jdof2asv12tqtnbiv4	YmE3ZmE0NTQxNTcxMjM1YTFkMDk1NDMyODlhOTgzMGNkNDQ1NzI1OTp7Il9hdXRoX3VzZXJfaWQiOiI3IiwiX2F1dGhfdXNlcl9iYWNrZW5kIjoiYWxsYXV0aC5hY2NvdW50LmF1dGhfYmFja2VuZHMuQXV0aGVudGljYXRpb25CYWNrZW5kIiwiX2F1dGhfdXNlcl9oYXNoIjoiZDVkMTQ1NmM1YjVkNjc4NmMxNWIwMThkNDhjZGIxYzJhMWRlNzU2NCJ9	2022-04-12 15:39:15.676845-07
p4rhfepp1czd1ddqpmry6mrwleghg535	OWVhOGZlMGI2Yzg0YmRlZjk2OTU4OGNjMTcxMGQyY2ZkZjg0ZmI1Mzp7Il9hdXRoX3VzZXJfaWQiOiI5IiwiX2F1dGhfdXNlcl9iYWNrZW5kIjoiYWxsYXV0aC5hY2NvdW50LmF1dGhfYmFja2VuZHMuQXV0aGVudGljYXRpb25CYWNrZW5kIiwiX2F1dGhfdXNlcl9oYXNoIjoiMzZiNGI3Yzg1NmM1YzI0NDk2MWI5MmM3OWM4ZjhiNmFmOWRkN2JmNSJ9	2022-04-25 11:21:44.23945-07
2ypjqpj1a1b3gnx54moa2vemyyol147a	YzQzMGFkNmNlNmFlNWE5M2U5ZTJhNGI3NGZlMDdkZWQ4NzAxZTMxOTp7Il9hdXRoX3VzZXJfaWQiOiI0IiwiX2F1dGhfdXNlcl9iYWNrZW5kIjoiYWxsYXV0aC5hY2NvdW50LmF1dGhfYmFja2VuZHMuQXV0aGVudGljYXRpb25CYWNrZW5kIiwiX2F1dGhfdXNlcl9oYXNoIjoiY2JiNWRlNDQzZDQxOTQ0OGQyZDI4ZTVhNGIzODZjNjRjOGEzNjQwMCJ9	2022-05-09 11:30:17.185848-07
zkm125pfmri7ea5pw5drsvm119mwws9e	YzQzMGFkNmNlNmFlNWE5M2U5ZTJhNGI3NGZlMDdkZWQ4NzAxZTMxOTp7Il9hdXRoX3VzZXJfaWQiOiI0IiwiX2F1dGhfdXNlcl9iYWNrZW5kIjoiYWxsYXV0aC5hY2NvdW50LmF1dGhfYmFja2VuZHMuQXV0aGVudGljYXRpb25CYWNrZW5kIiwiX2F1dGhfdXNlcl9oYXNoIjoiY2JiNWRlNDQzZDQxOTQ0OGQyZDI4ZTVhNGIzODZjNjRjOGEzNjQwMCJ9	2022-05-24 09:54:00.161692-07
vy588qnqw8tp6zxqf1fh8ui3ihccgq2s	MDA3OWM4ZWRiZjNmM2YwOTBkNDM0OWNiYTg5NTRhZWUxNTFmOWI0Yjp7Il9hdXRoX3VzZXJfaWQiOiIxMyIsIl9hdXRoX3VzZXJfYmFja2VuZCI6ImFsbGF1dGguYWNjb3VudC5hdXRoX2JhY2tlbmRzLkF1dGhlbnRpY2F0aW9uQmFja2VuZCIsIl9hdXRoX3VzZXJfaGFzaCI6ImJhOThlMWUwYWQ1MGNjNjkyYzU0ODYxMGE5NWU4NDZkOTNjZGEwN2IifQ==	2022-05-30 10:50:33.65136-07
d8pic3p7lu5xnam2modi7ao5zfd4cefu	YmE3ZmE0NTQxNTcxMjM1YTFkMDk1NDMyODlhOTgzMGNkNDQ1NzI1OTp7Il9hdXRoX3VzZXJfaWQiOiI3IiwiX2F1dGhfdXNlcl9iYWNrZW5kIjoiYWxsYXV0aC5hY2NvdW50LmF1dGhfYmFja2VuZHMuQXV0aGVudGljYXRpb25CYWNrZW5kIiwiX2F1dGhfdXNlcl9oYXNoIjoiZDVkMTQ1NmM1YjVkNjc4NmMxNWIwMThkNDhjZGIxYzJhMWRlNzU2NCJ9	2022-03-08 15:19:37.063451-07
dcxaza8xvefwb5s2o4pvmdfy6795732u	YjNiNmUyNDI2MTMwZTdkMWZiNjJjYTE5N2E1Y2Y3ZjlmYWQ3NmU2YTp7InNvY2lhbGFjY291bnRfc3RhdGUiOlt7InByb2Nlc3MiOiJsb2dpbiIsInNjb3BlIjoiIiwiYXV0aF9wYXJhbXMiOiIifSwiUmVmVzd6eFJTOEFLIl19	2022-03-09 10:41:40.555584-07
m2avp5j0327u8hxuyc0c6m2okcekan9c	M2UyZjllMzIzZmRiMjQ4NzM4YWRiMTI2NTM5NWQ2OGZhNDYzNWQyYzp7InNvY2lhbGFjY291bnRfc3RhdGUiOlt7InByb2Nlc3MiOiJsb2dpbiIsInNjb3BlIjoiIiwiYXV0aF9wYXJhbXMiOiIifSwid1hKYXIyazAwcFhMIl19	2022-03-09 10:41:40.69829-07
nsdl6djwkggnizrm2fqtuneyrtpi5fqd	MDg4MDMyMDllNDgyMTRjMmRlNGNiOGIzZTQ2OWNjODMwMjQzNDFhYzp7Il9hdXRoX3VzZXJfaWQiOiIzIiwiX2F1dGhfdXNlcl9iYWNrZW5kIjoiYWxsYXV0aC5hY2NvdW50LmF1dGhfYmFja2VuZHMuQXV0aGVudGljYXRpb25CYWNrZW5kIiwiX2F1dGhfdXNlcl9oYXNoIjoiYzQ5YzAyYTE3NGNjYmY3ZjkzZmNmZGY2Zjc5OWVjZTUyN2I3MzdiYiJ9	2022-04-28 10:03:48.068487-07
xapx1z5m44nzacop3tyqm935zmfd0f4o	MDIyNzM5NjFkYzYzZTA4YjIzNTlmMDM0NTU3ZTFiMzljMzA5YjFmOTp7Il9hdXRoX3VzZXJfaWQiOiIxMCIsIl9hdXRoX3VzZXJfYmFja2VuZCI6ImFsbGF1dGguYWNjb3VudC5hdXRoX2JhY2tlbmRzLkF1dGhlbnRpY2F0aW9uQmFja2VuZCIsIl9hdXRoX3VzZXJfaGFzaCI6ImIzODRmNWY5MjMwNGI5OWMyM2Q3MDFiM2FlYmQ0ZjZjZGE0N2FmODgifQ==	2022-03-12 10:12:20.634041-07
h8h2owjvntpfbkjxep1u8d9092yhh3ge	MDg4MDMyMDllNDgyMTRjMmRlNGNiOGIzZTQ2OWNjODMwMjQzNDFhYzp7Il9hdXRoX3VzZXJfaWQiOiIzIiwiX2F1dGhfdXNlcl9iYWNrZW5kIjoiYWxsYXV0aC5hY2NvdW50LmF1dGhfYmFja2VuZHMuQXV0aGVudGljYXRpb25CYWNrZW5kIiwiX2F1dGhfdXNlcl9oYXNoIjoiYzQ5YzAyYTE3NGNjYmY3ZjkzZmNmZGY2Zjc5OWVjZTUyN2I3MzdiYiJ9	2022-06-16 15:26:53.134358-07
hgofxlkj1erdbqtsqqu2x2rzpxx6eirw	MDA3OWM4ZWRiZjNmM2YwOTBkNDM0OWNiYTg5NTRhZWUxNTFmOWI0Yjp7Il9hdXRoX3VzZXJfaWQiOiIxMyIsIl9hdXRoX3VzZXJfYmFja2VuZCI6ImFsbGF1dGguYWNjb3VudC5hdXRoX2JhY2tlbmRzLkF1dGhlbnRpY2F0aW9uQmFja2VuZCIsIl9hdXRoX3VzZXJfaGFzaCI6ImJhOThlMWUwYWQ1MGNjNjkyYzU0ODYxMGE5NWU4NDZkOTNjZGEwN2IifQ==	2022-05-02 11:02:58.370591-07
9u7lmnnqgyl2h5y4slzjivbamvk2404v	NzFkYzU1ZWMyN2QyYmY2YmUyYmY0MTFkY2UyM2Q1YTNhYTYxNWUzMTp7Il9hdXRoX3VzZXJfaWQiOiIxNyIsIl9hdXRoX3VzZXJfYmFja2VuZCI6ImFsbGF1dGguYWNjb3VudC5hdXRoX2JhY2tlbmRzLkF1dGhlbnRpY2F0aW9uQmFja2VuZCIsIl9hdXRoX3VzZXJfaGFzaCI6ImE2ZjQzYzljZWJmMTYzMWNkNjI2YWE1ZTI5NDBhYWQ5MTIwODQ3NTAifQ==	2022-03-19 23:29:11.097815-07
2z7jta9qcekz7n02q7mrmamigj7tgcp3	OGRmNWYxZGRlMzliODJjOGI1NjMyN2IxZmM5YjYyMjcwMDNiNmYzNjp7InNvY2lhbGFjY291bnRfc3RhdGUiOlt7InByb2Nlc3MiOiJsb2dpbiIsInNjb3BlIjoiIiwiYXV0aF9wYXJhbXMiOiIifSwidFZQb1JLV0VkdFRSIl19	2022-03-23 09:25:14.960202-07
n5sz05i4j1j3hwjzre3e222dzuroujg7	MDA3OWM4ZWRiZjNmM2YwOTBkNDM0OWNiYTg5NTRhZWUxNTFmOWI0Yjp7Il9hdXRoX3VzZXJfaWQiOiIxMyIsIl9hdXRoX3VzZXJfYmFja2VuZCI6ImFsbGF1dGguYWNjb3VudC5hdXRoX2JhY2tlbmRzLkF1dGhlbnRpY2F0aW9uQmFja2VuZCIsIl9hdXRoX3VzZXJfaGFzaCI6ImJhOThlMWUwYWQ1MGNjNjkyYzU0ODYxMGE5NWU4NDZkOTNjZGEwN2IifQ==	2022-04-22 10:26:44.824867-07
qha7bgeejvxyznjmkd2gbvtxudmse2d7	OWQxOWJhZDZkNWRhYWVlMGMwODgxNjE1YjUxODI5NjZmNjQ0N2Q2YTp7InNvY2lhbGFjY291bnRfc3RhdGUiOlt7InByb2Nlc3MiOiJsb2dpbiIsInNjb3BlIjoiIiwiYXV0aF9wYXJhbXMiOiIifSwieEczNVV4aDZEdlNRIl19	2022-04-26 00:35:28.699305-07
xl4e4e7v7tjo0ecsb8efeq1v5lvnkjyb	OWVhOGZlMGI2Yzg0YmRlZjk2OTU4OGNjMTcxMGQyY2ZkZjg0ZmI1Mzp7Il9hdXRoX3VzZXJfaWQiOiI5IiwiX2F1dGhfdXNlcl9iYWNrZW5kIjoiYWxsYXV0aC5hY2NvdW50LmF1dGhfYmFja2VuZHMuQXV0aGVudGljYXRpb25CYWNrZW5kIiwiX2F1dGhfdXNlcl9oYXNoIjoiMzZiNGI3Yzg1NmM1YzI0NDk2MWI5MmM3OWM4ZjhiNmFmOWRkN2JmNSJ9	2022-03-28 09:43:57.09055-07
u6bqxoz74g0vns56lkwjnmu9l0rw4rxx	NzFkYzU1ZWMyN2QyYmY2YmUyYmY0MTFkY2UyM2Q1YTNhYTYxNWUzMTp7Il9hdXRoX3VzZXJfaWQiOiIxNyIsIl9hdXRoX3VzZXJfYmFja2VuZCI6ImFsbGF1dGguYWNjb3VudC5hdXRoX2JhY2tlbmRzLkF1dGhlbnRpY2F0aW9uQmFja2VuZCIsIl9hdXRoX3VzZXJfaGFzaCI6ImE2ZjQzYzljZWJmMTYzMWNkNjI2YWE1ZTI5NDBhYWQ5MTIwODQ3NTAifQ==	2022-05-16 07:30:03.439517-07
sv0933eyhj7s4yoax31664fvyu9thtye	MDA3OWM4ZWRiZjNmM2YwOTBkNDM0OWNiYTg5NTRhZWUxNTFmOWI0Yjp7Il9hdXRoX3VzZXJfaWQiOiIxMyIsIl9hdXRoX3VzZXJfYmFja2VuZCI6ImFsbGF1dGguYWNjb3VudC5hdXRoX2JhY2tlbmRzLkF1dGhlbnRpY2F0aW9uQmFja2VuZCIsIl9hdXRoX3VzZXJfaGFzaCI6ImJhOThlMWUwYWQ1MGNjNjkyYzU0ODYxMGE5NWU4NDZkOTNjZGEwN2IifQ==	2022-05-22 05:35:20.285255-07
8n47ixy5s1f4fmg4vs2ac5g4ghh5q3rh	MDA3OWM4ZWRiZjNmM2YwOTBkNDM0OWNiYTg5NTRhZWUxNTFmOWI0Yjp7Il9hdXRoX3VzZXJfaWQiOiIxMyIsIl9hdXRoX3VzZXJfYmFja2VuZCI6ImFsbGF1dGguYWNjb3VudC5hdXRoX2JhY2tlbmRzLkF1dGhlbnRpY2F0aW9uQmFja2VuZCIsIl9hdXRoX3VzZXJfaGFzaCI6ImJhOThlMWUwYWQ1MGNjNjkyYzU0ODYxMGE5NWU4NDZkOTNjZGEwN2IifQ==	2022-05-30 10:50:31.808132-07
\.


--
-- Data for Name: django_site; Type: TABLE DATA; Schema: public; Owner: postgres
--

COPY public.django_site (id, domain, name) FROM stdin;
1	example.com	example.com
2	127.0.0.1	127.0.0.1
3	ss-chiefriver.dhcp.asu.edu	ss-chiefriver.dhcp.asu.edu
\.


--
-- Data for Name: socialaccount_socialaccount; Type: TABLE DATA; Schema: public; Owner: postgres
--

COPY public.socialaccount_socialaccount (id, provider, uid, last_login, date_joined, extra_data, user_id) FROM stdin;
11	google	109257532815776181627	2022-03-19 09:17:44.989776-07	2022-02-09 13:18:20.907946-07	{"id": "109257532815776181627", "email": "malzein@asu.edu", "verified_email": true, "name": "Mohamad Al Zein", "given_name": "Mohamad", "family_name": "Al Zein", "picture": "https://lh3.googleusercontent.com/a/AATXAJxTobl9h9xiBM6rMifomR1_SootT8hb2w6jrMNu=s96-c", "locale": "en", "hd": "asu.edu"}	12
1	google	103511897339789035363	2022-02-10 14:36:39.93758-07	2022-01-12 13:14:52.127011-07	{"id": "103511897339789035363", "email": "whitehope93@gmail.com", "verified_email": true, "name": "Pavithra Devi R", "given_name": "Pavithra Devi", "family_name": "R", "picture": "https://lh3.googleusercontent.com/a-/AOh14GjecZ-b3Qht6OOgmddqA-G3cB-Zq87PlAFmAv8ocA=s96-c", "locale": "en"}	2
7	google	111427367304968299386	2022-02-04 15:35:27.721496-07	2022-02-04 15:27:28.543234-07	{"id": "111427367304968299386", "email": "clhowel1@asu.edu", "verified_email": true, "name": "Colby Howell", "given_name": "Colby", "family_name": "Howell", "link": "https://plus.google.com/111427367304968299386", "picture": "https://lh3.googleusercontent.com/a-/AOh14GgCr3SnGnEJCPnLQFFi7jRu6V6rSX1TBpVTAqQUhw=s96-c", "gender": "female", "locale": "en", "hd": "asu.edu"}	8
20	google	108239568110502322683	2022-04-01 06:35:09.478357-07	2022-04-01 06:35:09.478387-07	{"id": "108239568110502322683", "email": "jill.egan@sjsu.edu", "verified_email": true, "name": "Jill Egan", "given_name": "Jill", "family_name": "Egan", "picture": "https://lh3.googleusercontent.com/a-/AOh14Ghf3GMokWtBgLZiGrPEwEnZiRMDg7yYsDOw1Kjq=s96-c", "locale": "en", "hd": "sjsu.edu"}	21
9	google	108554526233060969197	2022-04-12 00:35:30.459831-07	2022-02-09 11:53:35.256409-07	{"id": "108554526233060969197", "email": "cduthie@asu.edu", "verified_email": true, "name": "Christopher Duthie", "given_name": "Christopher", "family_name": "Duthie", "picture": "https://lh3.googleusercontent.com/a-/AOh14Gg81Ddc2MbcbpqpmINDGA3QUgthXMMIDf0Ja5-fsQ=s96-c", "locale": "en", "hd": "asu.edu"}	10
3	google	114725163858735370653	2022-06-03 10:22:07.390309-07	2022-01-21 15:44:57.828175-07	{"id": "114725163858735370653", "email": "sjordan4@asu.edu", "verified_email": true, "name": "Sara Jordan", "given_name": "Sara", "family_name": "Jordan", "picture": "https://lh3.googleusercontent.com/a/AATXAJx8nLOvCdi1ORuit1Cl_ipmlzQHi_FRo73Bx35L=s96-c", "locale": "en", "hd": "asu.edu"}	4
4	google	112654188255735633208	2022-02-16 09:10:47.30892-07	2022-01-31 14:36:27.122555-07	{"id": "112654188255735633208", "email": "khalmeka@asu.edu", "verified_email": true, "name": "Katie Halmekangas", "given_name": "Katie", "family_name": "Halmekangas", "picture": "https://lh3.googleusercontent.com/a/AATXAJzYKKkPe-he87KIfYEvbyxsAWOoEgWEAAtcQXeV=s96-c", "locale": "en", "hd": "asu.edu"}	5
8	google	106338426563567399364	2022-04-28 14:31:54.673289-07	2022-02-07 11:35:22.676028-07	{"id": "106338426563567399364", "email": "mabuhamm@asu.edu", "verified_email": true, "name": "MOSAB ABU HAMMAD", "given_name": "MOSAB", "family_name": "ABU HAMMAD", "picture": "https://lh3.googleusercontent.com/a-/AOh14GhV93qk3ksnAixd9kTEfl725BZvglVI4-n-_9-U=s96-c", "locale": "en", "hd": "asu.edu"}	9
6	google	105536138943872757659	2022-04-26 15:29:42.882697-07	2022-01-31 15:31:02.429941-07	{"id": "105536138943872757659", "email": "bspenc13@asu.edu", "verified_email": true, "name": "Benjamin Harvey Spencer", "given_name": "Benjamin Harvey", "family_name": "Spencer", "picture": "https://lh3.googleusercontent.com/a/AATXAJx9HRrFa9DadoYEOGInb9M9HiYwc-nkxNHd0kkK=s96-c", "locale": "en", "hd": "asu.edu"}	7
17	google	111950224684128590408	2022-04-18 23:03:29.213276-07	2022-03-17 21:49:32.739497-07	{"id": "111950224684128590408", "email": "cootaluka@gmail.com", "verified_email": true, "name": "Christine Otaluka", "given_name": "Christine", "family_name": "Otaluka", "picture": "https://lh3.googleusercontent.com/a-/AOh14GhDp5appXF6y0xiMGM69fli06H6Ah5fjbwSR0myJDg=s96-c", "locale": "en"}	18
2	google	117820541944770885645	2022-06-02 15:29:36.752546-07	2022-01-12 15:12:45.723845-07	{"id": "117820541944770885645", "email": "zserhan@asu.edu", "verified_email": true, "name": "Zeinab Serhan", "given_name": "Zeinab", "family_name": "Serhan", "picture": "https://lh3.googleusercontent.com/a/AATXAJyLynHfwfAXl8JMJ1rH9rWY-odzFuDDFSDCmiUs=s96-c", "locale": "en", "hd": "asu.edu"}	3
13	google	104225885587092472092	2022-02-14 18:53:44.770218-07	2022-02-14 18:44:30.071045-07	{"id": "104225885587092472092", "email": "cfinkbe1@asu.edu", "verified_email": true, "name": "Courtney Finkbeiner", "given_name": "Courtney", "family_name": "Finkbeiner", "picture": "https://lh3.googleusercontent.com/a/AATXAJxzHWwQ52Ol1AOJ379-BEjqegIkGmM6fyBqPVbP=s96-c", "locale": "en", "hd": "asu.edu"}	14
15	google	114350796854204467373	2022-02-24 18:35:39.76344-07	2022-02-24 18:26:00.062658-07	{"id": "114350796854204467373", "email": "mahadda1@asu.edu", "verified_email": true, "name": "Mary Haddad", "given_name": "Mary", "family_name": "Haddad", "link": "https://plus.google.com/114350796854204467373", "picture": "https://lh3.googleusercontent.com/a-/AOh14GgMLSCOdGLu7F_gz-OfycW4gek4MeWFxXSDoQnXyA=s96-c", "gender": "female", "locale": "en", "hd": "asu.edu"}	16
19	google	105396540342100639785	2022-04-06 06:52:01.588999-07	2022-04-01 06:34:21.539163-07	{"id": "105396540342100639785", "email": "jegan6@asu.edu", "verified_email": true, "name": "Jill Egan", "given_name": "Jill", "family_name": "Egan", "picture": "https://lh3.googleusercontent.com/a/AATXAJxHqc9bOKPzIuR5mw9h2XefYtsxCMyjqlgM4vkU=s96-c", "locale": "en", "hd": "asu.edu"}	20
16	google	110177397763560927867	2022-05-16 07:30:25.810777-07	2022-03-05 07:49:12.544773-07	{"id": "110177397763560927867", "email": "mabdo2@asu.edu", "verified_email": true, "name": "Marwa Abdou", "given_name": "Marwa", "family_name": "Abdou", "picture": "https://lh3.googleusercontent.com/a-/AOh14Ghoe5hagTBqrhdxxgdvsxT-sH_GwiVlJGUmJa1b=s96-c", "locale": "en", "hd": "asu.edu"}	17
18	google	116270125884648569240	2022-04-12 14:00:03.783061-07	2022-03-23 10:09:02.123248-07	{"id": "116270125884648569240", "email": "benjspencertv@gmail.com", "verified_email": true, "name": "Benjamin Spencer", "given_name": "Benjamin", "family_name": "Spencer", "picture": "https://lh3.googleusercontent.com/a-/AOh14GjtUsYECoeYrrnVMkKAvHZaxnurS9fsFjOQrBip4A=s96-c", "locale": "en-GB"}	19
14	google	116869176631061583959	2022-05-03 08:57:08.326311-07	2022-02-15 13:28:33.531331-07	{"id": "116869176631061583959", "email": "cotaluka@asu.edu", "verified_email": true, "name": "Christine Otaluka", "given_name": "Christine", "family_name": "Otaluka", "picture": "https://lh3.googleusercontent.com/a/AATXAJzKvxZUBUfc0F1gWZqkqA_pTzmYs7Gzcjfwkt7i=s96-c", "locale": "en", "hd": "asu.edu"}	15
12	google	113283921911194908136	2022-06-08 21:10:29.481314-07	2022-02-09 13:45:18.803675-07	{"id": "113283921911194908136", "email": "prajkuma@asu.edu", "verified_email": true, "name": "Pavithra Devi Rajkumar", "given_name": "Pavithra Devi", "family_name": "Rajkumar", "picture": "https://lh3.googleusercontent.com/a-/AOh14GjSPZk8XVIcDdW34xzkoqmGWT_HeA_pp47P244g=s96-c", "locale": "en", "hd": "asu.edu"}	13
21	google	118242075587901857854	2022-05-24 10:55:13.631281-07	2022-05-24 10:53:41.53992-07	{"id": "118242075587901857854", "email": "hmontie1@asu.edu", "verified_email": true, "name": "Hugo Montiel", "given_name": "Hugo", "family_name": "Montiel", "picture": "https://lh3.googleusercontent.com/a/AATXAJwOw_CTaORWGkgCpAvV9enlmfQ8ZWyVmBNCKqi6=s96-c", "locale": "en", "hd": "asu.edu"}	22
\.


--
-- Data for Name: socialaccount_socialapp; Type: TABLE DATA; Schema: public; Owner: postgres
--

COPY public.socialaccount_socialapp (id, provider, name, client_id, secret, key) FROM stdin;
1	google	Google OAuth	420698844269-nm080rbup0c7fgkvbf9sp2142e9rlgec.apps.googleusercontent.com	4alVYKbGSfreYN3u7CsVvFyi	
\.


--
-- Data for Name: socialaccount_socialapp_sites; Type: TABLE DATA; Schema: public; Owner: postgres
--

COPY public.socialaccount_socialapp_sites (id, socialapp_id, site_id) FROM stdin;
1	1	1
2	1	2
3	1	3
\.


--
-- Data for Name: socialaccount_socialtoken; Type: TABLE DATA; Schema: public; Owner: postgres
--

COPY public.socialaccount_socialtoken (id, token, token_secret, expires_at, account_id, app_id) FROM stdin;
6	ya29.A0ARrdaM_PM_Gd2D2Xcshe-g-qVKsoFlXUpQMBJQ1C7Oc9wqek0Re3DQdk01p11VrHAaDMesyfxEBzTDoRbFWzpFj2Ps8N3D5XLXfU4o83tZBkshJpvDfxl4XDcliE5iQqRZogAHJyll5AJhWt__NCMwjXUuncEhE		2022-04-26 16:29:41.750874-07	6	1
7	ya29.A0ARrdaM8xASAScmbv0E9oeVJ177b7fo4gx7aCgMC2ekE25liTB9fTbNXL3vAM1KslgThcF4sXIfmJhDfhL5m68p1Ezbq7es1Iskpe9pmGqsCGFDhdxoCZjadvFlwxCAloVZu_kFBjJoisJS1GjR19-UTvPq2C		2022-02-04 16:35:26.577206-07	7	1
8	ya29.A0ARrdaM-1cMNLpRTsSwyhy8Zn14dDK2xRIYp6HVfUQqAYgFxu2SM_Hps-Eohqf1qIkW8kLwh9jeqrEnS9sEkcUAyD3fhLK437vas1fyK0dCbOuHzbCeQknLPbJMeRIT0_jTqdMBO03kNY-3pEivp3AIisHOCZ2n4		2022-04-28 15:31:52.352982-07	8	1
11	ya29.A0ARrdaM_wiOQ6WdGQ2R78jjZiLIb2JMzU7gyzoSajXxIFG2xKJGkC-rE2M6jGy9ZjUSj8vmmYPfHQH48SJAECfvXOZCdAjofNM4UiBusjoFKqbzNpEgKxha4j4KQWwtbrlEakibNzxWHfWGEFsnrpYWCkGrXL3pY		2022-03-19 10:17:43.852361-07	11	1
21	ya29.a0ARrdaM--lGS8rrMdmmKXG0FyAdHtQY7kGEmMWctEG74oyJNwNoeSTY8SalpK3wFjwwUZafHOIJ2-vawpaxLp37uWyEJHaUhhNsx1CFGPTiz7Yx38dRTtZ8o_XFKIZExRZCs5OQ4pGOPAHhnvk1M7zxZYoiqD		2022-05-24 11:55:12.48921-07	21	1
1	ya29.A0ARrdaM94TyGxabO11a6sD7WpovFkROArW5EbrlL2KcC8qdATKvHc_gA1TOv8xYBzXSvp4UXthYZCcVNcypMoYS-6X-0hqYs73T5nX7vfjkuYwgJ_JFoH5cDvvUteTE-zHiY3PK4BDKb8NGzuk0sf0eq9UGnDSRI		2022-02-10 15:36:38.802101-07	1	1
14	ya29.A0ARrdaM_5EjNhZ8h35MtAmqKXGNC2Saj4ZtiOjK4pjdS9_EoyqUdYVhFOJ7OP1NPH1x2mtr34Z18mGsPix2EXD71v0W17SUyZnGo1I_BCcUN5PYm-GnFpl65m3AQ_IqxbbDPwg2NhwggftA9UxGpPYnT9Hbi_p3A		2022-05-03 09:57:06.373011-07	14	1
13	ya29.A0ARrdaM_-vyEd-kpdaABP0WoKqinY-iOrjR6mko4rVQ9YVSYj_BdqnuIUEjN48FDWY0m53x-6vVewsQEiMUvi_eTxXwuo-dP8Pee9-WYXPkfxYJxS1HCjZzjHKVDu4P_rXaJkmeJcjVoxiahhvOzCDG_yRwRz		2022-02-14 19:53:43.634777-07	13	1
18	ya29.A0ARrdaM-tiXwxw1_6UGNAmsmdctk3aHHDYlC4B0TUlsD6v-d7cHLBDyvYEchz387eaCKjK6U1wozP1Tu0BzYYd4hj2NlaqwptkIx2YXzxuYI7wzL4-ZBXZwsN90UkVGC_PWht7DNcUInZ5JldzrJG9MkPJTXKFCo		2022-04-12 15:00:02.632574-07	18	1
2	ya29.a0ARrdaM_wgpFzvn3Lcf1D6d9J7eZfLq2-jAXgiaXOLU2Q8koqgWf5lFd556jylFRcDPNV4VUY_A-tNm9Y2CfiJRjWmbGz-FaFkZI4TtSbZnbTvdXDFdgXgNknfhNfHopAHrWVsTOmwgV5LzKRwOd8lbdq7tfjN2o		2022-06-02 16:29:35.589904-07	2	1
20	ya29.A0ARrdaM-3sc1KzhxgQQYLxKmgQDBNiJgLVo3HiYzDuRtoST6uBL8zWXkD4CB8W4iZGAHuGtXw9-GMnzmte0-Uj7QejCSxdFSXMe2LXzLa5A2Cfr9AZbgZ_N3Uz3fUOp89ZzoM_Q4lTls2rFiEUTB2ww_7p9Ee		2022-04-01 07:35:08.313759-07	20	1
3	ya29.a0ARrdaM9V92mAf7rDp8TvfRGB1bEjlh1GwBYupNM0yRFBAiI0l9_F7Wkc3RPEcsn6GAIwQn5cKf_49u5rkWMOwDvE-m8bnWzfoIo79A-7WnrFV9eMB0dyB3pyf5UfpmNzZRYGegdT1fJJ9BZnNXN3l0JViQ-TGeI		2022-06-03 11:22:06.229824-07	3	1
4	ya29.A0ARrdaM_A2Br0R44tfRCFOO3mrrfjc9PgFJuGQoP9pZ0yA85E7B6zDHsEHDZ6FhJo4fUyFRD9beIM7WfAq-FQWjZ_tHc5cCkmZekg_2KVc6IgwkWrexM6C8Mhy62pIFEc7UV66wDd-GVE0iPSv-MwUypGFspcPA		2022-02-16 10:10:46.169393-07	4	1
16	ya29.A0ARrdaM-s7HhqRxBWY2OQAoHzSLDJ5tX540Y_t_FqYiNmsHnq3oF8TANTT3lGoOOS1ZScsBjxoAa0Xm9d7pC0qsuOZzJ0XhKEJ0AEobB-ySjDoxlO15n_Sri0mZ7_KF5_zEJIIfpnyOwQb6NksZSbdX6LA_rj9Qs		2022-05-16 08:30:24.6591-07	16	1
15	ya29.A0ARrdaM9fUlLeeT7HVHBaTx1vPMBnV6MdPFFernsXvSLQ2FqsxLFE4anTYmyNRRfFK2PlP9z2HM9pkA1_UXiUwynbXnIo0IhKcw4eGP21S7TQtESRNq3r2-A0AEGD3tmmQZG3Lb2hj0oxmWARTtJ-v4B9w8rZ		2022-02-24 19:35:38.620034-07	15	1
19	ya29.A0ARrdaM9vhAG_vl2IziUUjqK68QhsXNCexWE5Sy_DDCSmXIKAOUNzRh-bwi9h7y-KPTLBs5dwEtW9wuH6MvP5kKSpKjPf5_e1s4UiL32xrx_BA6FpU4JPmPlc00c1hzoCFnzblvYmzXfXWBvYtGuxZwLm0ku8aw		2022-04-06 07:52:00.447004-07	19	1
12	ya29.a0ARrdaM8VasQfHc2SnKzmWEf4t9ikjKYFAatN9Qq-E737kXiJl3wF2-x0pv0OOaezCJvg9JbrUvDzDzkEmoalJEhpRmruv7rxHm3cP8DHgw5j0W_7tkkbguGjrrDSaukSOSSYWZgvA_W5xnwy1QSTf9dsenSuhvU		2022-06-08 22:10:28.339636-07	12	1
9	ya29.A0ARrdaM_3R591kYuh04nMrNEHMPS1rFYLg7UdnJ3A1sPQzV57MeZH06ZSP_9kgdMFF7ysbYlQdZrvuT1rM7FPU3Ldiu9Rcz51KytjUFRt_dppPDJjEYsyPiLjRQZVtvlvlc4pqZwwtNxSYlBQZ6OSH3AUSrabBl8		2022-04-12 01:35:29.267418-07	9	1
17	ya29.A0ARrdaM_Dhq3MHab0gTVzvpledasQVj8mjcvBVkjS6R3Tp8iaKKUb4lVcDKMtTmC4C4ArKgjbLoaSO6hPJ4kstJvfOuOvsNkBypsD5WnIve0aRXrQ9Tgfr8cNIWTtiBRTh_IXfmd-gvv_fstZAHEYb4gw8WxIl_w		2022-04-19 00:03:28.085171-07	17	1
\.


--
-- Name: account_emailaddress_id_seq; Type: SEQUENCE SET; Schema: public; Owner: postgres
--

SELECT pg_catalog.setval('public.account_emailaddress_id_seq', 21, true);


--
-- Name: account_emailconfirmation_id_seq; Type: SEQUENCE SET; Schema: public; Owner: postgres
--

SELECT pg_catalog.setval('public.account_emailconfirmation_id_seq', 1, false);


--
-- Name: auth_group_id_seq; Type: SEQUENCE SET; Schema: public; Owner: postgres
--

SELECT pg_catalog.setval('public.auth_group_id_seq', 3, true);


--
-- Name: auth_group_permissions_id_seq; Type: SEQUENCE SET; Schema: public; Owner: postgres
--

SELECT pg_catalog.setval('public.auth_group_permissions_id_seq', 5508, true);


--
-- Name: auth_permission_id_seq; Type: SEQUENCE SET; Schema: public; Owner: postgres
--

SELECT pg_catalog.setval('public.auth_permission_id_seq', 72, true);


--
-- Name: auth_user_groups_id_seq; Type: SEQUENCE SET; Schema: public; Owner: postgres
--

SELECT pg_catalog.setval('public.auth_user_groups_id_seq', 25, true);


--
-- Name: auth_user_id_seq; Type: SEQUENCE SET; Schema: public; Owner: postgres
--

SELECT pg_catalog.setval('public.auth_user_id_seq', 22, true);


--
-- Name: auth_user_user_permissions_id_seq; Type: SEQUENCE SET; Schema: public; Owner: postgres
--

SELECT pg_catalog.setval('public.auth_user_user_permissions_id_seq', 216, true);


--
-- Name: backend_content_id_seq; Type: SEQUENCE SET; Schema: public; Owner: postgres
--

SELECT pg_catalog.setval('public.backend_content_id_seq', 820, true);


--
-- Name: backend_content_metadata_id_seq; Type: SEQUENCE SET; Schema: public; Owner: postgres
--

SELECT pg_catalog.setval('public.backend_content_metadata_id_seq', 6074, true);


--
-- Name: backend_copyrightpermission_id_seq; Type: SEQUENCE SET; Schema: public; Owner: postgres
--

SELECT pg_catalog.setval('public.backend_copyrightpermission_id_seq', 18, true);


--
-- Name: backend_metadata_id_seq; Type: SEQUENCE SET; Schema: public; Owner: postgres
--

SELECT pg_catalog.setval('public.backend_metadata_id_seq', 3898, true);


--
-- Name: backend_metadatatype_id_seq; Type: SEQUENCE SET; Schema: public; Owner: postgres
--

SELECT pg_catalog.setval('public.backend_metadatatype_id_seq', 37, true);


--
-- Name: backend_organization_id_seq; Type: SEQUENCE SET; Schema: public; Owner: postgres
--

SELECT pg_catalog.setval('public.backend_organization_id_seq', 21, true);


--
-- Name: backend_profile_id_seq; Type: SEQUENCE SET; Schema: public; Owner: postgres
--

SELECT pg_catalog.setval('public.backend_profile_id_seq', 22, true);


--
-- Name: django_admin_log_id_seq; Type: SEQUENCE SET; Schema: public; Owner: postgres
--

SELECT pg_catalog.setval('public.django_admin_log_id_seq', 35, true);


--
-- Name: django_content_type_id_seq; Type: SEQUENCE SET; Schema: public; Owner: postgres
--

SELECT pg_catalog.setval('public.django_content_type_id_seq', 18, true);


--
-- Name: django_migrations_id_seq; Type: SEQUENCE SET; Schema: public; Owner: postgres
--

SELECT pg_catalog.setval('public.django_migrations_id_seq', 43, true);


--
-- Name: django_site_id_seq; Type: SEQUENCE SET; Schema: public; Owner: postgres
--

SELECT pg_catalog.setval('public.django_site_id_seq', 3, true);


--
-- Name: socialaccount_socialaccount_id_seq; Type: SEQUENCE SET; Schema: public; Owner: postgres
--

SELECT pg_catalog.setval('public.socialaccount_socialaccount_id_seq', 21, true);


--
-- Name: socialaccount_socialapp_id_seq; Type: SEQUENCE SET; Schema: public; Owner: postgres
--

SELECT pg_catalog.setval('public.socialaccount_socialapp_id_seq', 1, true);


--
-- Name: socialaccount_socialapp_sites_id_seq; Type: SEQUENCE SET; Schema: public; Owner: postgres
--

SELECT pg_catalog.setval('public.socialaccount_socialapp_sites_id_seq', 3, true);


--
-- Name: socialaccount_socialtoken_id_seq; Type: SEQUENCE SET; Schema: public; Owner: postgres
--

SELECT pg_catalog.setval('public.socialaccount_socialtoken_id_seq', 21, true);


--
-- Name: account_emailaddress account_emailaddress_email_key; Type: CONSTRAINT; Schema: public; Owner: postgres
--

ALTER TABLE ONLY public.account_emailaddress
    ADD CONSTRAINT account_emailaddress_email_key UNIQUE (email);


--
-- Name: account_emailaddress account_emailaddress_pkey; Type: CONSTRAINT; Schema: public; Owner: postgres
--

ALTER TABLE ONLY public.account_emailaddress
    ADD CONSTRAINT account_emailaddress_pkey PRIMARY KEY (id);


--
-- Name: account_emailconfirmation account_emailconfirmation_key_key; Type: CONSTRAINT; Schema: public; Owner: postgres
--

ALTER TABLE ONLY public.account_emailconfirmation
    ADD CONSTRAINT account_emailconfirmation_key_key UNIQUE (key);


--
-- Name: account_emailconfirmation account_emailconfirmation_pkey; Type: CONSTRAINT; Schema: public; Owner: postgres
--

ALTER TABLE ONLY public.account_emailconfirmation
    ADD CONSTRAINT account_emailconfirmation_pkey PRIMARY KEY (id);


--
-- Name: auth_group auth_group_name_key; Type: CONSTRAINT; Schema: public; Owner: postgres
--

ALTER TABLE ONLY public.auth_group
    ADD CONSTRAINT auth_group_name_key UNIQUE (name);


--
-- Name: auth_group_permissions auth_group_permissions_group_id_permission_id_0cd325b0_uniq; Type: CONSTRAINT; Schema: public; Owner: postgres
--

ALTER TABLE ONLY public.auth_group_permissions
    ADD CONSTRAINT auth_group_permissions_group_id_permission_id_0cd325b0_uniq UNIQUE (group_id, permission_id);


--
-- Name: auth_group_permissions auth_group_permissions_pkey; Type: CONSTRAINT; Schema: public; Owner: postgres
--

ALTER TABLE ONLY public.auth_group_permissions
    ADD CONSTRAINT auth_group_permissions_pkey PRIMARY KEY (id);


--
-- Name: auth_group auth_group_pkey; Type: CONSTRAINT; Schema: public; Owner: postgres
--

ALTER TABLE ONLY public.auth_group
    ADD CONSTRAINT auth_group_pkey PRIMARY KEY (id);


--
-- Name: auth_permission auth_permission_content_type_id_codename_01ab375a_uniq; Type: CONSTRAINT; Schema: public; Owner: postgres
--

ALTER TABLE ONLY public.auth_permission
    ADD CONSTRAINT auth_permission_content_type_id_codename_01ab375a_uniq UNIQUE (content_type_id, codename);


--
-- Name: auth_permission auth_permission_pkey; Type: CONSTRAINT; Schema: public; Owner: postgres
--

ALTER TABLE ONLY public.auth_permission
    ADD CONSTRAINT auth_permission_pkey PRIMARY KEY (id);


--
-- Name: auth_user_groups auth_user_groups_pkey; Type: CONSTRAINT; Schema: public; Owner: postgres
--

ALTER TABLE ONLY public.auth_user_groups
    ADD CONSTRAINT auth_user_groups_pkey PRIMARY KEY (id);


--
-- Name: auth_user_groups auth_user_groups_user_id_group_id_94350c0c_uniq; Type: CONSTRAINT; Schema: public; Owner: postgres
--

ALTER TABLE ONLY public.auth_user_groups
    ADD CONSTRAINT auth_user_groups_user_id_group_id_94350c0c_uniq UNIQUE (user_id, group_id);


--
-- Name: auth_user auth_user_pkey; Type: CONSTRAINT; Schema: public; Owner: postgres
--

ALTER TABLE ONLY public.auth_user
    ADD CONSTRAINT auth_user_pkey PRIMARY KEY (id);


--
-- Name: auth_user_user_permissions auth_user_user_permissions_pkey; Type: CONSTRAINT; Schema: public; Owner: postgres
--

ALTER TABLE ONLY public.auth_user_user_permissions
    ADD CONSTRAINT auth_user_user_permissions_pkey PRIMARY KEY (id);


--
-- Name: auth_user_user_permissions auth_user_user_permissions_user_id_permission_id_14a6b632_uniq; Type: CONSTRAINT; Schema: public; Owner: postgres
--

ALTER TABLE ONLY public.auth_user_user_permissions
    ADD CONSTRAINT auth_user_user_permissions_user_id_permission_id_14a6b632_uniq UNIQUE (user_id, permission_id);


--
-- Name: auth_user auth_user_username_key; Type: CONSTRAINT; Schema: public; Owner: postgres
--

ALTER TABLE ONLY public.auth_user
    ADD CONSTRAINT auth_user_username_key UNIQUE (username);


--
-- Name: backend_content_metadata backend_content_metadata_content_id_metadata_id_921c561c_uniq; Type: CONSTRAINT; Schema: public; Owner: postgres
--

ALTER TABLE ONLY public.backend_content_metadata
    ADD CONSTRAINT backend_content_metadata_content_id_metadata_id_921c561c_uniq UNIQUE (content_id, metadata_id);


--
-- Name: backend_content_metadata backend_content_metadata_pkey; Type: CONSTRAINT; Schema: public; Owner: postgres
--

ALTER TABLE ONLY public.backend_content_metadata
    ADD CONSTRAINT backend_content_metadata_pkey PRIMARY KEY (id);


--
-- Name: backend_content backend_content_pkey; Type: CONSTRAINT; Schema: public; Owner: postgres
--

ALTER TABLE ONLY public.backend_content
    ADD CONSTRAINT backend_content_pkey PRIMARY KEY (id);


--
-- Name: backend_copyrightpermission backend_copyrightpermission_pkey; Type: CONSTRAINT; Schema: public; Owner: postgres
--

ALTER TABLE ONLY public.backend_copyrightpermission
    ADD CONSTRAINT backend_copyrightpermission_pkey PRIMARY KEY (id);


--
-- Name: backend_metadata backend_metadata_pkey; Type: CONSTRAINT; Schema: public; Owner: postgres
--

ALTER TABLE ONLY public.backend_metadata
    ADD CONSTRAINT backend_metadata_pkey PRIMARY KEY (id);


--
-- Name: backend_metadatatype backend_metadatatype_name_key; Type: CONSTRAINT; Schema: public; Owner: postgres
--

ALTER TABLE ONLY public.backend_metadatatype
    ADD CONSTRAINT backend_metadatatype_name_key UNIQUE (name);


--
-- Name: backend_metadatatype backend_metadatatype_pkey; Type: CONSTRAINT; Schema: public; Owner: postgres
--

ALTER TABLE ONLY public.backend_metadatatype
    ADD CONSTRAINT backend_metadatatype_pkey PRIMARY KEY (id);


--
-- Name: backend_organization backend_organization_pkey; Type: CONSTRAINT; Schema: public; Owner: postgres
--

ALTER TABLE ONLY public.backend_organization
    ADD CONSTRAINT backend_organization_pkey PRIMARY KEY (id);


--
-- Name: backend_profile backend_profile_pkey; Type: CONSTRAINT; Schema: public; Owner: postgres
--

ALTER TABLE ONLY public.backend_profile
    ADD CONSTRAINT backend_profile_pkey PRIMARY KEY (id);


--
-- Name: backend_profile backend_profile_user_id_key; Type: CONSTRAINT; Schema: public; Owner: postgres
--

ALTER TABLE ONLY public.backend_profile
    ADD CONSTRAINT backend_profile_user_id_key UNIQUE (user_id);


--
-- Name: django_admin_log django_admin_log_pkey; Type: CONSTRAINT; Schema: public; Owner: postgres
--

ALTER TABLE ONLY public.django_admin_log
    ADD CONSTRAINT django_admin_log_pkey PRIMARY KEY (id);


--
-- Name: django_content_type django_content_type_app_label_model_76bd3d3b_uniq; Type: CONSTRAINT; Schema: public; Owner: postgres
--

ALTER TABLE ONLY public.django_content_type
    ADD CONSTRAINT django_content_type_app_label_model_76bd3d3b_uniq UNIQUE (app_label, model);


--
-- Name: django_content_type django_content_type_pkey; Type: CONSTRAINT; Schema: public; Owner: postgres
--

ALTER TABLE ONLY public.django_content_type
    ADD CONSTRAINT django_content_type_pkey PRIMARY KEY (id);


--
-- Name: django_migrations django_migrations_pkey; Type: CONSTRAINT; Schema: public; Owner: postgres
--

ALTER TABLE ONLY public.django_migrations
    ADD CONSTRAINT django_migrations_pkey PRIMARY KEY (id);


--
-- Name: django_session django_session_pkey; Type: CONSTRAINT; Schema: public; Owner: postgres
--

ALTER TABLE ONLY public.django_session
    ADD CONSTRAINT django_session_pkey PRIMARY KEY (session_key);


--
-- Name: django_site django_site_domain_a2e37b91_uniq; Type: CONSTRAINT; Schema: public; Owner: postgres
--

ALTER TABLE ONLY public.django_site
    ADD CONSTRAINT django_site_domain_a2e37b91_uniq UNIQUE (domain);


--
-- Name: django_site django_site_pkey; Type: CONSTRAINT; Schema: public; Owner: postgres
--

ALTER TABLE ONLY public.django_site
    ADD CONSTRAINT django_site_pkey PRIMARY KEY (id);


--
-- Name: socialaccount_socialaccount socialaccount_socialaccount_pkey; Type: CONSTRAINT; Schema: public; Owner: postgres
--

ALTER TABLE ONLY public.socialaccount_socialaccount
    ADD CONSTRAINT socialaccount_socialaccount_pkey PRIMARY KEY (id);


--
-- Name: socialaccount_socialaccount socialaccount_socialaccount_provider_uid_fc810c6e_uniq; Type: CONSTRAINT; Schema: public; Owner: postgres
--

ALTER TABLE ONLY public.socialaccount_socialaccount
    ADD CONSTRAINT socialaccount_socialaccount_provider_uid_fc810c6e_uniq UNIQUE (provider, uid);


--
-- Name: socialaccount_socialapp_sites socialaccount_socialapp__socialapp_id_site_id_71a9a768_uniq; Type: CONSTRAINT; Schema: public; Owner: postgres
--

ALTER TABLE ONLY public.socialaccount_socialapp_sites
    ADD CONSTRAINT socialaccount_socialapp__socialapp_id_site_id_71a9a768_uniq UNIQUE (socialapp_id, site_id);


--
-- Name: socialaccount_socialapp socialaccount_socialapp_pkey; Type: CONSTRAINT; Schema: public; Owner: postgres
--

ALTER TABLE ONLY public.socialaccount_socialapp
    ADD CONSTRAINT socialaccount_socialapp_pkey PRIMARY KEY (id);


--
-- Name: socialaccount_socialapp_sites socialaccount_socialapp_sites_pkey; Type: CONSTRAINT; Schema: public; Owner: postgres
--

ALTER TABLE ONLY public.socialaccount_socialapp_sites
    ADD CONSTRAINT socialaccount_socialapp_sites_pkey PRIMARY KEY (id);


--
-- Name: socialaccount_socialtoken socialaccount_socialtoken_app_id_account_id_fca4e0ac_uniq; Type: CONSTRAINT; Schema: public; Owner: postgres
--

ALTER TABLE ONLY public.socialaccount_socialtoken
    ADD CONSTRAINT socialaccount_socialtoken_app_id_account_id_fca4e0ac_uniq UNIQUE (app_id, account_id);


--
-- Name: socialaccount_socialtoken socialaccount_socialtoken_pkey; Type: CONSTRAINT; Schema: public; Owner: postgres
--

ALTER TABLE ONLY public.socialaccount_socialtoken
    ADD CONSTRAINT socialaccount_socialtoken_pkey PRIMARY KEY (id);


--
-- Name: account_emailaddress_email_03be32b2_like; Type: INDEX; Schema: public; Owner: postgres
--

CREATE INDEX account_emailaddress_email_03be32b2_like ON public.account_emailaddress USING btree (email varchar_pattern_ops);


--
-- Name: account_emailaddress_user_id_2c513194; Type: INDEX; Schema: public; Owner: postgres
--

CREATE INDEX account_emailaddress_user_id_2c513194 ON public.account_emailaddress USING btree (user_id);


--
-- Name: account_emailconfirmation_email_address_id_5b7f8c58; Type: INDEX; Schema: public; Owner: postgres
--

CREATE INDEX account_emailconfirmation_email_address_id_5b7f8c58 ON public.account_emailconfirmation USING btree (email_address_id);


--
-- Name: account_emailconfirmation_key_f43612bd_like; Type: INDEX; Schema: public; Owner: postgres
--

CREATE INDEX account_emailconfirmation_key_f43612bd_like ON public.account_emailconfirmation USING btree (key varchar_pattern_ops);


--
-- Name: auth_group_name_a6ea08ec_like; Type: INDEX; Schema: public; Owner: postgres
--

CREATE INDEX auth_group_name_a6ea08ec_like ON public.auth_group USING btree (name varchar_pattern_ops);


--
-- Name: auth_group_permissions_group_id_b120cbf9; Type: INDEX; Schema: public; Owner: postgres
--

CREATE INDEX auth_group_permissions_group_id_b120cbf9 ON public.auth_group_permissions USING btree (group_id);


--
-- Name: auth_group_permissions_permission_id_84c5c92e; Type: INDEX; Schema: public; Owner: postgres
--

CREATE INDEX auth_group_permissions_permission_id_84c5c92e ON public.auth_group_permissions USING btree (permission_id);


--
-- Name: auth_permission_content_type_id_2f476e4b; Type: INDEX; Schema: public; Owner: postgres
--

CREATE INDEX auth_permission_content_type_id_2f476e4b ON public.auth_permission USING btree (content_type_id);


--
-- Name: auth_user_groups_group_id_97559544; Type: INDEX; Schema: public; Owner: postgres
--

CREATE INDEX auth_user_groups_group_id_97559544 ON public.auth_user_groups USING btree (group_id);


--
-- Name: auth_user_groups_user_id_6a12ed8b; Type: INDEX; Schema: public; Owner: postgres
--

CREATE INDEX auth_user_groups_user_id_6a12ed8b ON public.auth_user_groups USING btree (user_id);


--
-- Name: auth_user_user_permissions_permission_id_1fbb5f2c; Type: INDEX; Schema: public; Owner: postgres
--

CREATE INDEX auth_user_user_permissions_permission_id_1fbb5f2c ON public.auth_user_user_permissions USING btree (permission_id);


--
-- Name: auth_user_user_permissions_user_id_a95ead1b; Type: INDEX; Schema: public; Owner: postgres
--

CREATE INDEX auth_user_user_permissions_user_id_a95ead1b ON public.auth_user_user_permissions USING btree (user_id);


--
-- Name: auth_user_username_6821ab7c_like; Type: INDEX; Schema: public; Owner: postgres
--

CREATE INDEX auth_user_username_6821ab7c_like ON public.auth_user USING btree (username varchar_pattern_ops);


--
-- Name: backend_content_copyright_id_19c5dc11; Type: INDEX; Schema: public; Owner: postgres
--

CREATE INDEX backend_content_copyright_id_19c5dc11 ON public.backend_content USING btree (copyright_id);


--
-- Name: backend_content_created_by_id_5a693622; Type: INDEX; Schema: public; Owner: postgres
--

CREATE INDEX backend_content_created_by_id_5a693622 ON public.backend_content USING btree (created_by_id);


--
-- Name: backend_content_metadata_content_id_399af063; Type: INDEX; Schema: public; Owner: postgres
--

CREATE INDEX backend_content_metadata_content_id_399af063 ON public.backend_content_metadata USING btree (content_id);


--
-- Name: backend_content_metadata_metadata_id_7592ff56; Type: INDEX; Schema: public; Owner: postgres
--

CREATE INDEX backend_content_metadata_metadata_id_7592ff56 ON public.backend_content_metadata USING btree (metadata_id);


--
-- Name: backend_content_reviewed_by_id_6865861f; Type: INDEX; Schema: public; Owner: postgres
--

CREATE INDEX backend_content_reviewed_by_id_6865861f ON public.backend_content USING btree (reviewed_by_id);


--
-- Name: backend_copyrightpermission_organization_id_e25f20b9; Type: INDEX; Schema: public; Owner: postgres
--

CREATE INDEX backend_copyrightpermission_organization_id_e25f20b9 ON public.backend_copyrightpermission USING btree (organization_id);


--
-- Name: backend_copyrightpermission_user_id_1a269afb; Type: INDEX; Schema: public; Owner: postgres
--

CREATE INDEX backend_copyrightpermission_user_id_1a269afb ON public.backend_copyrightpermission USING btree (user_id);


--
-- Name: backend_metadata_type_id_bd3285ef; Type: INDEX; Schema: public; Owner: postgres
--

CREATE INDEX backend_metadata_type_id_bd3285ef ON public.backend_metadata USING btree (type_id);


--
-- Name: backend_metadatatype_name_14f3d792_like; Type: INDEX; Schema: public; Owner: postgres
--

CREATE INDEX backend_metadatatype_name_14f3d792_like ON public.backend_metadatatype USING btree (name varchar_pattern_ops);


--
-- Name: django_admin_log_content_type_id_c4bce8eb; Type: INDEX; Schema: public; Owner: postgres
--

CREATE INDEX django_admin_log_content_type_id_c4bce8eb ON public.django_admin_log USING btree (content_type_id);


--
-- Name: django_admin_log_user_id_c564eba6; Type: INDEX; Schema: public; Owner: postgres
--

CREATE INDEX django_admin_log_user_id_c564eba6 ON public.django_admin_log USING btree (user_id);


--
-- Name: django_session_expire_date_a5c62663; Type: INDEX; Schema: public; Owner: postgres
--

CREATE INDEX django_session_expire_date_a5c62663 ON public.django_session USING btree (expire_date);


--
-- Name: django_session_session_key_c0390e0f_like; Type: INDEX; Schema: public; Owner: postgres
--

CREATE INDEX django_session_session_key_c0390e0f_like ON public.django_session USING btree (session_key varchar_pattern_ops);


--
-- Name: django_site_domain_a2e37b91_like; Type: INDEX; Schema: public; Owner: postgres
--

CREATE INDEX django_site_domain_a2e37b91_like ON public.django_site USING btree (domain varchar_pattern_ops);


--
-- Name: socialaccount_socialaccount_user_id_8146e70c; Type: INDEX; Schema: public; Owner: postgres
--

CREATE INDEX socialaccount_socialaccount_user_id_8146e70c ON public.socialaccount_socialaccount USING btree (user_id);


--
-- Name: socialaccount_socialapp_sites_site_id_2579dee5; Type: INDEX; Schema: public; Owner: postgres
--

CREATE INDEX socialaccount_socialapp_sites_site_id_2579dee5 ON public.socialaccount_socialapp_sites USING btree (site_id);


--
-- Name: socialaccount_socialapp_sites_socialapp_id_97fb6e7d; Type: INDEX; Schema: public; Owner: postgres
--

CREATE INDEX socialaccount_socialapp_sites_socialapp_id_97fb6e7d ON public.socialaccount_socialapp_sites USING btree (socialapp_id);


--
-- Name: socialaccount_socialtoken_account_id_951f210e; Type: INDEX; Schema: public; Owner: postgres
--

CREATE INDEX socialaccount_socialtoken_account_id_951f210e ON public.socialaccount_socialtoken USING btree (account_id);


--
-- Name: socialaccount_socialtoken_app_id_636a42d7; Type: INDEX; Schema: public; Owner: postgres
--

CREATE INDEX socialaccount_socialtoken_app_id_636a42d7 ON public.socialaccount_socialtoken USING btree (app_id);


--
-- Name: account_emailaddress account_emailaddress_user_id_2c513194_fk_auth_user_id; Type: FK CONSTRAINT; Schema: public; Owner: postgres
--

ALTER TABLE ONLY public.account_emailaddress
    ADD CONSTRAINT account_emailaddress_user_id_2c513194_fk_auth_user_id FOREIGN KEY (user_id) REFERENCES public.auth_user(id) DEFERRABLE INITIALLY DEFERRED;


--
-- Name: account_emailconfirmation account_emailconfirm_email_address_id_5b7f8c58_fk_account_e; Type: FK CONSTRAINT; Schema: public; Owner: postgres
--

ALTER TABLE ONLY public.account_emailconfirmation
    ADD CONSTRAINT account_emailconfirm_email_address_id_5b7f8c58_fk_account_e FOREIGN KEY (email_address_id) REFERENCES public.account_emailaddress(id) DEFERRABLE INITIALLY DEFERRED;


--
-- Name: auth_group_permissions auth_group_permissio_permission_id_84c5c92e_fk_auth_perm; Type: FK CONSTRAINT; Schema: public; Owner: postgres
--

ALTER TABLE ONLY public.auth_group_permissions
    ADD CONSTRAINT auth_group_permissio_permission_id_84c5c92e_fk_auth_perm FOREIGN KEY (permission_id) REFERENCES public.auth_permission(id) DEFERRABLE INITIALLY DEFERRED;


--
-- Name: auth_group_permissions auth_group_permissions_group_id_b120cbf9_fk_auth_group_id; Type: FK CONSTRAINT; Schema: public; Owner: postgres
--

ALTER TABLE ONLY public.auth_group_permissions
    ADD CONSTRAINT auth_group_permissions_group_id_b120cbf9_fk_auth_group_id FOREIGN KEY (group_id) REFERENCES public.auth_group(id) DEFERRABLE INITIALLY DEFERRED;


--
-- Name: auth_permission auth_permission_content_type_id_2f476e4b_fk_django_co; Type: FK CONSTRAINT; Schema: public; Owner: postgres
--

ALTER TABLE ONLY public.auth_permission
    ADD CONSTRAINT auth_permission_content_type_id_2f476e4b_fk_django_co FOREIGN KEY (content_type_id) REFERENCES public.django_content_type(id) DEFERRABLE INITIALLY DEFERRED;


--
-- Name: auth_user_groups auth_user_groups_group_id_97559544_fk_auth_group_id; Type: FK CONSTRAINT; Schema: public; Owner: postgres
--

ALTER TABLE ONLY public.auth_user_groups
    ADD CONSTRAINT auth_user_groups_group_id_97559544_fk_auth_group_id FOREIGN KEY (group_id) REFERENCES public.auth_group(id) DEFERRABLE INITIALLY DEFERRED;


--
-- Name: auth_user_groups auth_user_groups_user_id_6a12ed8b_fk_auth_user_id; Type: FK CONSTRAINT; Schema: public; Owner: postgres
--

ALTER TABLE ONLY public.auth_user_groups
    ADD CONSTRAINT auth_user_groups_user_id_6a12ed8b_fk_auth_user_id FOREIGN KEY (user_id) REFERENCES public.auth_user(id) DEFERRABLE INITIALLY DEFERRED;


--
-- Name: auth_user_user_permissions auth_user_user_permi_permission_id_1fbb5f2c_fk_auth_perm; Type: FK CONSTRAINT; Schema: public; Owner: postgres
--

ALTER TABLE ONLY public.auth_user_user_permissions
    ADD CONSTRAINT auth_user_user_permi_permission_id_1fbb5f2c_fk_auth_perm FOREIGN KEY (permission_id) REFERENCES public.auth_permission(id) DEFERRABLE INITIALLY DEFERRED;


--
-- Name: auth_user_user_permissions auth_user_user_permissions_user_id_a95ead1b_fk_auth_user_id; Type: FK CONSTRAINT; Schema: public; Owner: postgres
--

ALTER TABLE ONLY public.auth_user_user_permissions
    ADD CONSTRAINT auth_user_user_permissions_user_id_a95ead1b_fk_auth_user_id FOREIGN KEY (user_id) REFERENCES public.auth_user(id) DEFERRABLE INITIALLY DEFERRED;


--
-- Name: backend_content backend_content_copyright_id_19c5dc11_fk_backend_c; Type: FK CONSTRAINT; Schema: public; Owner: postgres
--

ALTER TABLE ONLY public.backend_content
    ADD CONSTRAINT backend_content_copyright_id_19c5dc11_fk_backend_c FOREIGN KEY (copyright_id) REFERENCES public.backend_copyrightpermission(id) DEFERRABLE INITIALLY DEFERRED;


--
-- Name: backend_content backend_content_created_by_id_5a693622_fk_auth_user_id; Type: FK CONSTRAINT; Schema: public; Owner: postgres
--

ALTER TABLE ONLY public.backend_content
    ADD CONSTRAINT backend_content_created_by_id_5a693622_fk_auth_user_id FOREIGN KEY (created_by_id) REFERENCES public.auth_user(id) DEFERRABLE INITIALLY DEFERRED;


--
-- Name: backend_content_metadata backend_content_meta_content_id_399af063_fk_backend_c; Type: FK CONSTRAINT; Schema: public; Owner: postgres
--

ALTER TABLE ONLY public.backend_content_metadata
    ADD CONSTRAINT backend_content_meta_content_id_399af063_fk_backend_c FOREIGN KEY (content_id) REFERENCES public.backend_content(id) DEFERRABLE INITIALLY DEFERRED;


--
-- Name: backend_content_metadata backend_content_meta_metadata_id_7592ff56_fk_backend_m; Type: FK CONSTRAINT; Schema: public; Owner: postgres
--

ALTER TABLE ONLY public.backend_content_metadata
    ADD CONSTRAINT backend_content_meta_metadata_id_7592ff56_fk_backend_m FOREIGN KEY (metadata_id) REFERENCES public.backend_metadata(id) DEFERRABLE INITIALLY DEFERRED;


--
-- Name: backend_content backend_content_reviewed_by_id_6865861f_fk_auth_user_id; Type: FK CONSTRAINT; Schema: public; Owner: postgres
--

ALTER TABLE ONLY public.backend_content
    ADD CONSTRAINT backend_content_reviewed_by_id_6865861f_fk_auth_user_id FOREIGN KEY (reviewed_by_id) REFERENCES public.auth_user(id) DEFERRABLE INITIALLY DEFERRED;


--
-- Name: backend_copyrightpermission backend_copyrightper_organization_id_e25f20b9_fk_backend_o; Type: FK CONSTRAINT; Schema: public; Owner: postgres
--

ALTER TABLE ONLY public.backend_copyrightpermission
    ADD CONSTRAINT backend_copyrightper_organization_id_e25f20b9_fk_backend_o FOREIGN KEY (organization_id) REFERENCES public.backend_organization(id) DEFERRABLE INITIALLY DEFERRED;


--
-- Name: backend_copyrightpermission backend_copyrightpermission_user_id_1a269afb_fk_auth_user_id; Type: FK CONSTRAINT; Schema: public; Owner: postgres
--

ALTER TABLE ONLY public.backend_copyrightpermission
    ADD CONSTRAINT backend_copyrightpermission_user_id_1a269afb_fk_auth_user_id FOREIGN KEY (user_id) REFERENCES public.auth_user(id) DEFERRABLE INITIALLY DEFERRED;


--
-- Name: backend_metadata backend_metadata_type_id_bd3285ef_fk_backend_metadatatype_id; Type: FK CONSTRAINT; Schema: public; Owner: postgres
--

ALTER TABLE ONLY public.backend_metadata
    ADD CONSTRAINT backend_metadata_type_id_bd3285ef_fk_backend_metadatatype_id FOREIGN KEY (type_id) REFERENCES public.backend_metadatatype(id) DEFERRABLE INITIALLY DEFERRED;


--
-- Name: backend_profile backend_profile_user_id_8fc3ddb6_fk_auth_user_id; Type: FK CONSTRAINT; Schema: public; Owner: postgres
--

ALTER TABLE ONLY public.backend_profile
    ADD CONSTRAINT backend_profile_user_id_8fc3ddb6_fk_auth_user_id FOREIGN KEY (user_id) REFERENCES public.auth_user(id) DEFERRABLE INITIALLY DEFERRED;


--
-- Name: django_admin_log django_admin_log_content_type_id_c4bce8eb_fk_django_co; Type: FK CONSTRAINT; Schema: public; Owner: postgres
--

ALTER TABLE ONLY public.django_admin_log
    ADD CONSTRAINT django_admin_log_content_type_id_c4bce8eb_fk_django_co FOREIGN KEY (content_type_id) REFERENCES public.django_content_type(id) DEFERRABLE INITIALLY DEFERRED;


--
-- Name: django_admin_log django_admin_log_user_id_c564eba6_fk_auth_user_id; Type: FK CONSTRAINT; Schema: public; Owner: postgres
--

ALTER TABLE ONLY public.django_admin_log
    ADD CONSTRAINT django_admin_log_user_id_c564eba6_fk_auth_user_id FOREIGN KEY (user_id) REFERENCES public.auth_user(id) DEFERRABLE INITIALLY DEFERRED;


--
-- Name: socialaccount_socialtoken socialaccount_social_account_id_951f210e_fk_socialacc; Type: FK CONSTRAINT; Schema: public; Owner: postgres
--

ALTER TABLE ONLY public.socialaccount_socialtoken
    ADD CONSTRAINT socialaccount_social_account_id_951f210e_fk_socialacc FOREIGN KEY (account_id) REFERENCES public.socialaccount_socialaccount(id) DEFERRABLE INITIALLY DEFERRED;


--
-- Name: socialaccount_socialtoken socialaccount_social_app_id_636a42d7_fk_socialacc; Type: FK CONSTRAINT; Schema: public; Owner: postgres
--

ALTER TABLE ONLY public.socialaccount_socialtoken
    ADD CONSTRAINT socialaccount_social_app_id_636a42d7_fk_socialacc FOREIGN KEY (app_id) REFERENCES public.socialaccount_socialapp(id) DEFERRABLE INITIALLY DEFERRED;


--
-- Name: socialaccount_socialapp_sites socialaccount_social_site_id_2579dee5_fk_django_si; Type: FK CONSTRAINT; Schema: public; Owner: postgres
--

ALTER TABLE ONLY public.socialaccount_socialapp_sites
    ADD CONSTRAINT socialaccount_social_site_id_2579dee5_fk_django_si FOREIGN KEY (site_id) REFERENCES public.django_site(id) DEFERRABLE INITIALLY DEFERRED;


--
-- Name: socialaccount_socialapp_sites socialaccount_social_socialapp_id_97fb6e7d_fk_socialacc; Type: FK CONSTRAINT; Schema: public; Owner: postgres
--

ALTER TABLE ONLY public.socialaccount_socialapp_sites
    ADD CONSTRAINT socialaccount_social_socialapp_id_97fb6e7d_fk_socialacc FOREIGN KEY (socialapp_id) REFERENCES public.socialaccount_socialapp(id) DEFERRABLE INITIALLY DEFERRED;


--
-- Name: socialaccount_socialaccount socialaccount_socialaccount_user_id_8146e70c_fk_auth_user_id; Type: FK CONSTRAINT; Schema: public; Owner: postgres
--

ALTER TABLE ONLY public.socialaccount_socialaccount
    ADD CONSTRAINT socialaccount_socialaccount_user_id_8146e70c_fk_auth_user_id FOREIGN KEY (user_id) REFERENCES public.auth_user(id) DEFERRABLE INITIALLY DEFERRED;


--
-- PostgreSQL database dump complete
--

